id,fecha_documento,periodo,detalle,importe_total,tipo_egreso,medio_pago,estado_pago,origen,estado_control,rubro_id,proveedor_id,tipo_documento,numero_documento,moneda,es_intercompany,observaciones,llave_dedup
70ecd356-54d4-408e-a23f-1bd3d023bd11,2026-01-01,2026-01,Gastos bancarios 01/2026,65000.0,,Débito Automático,Estimado,matriz_historica,revisar,c79a1013-b175-4b93-ba18-e69908201cee,00973821-e775-4164-8183-22f645d4aad6,Gasto sin comprobante,,ARS,f,"Falta: empresa, subrubro, centro_costo, tipo_egreso | Requiere revisión manual para gestión.",20260101|AI BLOCK TECHNOLOGIES SRL|GASTO SIN COMPROBANTE|65000.00
32056d8c-196a-4963-857e-7351a8463d7d,2026-01-01,2026-01,Gastos bancarios 01/2026,65000.0,,Débito Automático,Estimado,matriz_historica,revisar,c79a1013-b175-4b93-ba18-e69908201cee,5d1b320a-cfc6-491b-bccf-cb4ee397b256,Gasto sin comprobante,,ARS,f,"Falta: empresa, subrubro, centro_costo, tipo_egreso | Requiere revisión manual para gestión.",20260101|AKAI SA|GASTO SIN COMPROBANTE|65.000
6494ea9f-0e96-4f50-9c7b-5636a7dfcfa4,2026-01-01,2026-01,Poliza vida colectivo,7713.0,,Débito Automático,Estimado,matriz_historica,revisar,3afe9fbe-11f8-43b3-b28e-a6ae0aff1093,2d1f2a4e-e4f8-4327-9230-7ee2cc10e352,Gasto sin comprobante,,ARS,f,"Falta: empresa, subrubro, centro_costo, tipo_egreso | Gasto operativo mensual.",20260101|ARGENGRAFT SRL|GASTO SIN COMPROBANTE|7.713
42063154-d79f-4d02-9733-d4c20f01bc49,2026-01-01,2026-01,Gastos bancarios 01/2026,65000.0,,Débito Automático,Estimado,matriz_historica,revisar,c79a1013-b175-4b93-ba18-e69908201cee,2d1f2a4e-e4f8-4327-9230-7ee2cc10e352,Gasto sin comprobante,,ARS,f,"Falta: empresa, subrubro, centro_costo, tipo_egreso | Requiere revisión manual para gestión.",20260101|ARGENGRAFT SRL|GASTO SIN COMPROBANTE|65.000
c7d48623-adbe-4e5d-be97-965dabab6b61,2026-01-01,2026-01,Gastos bancarios 01/2026,65000.0,,Débito Automático,Estimado,matriz_historica,revisar,c79a1013-b175-4b93-ba18-e69908201cee,ae87331f-e6ad-4dc6-ac13-8affd74e6018,Gasto sin comprobante,,ARS,f,"Falta: empresa, subrubro, centro_costo, tipo_egreso | Requiere revisión manual para gestión.",20260101|CAPITAL ASSISTANCE SA|GASTO SIN COMPROBANTE|65.000
65df1c1b-b3f4-412e-9470-f8923085552a,2026-01-01,2026-01,Gastos bancarios 01/2026,65000.0,,Débito Automático,Estimado,matriz_historica,revisar,c79a1013-b175-4b93-ba18-e69908201cee,67fac871-99ff-4c10-8001-fe2a398c1763,Gasto sin comprobante,,ARS,f,"Falta: empresa, subrubro, centro_costo, tipo_egreso | Requiere revisión manual para gestión.",20260101|ENVECO SRL|GASTO SIN COMPROBANTE|65.000
ea5bbe3f-b58d-4d71-aaef-41e7fe099c7d,2026-01-01,2026-01,Gastos bancarios 01/2026,65000.0,,Débito Automático,Estimado,matriz_historica,revisar,c79a1013-b175-4b93-ba18-e69908201cee,8160b26b-70a5-45df-b09f-98f2365f7b61,Gasto sin comprobante,,ARS,f,"Falta: empresa, subrubro, centro_costo, tipo_egreso | Requiere revisión manual para gestión.",20260101|FIBER UP SA|GASTO SIN COMPROBANTE|65.000
403a2eb0-68fd-4c6d-bb18-612e0a2b7837,2026-01-01,2026-01,Gastos bancarios 01/2026,65000.0,,Débito Automático,Estimado,matriz_historica,revisar,c79a1013-b175-4b93-ba18-e69908201cee,d3df491b-f0f2-4b79-a73f-36fda5f2bba7,Gasto sin comprobante,,ARS,f,"Falta: empresa, subrubro, centro_costo, tipo_egreso | Requiere revisión manual para gestión.",20260101|LA EXPRESION SRL|GASTO SIN COMPROBANTE|65.000
8b5fe28b-359c-495f-9425-13f22822686f,2026-01-01,2026-01,Gastos bancarios 01/2026,65000.0,,Débito Automático,Estimado,matriz_historica,revisar,c79a1013-b175-4b93-ba18-e69908201cee,d8bc0e6a-dee3-49cc-ab4a-6841af77c205,Gasto sin comprobante,,ARS,f,"Falta: empresa, subrubro, centro_costo, tipo_egreso | Requiere revisión manual para gestión.",20260101|LSJ SRL|GASTO SIN COMPROBANTE|65.000
effaa7b2-ff4d-4ee6-bb8a-e129f25f128d,2026-01-01,2026-01,Gastos bancarios 01/2026,65000.0,,Débito Automático,Estimado,matriz_historica,revisar,c79a1013-b175-4b93-ba18-e69908201cee,a3831295-0538-40ff-b912-e8cc361d16fc,Gasto sin comprobante,,ARS,f,"Falta: empresa, subrubro, centro_costo, tipo_egreso | Requiere revisión manual para gestión.",20260101|MORA CERO SA|GASTO SIN COMPROBANTE|65.000
8e76c269-d462-4eab-afec-3a361622e401,2026-01-01,2026-01,Gastos bancarios 01/2026,65000.0,,Débito Automático,Estimado,matriz_historica,revisar,c79a1013-b175-4b93-ba18-e69908201cee,0a184561-fd10-43ac-9fab-2d691a0ab10a,Gasto sin comprobante,,ARS,f,"Falta: empresa, subrubro, centro_costo, tipo_egreso | Requiere revisión manual para gestión.",20260101|PERMAWE SRL|GASTO SIN COMPROBANTE|65.000
bc89a237-aa91-4e51-a6c5-a758eef71fa9,2026-01-01,2026-01,Gastos bancarios 01/2026,65000.0,,Débito Automático,Estimado,matriz_historica,revisar,c79a1013-b175-4b93-ba18-e69908201cee,ca6aa897-f6de-4ef0-aaaf-03b48d6707b4,Gasto sin comprobante,,ARS,f,"Falta: empresa, subrubro, centro_costo, tipo_egreso | Requiere revisión manual para gestión.",20260101|SINAPSIS CONNECT SRL|GASTO SIN COMPROBANTE|65.000
7e79a96c-506e-4c76-a463-9f2189c34d94,2026-01-01,2026-01,Gastos bancarios 01/2026,65000.0,,Débito Automático,Estimado,matriz_historica,revisar,c79a1013-b175-4b93-ba18-e69908201cee,169b39f8-5b5d-4ca9-8480-43acc4095b49,Gasto sin comprobante,,ARS,f,"Falta: empresa, subrubro, centro_costo, tipo_egreso | Requiere revisión manual para gestión.",20260101|SINDEL GROUP SRL|GASTO SIN COMPROBANTE|65.000
c03203a7-37ab-4222-bb57-a931858c5369,2026-01-01,2026-01,Gastos bancarios 01/2026,65000.0,,Débito Automático,Estimado,matriz_historica,revisar,c79a1013-b175-4b93-ba18-e69908201cee,412f3f61-3312-4bb0-ae19-e3b789145d6c,Gasto sin comprobante,,ARS,f,"Falta: empresa, subrubro, centro_costo, tipo_egreso | Requiere revisión manual para gestión.",20260101|TOOLS SOLUTION SA|GASTO SIN COMPROBANTE|65.000
9798531e-61fd-428b-8b61-e60b16f1f4cd,2026-01-01,2026-01,Gastos bancarios 01/2026,65000.0,,Débito Automático,Estimado,matriz_historica,revisar,c79a1013-b175-4b93-ba18-e69908201cee,d5d2b619-687e-46f2-b516-f2b3ac4d0301,Gasto sin comprobante,,ARS,f,"Falta: empresa, subrubro, centro_costo, tipo_egreso | Requiere revisión manual para gestión.",20260101|ZELED SA|GASTO SIN COMPROBANTE|65.000
0e55a0b9-4554-4948-8b74-e4447724b396,2026-01-02,2026-01,Sueldo 2da Quincena 12/2025 (Recibo) - Cordoba Mauro,437035.46,,Transferencia Bancaria,Estimado,matriz_historica,revisar,3afe9fbe-11f8-43b3-b28e-a6ae0aff1093,00973821-e775-4164-8183-22f645d4aad6,Gasto sin comprobante,,ARS,f,"Falta: empresa, subrubro, centro_costo, tipo_egreso | Gasto operativo mensual.",20260102|AI BLOCK TECHNOLOGIES SRL|GASTO SIN COMPROBANTE|437.035
3e92e4db-3de4-4232-a838-d62c1f8ef969,2026-01-02,2026-01,Sueldo 2da Quincena 12/2025 (Recibo) - Nahuel Insaurralde,437035.46,,Transferencia Bancaria,Estimado,matriz_historica,revisar,3afe9fbe-11f8-43b3-b28e-a6ae0aff1093,00973821-e775-4164-8183-22f645d4aad6,Gasto sin comprobante,,ARS,f,"Falta: empresa, subrubro, centro_costo, tipo_egreso | Gasto operativo mensual.",20260102|AI BLOCK TECHNOLOGIES SRL|GASTO SIN COMPROBANTE|437.035
2efa6cda-eb95-4753-a92c-c49069781256,2026-01-02,2026-01,Sueldo 2da Quincena 12/2025 (Recibo)- Gramajo Mauro,437035.46,,Transferencia Bancaria,Estimado,matriz_historica,revisar,3afe9fbe-11f8-43b3-b28e-a6ae0aff1093,00973821-e775-4164-8183-22f645d4aad6,Gasto sin comprobante,,ARS,f,"Falta: empresa, subrubro, centro_costo, tipo_egreso | Gasto operativo mensual.",20260102|AI BLOCK TECHNOLOGIES SRL|GASTO SIN COMPROBANTE|437.035
89ae38d9-5142-4bd9-82bd-c7e963297427,2026-01-02,2026-01,Sueldo 2da Quincena 12/2025 (Recibo) - Maldonado Rodolfo,462062.66,,Transferencia Bancaria,Estimado,matriz_historica,revisar,3afe9fbe-11f8-43b3-b28e-a6ae0aff1093,00973821-e775-4164-8183-22f645d4aad6,Gasto sin comprobante,,ARS,f,"Falta: empresa, subrubro, centro_costo, tipo_egreso | Gasto operativo mensual.",20260102|AI BLOCK TECHNOLOGIES SRL|GASTO SIN COMPROBANTE|462.063
0fabcde7-e9cc-454f-a030-c009dd59a927,2026-01-02,2026-01,Sueldo 2da Quincena 12/2025 (Recibo) - Monzon Hugo,511923.46,,Transferencia Bancaria,Estimado,matriz_historica,revisar,3afe9fbe-11f8-43b3-b28e-a6ae0aff1093,00973821-e775-4164-8183-22f645d4aad6,Gasto sin comprobante,,ARS,f,"Falta: empresa, subrubro, centro_costo, tipo_egreso | Gasto operativo mensual.",20260102|AI BLOCK TECHNOLOGIES SRL|GASTO SIN COMPROBANTE|511.923
e4e1f375-bca5-400a-bb56-508e4c1661c8,2026-01-02,2026-01,Sueldo 2da Quincena 12/2025 (Recibo) - Gallo Gonzalo,512662.66,,Transferencia Bancaria,Estimado,matriz_historica,revisar,3afe9fbe-11f8-43b3-b28e-a6ae0aff1093,00973821-e775-4164-8183-22f645d4aad6,Gasto sin comprobante,,ARS,f,"Falta: empresa, subrubro, centro_costo, tipo_egreso | Gasto operativo mensual.",20260102|AI BLOCK TECHNOLOGIES SRL|GASTO SIN COMPROBANTE|512.663
c8c9101e-c7e1-4823-9b2e-7b2502e599dd,2026-01-02,2026-01,Sueldo 2da Quincena 12/2025 (Recibo) - Oliva Matias,512662.66,,Transferencia Bancaria,Estimado,matriz_historica,revisar,3afe9fbe-11f8-43b3-b28e-a6ae0aff1093,00973821-e775-4164-8183-22f645d4aad6,Gasto sin comprobante,,ARS,f,"Falta: empresa, subrubro, centro_costo, tipo_egreso | Gasto operativo mensual.",20260102|AI BLOCK TECHNOLOGIES SRL|GASTO SIN COMPROBANTE|512.663
0d4d4a97-0ebb-4e58-be05-15bea0c301d1,2026-01-02,2026-01,Sueldos 12/2025 Chaju Gabriel (Recibo),1113199.0,,Transferencia Bancaria,Estimado,matriz_historica,revisar,3afe9fbe-11f8-43b3-b28e-a6ae0aff1093,5d1b320a-cfc6-491b-bccf-cb4ee397b256,Gasto sin comprobante,,ARS,f,"Falta: empresa, subrubro, centro_costo, tipo_egreso | Gasto operativo mensual.",20260102|AKAI SA|GASTO SIN COMPROBANTE|1.113.199
4baa9544-b90b-48c2-826d-0f351ff993e5,2026-01-02,2026-01,Sueldos 12/2025 Piermartini (Recibo),1900872.0,,Transferencia Bancaria,Estimado,matriz_historica,revisar,3afe9fbe-11f8-43b3-b28e-a6ae0aff1093,5d1b320a-cfc6-491b-bccf-cb4ee397b256,Gasto sin comprobante,,ARS,f,"Falta: empresa, subrubro, centro_costo, tipo_egreso | Gasto operativo mensual.",20260102|AKAI SA|GASTO SIN COMPROBANTE|1.900.872
da85a84b-c276-4398-9a08-493dd9ed9b8a,2026-01-02,2026-01,Sueldo 12/2025 (Diferencial) - Piermartini Fernando,3099200.0,,Efectivo,Estimado,matriz_historica,revisar,3afe9fbe-11f8-43b3-b28e-a6ae0aff1093,5d1b320a-cfc6-491b-bccf-cb4ee397b256,Gasto sin comprobante,,ARS,f,"Falta: empresa, subrubro, centro_costo, tipo_egreso | Gasto operativo mensual.",20260102|AKAI SA|GASTO SIN COMPROBANTE|3.099.200
a6b8ae20-2e1e-4cdb-baec-7e4ddd3e385f,2026-01-02,2026-01,Sueldo 12/2025 (Recibo) - Bernardis Maximiliano,549707.15,,Transferencia Bancaria,Estimado,matriz_historica,revisar,3afe9fbe-11f8-43b3-b28e-a6ae0aff1093,2d1f2a4e-e4f8-4327-9230-7ee2cc10e352,Gasto sin comprobante,,ARS,f,"Falta: empresa, subrubro, centro_costo, tipo_egreso | Gasto operativo mensual.",20260102|ARGENGRAFT SRL|GASTO SIN COMPROBANTE|549.707
0198db54-d9e7-47bf-a28a-046164166b76,2026-01-02,2026-01,Sueldo 12/2025 (Recibo) - Araujo Sergio,602836.35,,Transferencia Bancaria,Estimado,matriz_historica,revisar,3afe9fbe-11f8-43b3-b28e-a6ae0aff1093,2d1f2a4e-e4f8-4327-9230-7ee2cc10e352,Gasto sin comprobante,,ARS,f,"Falta: empresa, subrubro, centro_costo, tipo_egreso | Gasto operativo mensual.",20260102|ARGENGRAFT SRL|GASTO SIN COMPROBANTE|602.836
172fde0b-4d46-4c2e-aefa-787013e8b9c8,2026-01-02,2026-01,Poliza Capitan sarmiento incendio,35614.55,,Débito Automático,Estimado,matriz_historica,revisar,c79a1013-b175-4b93-ba18-e69908201cee,ae87331f-e6ad-4dc6-ac13-8affd74e6018,Gasto sin comprobante,,ARS,f,"Falta: empresa, subrubro, centro_costo, tipo_egreso | Requiere revisión manual para gestión.",20260102|CAPITAL ASSISTANCE SA|GASTO SIN COMPROBANTE|35.615
9663406d-95b8-4105-8b57-80dae8382f2a,2026-01-02,2026-01,Sueldo 12/2025 (Diferencial) - Hernandez Salazar Anais,384700.0,,Efectivo,Estimado,matriz_historica,revisar,3afe9fbe-11f8-43b3-b28e-a6ae0aff1093,8160b26b-70a5-45df-b09f-98f2365f7b61,Gasto sin comprobante,,ARS,f,"Falta: empresa, subrubro, centro_costo, tipo_egreso | Gasto operativo mensual.",20260102|FIBER UP SA|GASTO SIN COMPROBANTE|384.700
14f6c6f2-d4f6-40e1-b9fe-572676a00a44,2026-01-02,2026-01,Pago Sueldo 12/2025 (Recibo) - Hernandez Salazar Anais,483144.82,,Transferencia Bancaria,Estimado,matriz_historica,revisar,3afe9fbe-11f8-43b3-b28e-a6ae0aff1093,8160b26b-70a5-45df-b09f-98f2365f7b61,Gasto sin comprobante,,ARS,f,"Falta: empresa, subrubro, centro_costo, tipo_egreso | Gasto operativo mensual.",20260102|FIBER UP SA|GASTO SIN COMPROBANTE|483.145
903de4e3-70de-4f1e-af9f-b6ee8bbffd53,2026-01-02,2026-01,Pago Sueldo 12/2025 (Recibo) - Acevedo Raul,622057.64,,Transferencia Bancaria,Estimado,matriz_historica,revisar,3afe9fbe-11f8-43b3-b28e-a6ae0aff1093,8160b26b-70a5-45df-b09f-98f2365f7b61,Gasto sin comprobante,,ARS,f,"Falta: empresa, subrubro, centro_costo, tipo_egreso | Gasto operativo mensual.",20260102|FIBER UP SA|GASTO SIN COMPROBANTE|622.058
fab2695d-ca4a-4ea8-b9f1-6fc43d1f234c,2026-01-02,2026-01,Pago Sueldo 12/2025 (Recibo) - Sanchez Agustin,622057.64,,Transferencia Bancaria,Estimado,matriz_historica,revisar,3afe9fbe-11f8-43b3-b28e-a6ae0aff1093,8160b26b-70a5-45df-b09f-98f2365f7b61,Gasto sin comprobante,,ARS,f,"Falta: empresa, subrubro, centro_costo, tipo_egreso | Gasto operativo mensual.",20260102|FIBER UP SA|GASTO SIN COMPROBANTE|622.058
5024cb37-67f6-43bd-aaf0-a30fe6700fa8,2026-01-02,2026-01,Pago Sueldo 12/2025 (Recibo) - Grimalde Lucas,606227.64,,Transferencia Bancaria,Estimado,matriz_historica,revisar,3afe9fbe-11f8-43b3-b28e-a6ae0aff1093,a3831295-0538-40ff-b912-e8cc361d16fc,Gasto sin comprobante,,ARS,f,"Falta: empresa, subrubro, centro_costo, tipo_egreso | Gasto operativo mensual.",20260102|MORA CERO SA|GASTO SIN COMPROBANTE|606.228
461802e8-0443-4dd5-aa2c-543f9101794e,2026-01-02,2026-01,Sueldo 12/2025 (Diferencial) - Sucheyre Delfina,631000.0,,Efectivo,Estimado,matriz_historica,revisar,3afe9fbe-11f8-43b3-b28e-a6ae0aff1093,a3831295-0538-40ff-b912-e8cc361d16fc,Gasto sin comprobante,,ARS,f,"Falta: empresa, subrubro, centro_costo, tipo_egreso | Gasto operativo mensual.",20260102|MORA CERO SA|GASTO SIN COMPROBANTE|631.000
6a8d7aa8-73f7-4f97-b8a5-ae0140ff9114,2026-01-02,2026-01,Pago Sueldo 12/2025 (Recibo)- Sucheyre Delfina,757802.04,,Transferencia Bancaria,Estimado,matriz_historica,revisar,3afe9fbe-11f8-43b3-b28e-a6ae0aff1093,a3831295-0538-40ff-b912-e8cc361d16fc,Gasto sin comprobante,,ARS,f,"Falta: empresa, subrubro, centro_costo, tipo_egreso | Gasto operativo mensual.",20260102|MORA CERO SA|GASTO SIN COMPROBANTE|757.802
34435926-26e7-42c1-a74e-4e5fc6c42776,2026-01-02,2026-01,Gastos Parquero Local exterior - Capitan Sarmiento,8000.0,,Efectivo,Estimado,matriz_historica,revisar,c79a1013-b175-4b93-ba18-e69908201cee,2c118e4e-3848-4b55-8b25-ac23a8846c7f,Gasto sin comprobante,,ARS,f,"Falta: empresa, subrubro, centro_costo, tipo_egreso | Requiere revisión manual para gestión.",20260102|NETSHARING SA|GASTO SIN COMPROBANTE|8.000
73f5a472-2212-4566-806e-532219540845,2026-01-02,2026-01,Combustible Autos - Capitan Sarmiento - KUJ-458,40001.0,,Efectivo,Estimado,matriz_historica,revisar,f457200b-42b2-4dd7-8d1e-7912fd4592e3,2c118e4e-3848-4b55-8b25-ac23a8846c7f,Gasto sin comprobante,,ARS,f,"Falta: empresa, subrubro, centro_costo, tipo_egreso | Requiere revisión manual para gestión.",20260102|NETSHARING SA|GASTO SIN COMPROBANTE|40.001
670a22f8-08d5-436f-9959-3f9634c633c1,2026-01-02,2026-01,Plus Vacacional (Recibo) - Camila Vega,45249.0,,Efectivo,Estimado,matriz_historica,revisar,3afe9fbe-11f8-43b3-b28e-a6ae0aff1093,2c118e4e-3848-4b55-8b25-ac23a8846c7f,Gasto sin comprobante,,ARS,f,"Falta: empresa, subrubro, centro_costo, tipo_egreso | Gasto operativo mensual.",20260102|NETSHARING SA|GASTO SIN COMPROBANTE|45.249
2b97c444-cc86-4ce2-b7e3-b8dc9bf70126,2026-01-02,2026-01,Plus Vacacional (Diferencial) - Camila Vega,58400.0,,Efectivo,Estimado,matriz_historica,revisar,3afe9fbe-11f8-43b3-b28e-a6ae0aff1093,2c118e4e-3848-4b55-8b25-ac23a8846c7f,Gasto sin comprobante,,ARS,f,"Falta: empresa, subrubro, centro_costo, tipo_egreso | Gasto operativo mensual.",20260102|NETSHARING SA|GASTO SIN COMPROBANTE|58.400
29010bbf-961e-4b31-8c93-4775a4a609f6,2026-01-02,2026-01,Com. Ventas Mensuales Capitan Sarmiento 12/2025 (estimado),160500.0,,Efectivo,Estimado,matriz_historica,revisar,6f678363-205a-4081-ae32-2d2a8999f5e2,2c118e4e-3848-4b55-8b25-ac23a8846c7f,Gasto sin comprobante,,ARS,f,"Falta: empresa, subrubro, centro_costo, tipo_egreso | Requiere revisión manual para gestión.",20260102|NETSHARING SA|GASTO SIN COMPROBANTE|160.500
aa7d5685-940f-492f-9e8b-a16508047ce7,2026-01-02,2026-01,Radares Logans mensual,184462.77,,Débito Automático,Estimado,matriz_historica,revisar,f457200b-42b2-4dd7-8d1e-7912fd4592e3,2c118e4e-3848-4b55-8b25-ac23a8846c7f,Gasto sin comprobante,,ARS,f,"Falta: empresa, subrubro, centro_costo, tipo_egreso | Requiere revisión manual para gestión.",20260102|NETSHARING SA|GASTO SIN COMPROBANTE|184.463
5698bfa0-50b3-49e2-9b63-8f97af868310,2026-01-02,2026-01,Sueldo 12/2025 (Diferencial) - Camila Vega,200000.0,,Efectivo,Estimado,matriz_historica,revisar,3afe9fbe-11f8-43b3-b28e-a6ae0aff1093,2c118e4e-3848-4b55-8b25-ac23a8846c7f,Gasto sin comprobante,,ARS,f,"Falta: empresa, subrubro, centro_costo, tipo_egreso | Gasto operativo mensual.",20260102|NETSHARING SA|GASTO SIN COMPROBANTE|200.000
e253a4dd-7d40-4528-82c9-b12ddda98355,2026-01-02,2026-01,Sueldo 12/2025 (Proporcional) - Tamara,238400.0,,Efectivo,Estimado,matriz_historica,revisar,3afe9fbe-11f8-43b3-b28e-a6ae0aff1093,2c118e4e-3848-4b55-8b25-ac23a8846c7f,Gasto sin comprobante,,ARS,f,"Falta: empresa, subrubro, centro_costo, tipo_egreso | Gasto operativo mensual.",20260102|NETSHARING SA|GASTO SIN COMPROBANTE|238.400
4f825cce-7928-4b65-8023-aeca4bfc97be,2026-01-02,2026-01,Sueldo 12/2025 (Diferencial) - La Cruz Victor,253700.0,,Efectivo,Estimado,matriz_historica,revisar,3afe9fbe-11f8-43b3-b28e-a6ae0aff1093,2c118e4e-3848-4b55-8b25-ac23a8846c7f,Gasto sin comprobante,,ARS,f,"Falta: empresa, subrubro, centro_costo, tipo_egreso | Gasto operativo mensual.",20260102|NETSHARING SA|GASTO SIN COMPROBANTE|253.700
8843fe52-f07e-4b9f-9292-781b656de858,2026-01-02,2026-01,Sueldo 12/2025 (Diferencial) - Cavicchia Juan Jose,328700.0,,Efectivo,Estimado,matriz_historica,revisar,3afe9fbe-11f8-43b3-b28e-a6ae0aff1093,2c118e4e-3848-4b55-8b25-ac23a8846c7f,Gasto sin comprobante,,ARS,f,"Falta: empresa, subrubro, centro_costo, tipo_egreso | Gasto operativo mensual.",20260102|NETSHARING SA|GASTO SIN COMPROBANTE|328.700
ff7bea1b-1d32-445d-9bc1-16792c021a00,2026-01-02,2026-01,Sueldo 12/2025 (Diferencial) - Fiorante Camila (CS),355000.0,,Efectivo,Estimado,matriz_historica,revisar,3afe9fbe-11f8-43b3-b28e-a6ae0aff1093,2c118e4e-3848-4b55-8b25-ac23a8846c7f,Gasto sin comprobante,,ARS,f,"Falta: empresa, subrubro, centro_costo, tipo_egreso | Gasto operativo mensual.",20260102|NETSHARING SA|GASTO SIN COMPROBANTE|355.000
d5a20b24-32dc-4688-8269-92d804ca6b9d,2026-01-02,2026-01,Com. Ventas quincenales Capitan Sarmiento 12/2025 - Marcelo / Gaspar (2da quincena),450000.0,,Efectivo,Estimado,matriz_historica,revisar,6f678363-205a-4081-ae32-2d2a8999f5e2,2c118e4e-3848-4b55-8b25-ac23a8846c7f,Gasto sin comprobante,,ARS,f,"Falta: empresa, subrubro, centro_costo, tipo_egreso | Requiere revisión manual para gestión.",20260102|NETSHARING SA|GASTO SIN COMPROBANTE|450.000
3f68b83e-9738-4e50-b52a-ec6e289614ce,2026-01-02,2026-01,Sueldo 12/2025 (Recibo) - Gomez Camila Ayelen,484700.27,,Transferencia Bancaria,Estimado,matriz_historica,revisar,3afe9fbe-11f8-43b3-b28e-a6ae0aff1093,2c118e4e-3848-4b55-8b25-ac23a8846c7f,Gasto sin comprobante,,ARS,f,"Falta: empresa, subrubro, centro_costo, tipo_egreso | Gasto operativo mensual.",20260102|NETSHARING SA|GASTO SIN COMPROBANTE|484.700
b3c67f6c-252d-4548-a675-a9ef0d80fbed,2026-01-02,2026-01,Sueldo 12/2025 (Recibo) - Vega Camila,484700.27,,Transferencia Bancaria,Estimado,matriz_historica,revisar,3afe9fbe-11f8-43b3-b28e-a6ae0aff1093,2c118e4e-3848-4b55-8b25-ac23a8846c7f,Gasto sin comprobante,,ARS,f,"Falta: empresa, subrubro, centro_costo, tipo_egreso | Gasto operativo mensual.",20260102|NETSHARING SA|GASTO SIN COMPROBANTE|484.700
b71902ab-ac27-4bdb-907d-4833bf7fc508,2026-01-02,2026-01,Sueldo 12/2025 (Recibo) - Quipildor Aylen,484800.27,,Transferencia Bancaria,Estimado,matriz_historica,revisar,3afe9fbe-11f8-43b3-b28e-a6ae0aff1093,2c118e4e-3848-4b55-8b25-ac23a8846c7f,Gasto sin comprobante,,ARS,f,"Falta: empresa, subrubro, centro_costo, tipo_egreso | Gasto operativo mensual.",20260102|NETSHARING SA|GASTO SIN COMPROBANTE|484.800
733c969f-6067-4ee7-b486-aabcc1428da5,2026-01-02,2026-01,Sueldo 12/2025 (Recibo) - Cavicchia Juan Jose,521027.81,,Transferencia Bancaria,Estimado,matriz_historica,revisar,3afe9fbe-11f8-43b3-b28e-a6ae0aff1093,2c118e4e-3848-4b55-8b25-ac23a8846c7f,Gasto sin comprobante,,ARS,f,"Falta: empresa, subrubro, centro_costo, tipo_egreso | Gasto operativo mensual.",20260102|NETSHARING SA|GASTO SIN COMPROBANTE|521.028
7b04536e-2e83-40e1-a5d2-3b2be567e088,2026-01-02,2026-01,Sueldo 12/2025 (Recibo) - La Cruz Victor,521027.81,,Transferencia Bancaria,Estimado,matriz_historica,revisar,3afe9fbe-11f8-43b3-b28e-a6ae0aff1093,2c118e4e-3848-4b55-8b25-ac23a8846c7f,Gasto sin comprobante,,ARS,f,"Falta: empresa, subrubro, centro_costo, tipo_egreso | Gasto operativo mensual.",20260102|NETSHARING SA|GASTO SIN COMPROBANTE|521.028
3b2372b3-4436-4f29-9c5e-f85bd2f336d0,2026-01-02,2026-01,Sueldo 12/2025 (Recibo) - Benitez Alejandro,589148.91,,Transferencia Bancaria,Estimado,matriz_historica,revisar,3afe9fbe-11f8-43b3-b28e-a6ae0aff1093,2c118e4e-3848-4b55-8b25-ac23a8846c7f,Gasto sin comprobante,,ARS,f,"Falta: empresa, subrubro, centro_costo, tipo_egreso | Gasto operativo mensual.",20260102|NETSHARING SA|GASTO SIN COMPROBANTE|589.149
389fc452-bcbb-482b-9360-25c82de3cc6e,2026-01-02,2026-01,Sueldo 12/2025 (Diferencial) - Carballo Ariel,657500.0,,Efectivo,Estimado,matriz_historica,revisar,3afe9fbe-11f8-43b3-b28e-a6ae0aff1093,2c118e4e-3848-4b55-8b25-ac23a8846c7f,Gasto sin comprobante,,ARS,f,"Falta: empresa, subrubro, centro_costo, tipo_egreso | Gasto operativo mensual.",20260102|NETSHARING SA|GASTO SIN COMPROBANTE|657.500
4495a250-3fa6-4598-ae5a-56ea34dc4bd3,2026-01-02,2026-01,Sueldo 12/2025 (Diferencial) - Quipildor Aylen,676800.0,,Efectivo,Estimado,matriz_historica,revisar,3afe9fbe-11f8-43b3-b28e-a6ae0aff1093,2c118e4e-3848-4b55-8b25-ac23a8846c7f,Gasto sin comprobante,,ARS,f,"Falta: empresa, subrubro, centro_costo, tipo_egreso | Gasto operativo mensual.",20260102|NETSHARING SA|GASTO SIN COMPROBANTE|676.800
cc5c53b3-300a-497a-bd1a-2803d0d736e5,2026-01-02,2026-01,Sueldo 12/2025 (Recibo) - Fiorante Camila,735383.07,,Transferencia Bancaria,Estimado,matriz_historica,revisar,3afe9fbe-11f8-43b3-b28e-a6ae0aff1093,2c118e4e-3848-4b55-8b25-ac23a8846c7f,Gasto sin comprobante,,ARS,f,"Falta: empresa, subrubro, centro_costo, tipo_egreso | Gasto operativo mensual.",20260102|NETSHARING SA|GASTO SIN COMPROBANTE|735.383
357a9857-5a15-4ece-9760-a7968865d22a,2026-01-02,2026-01,Sueldo 12/2025 - Alfredo Bockl,749000.0,,Efectivo,Estimado,matriz_historica,revisar,3afe9fbe-11f8-43b3-b28e-a6ae0aff1093,2c118e4e-3848-4b55-8b25-ac23a8846c7f,Gasto sin comprobante,,ARS,f,"Falta: empresa, subrubro, centro_costo, tipo_egreso | Gasto operativo mensual.",20260102|NETSHARING SA|GASTO SIN COMPROBANTE|749.000
66620734-d284-4115-995d-23698153d333,2026-01-02,2026-01,Sueldo 12/2025 (Recibo) - Carballo Ariel,756566.14,,Transferencia Bancaria,Estimado,matriz_historica,revisar,3afe9fbe-11f8-43b3-b28e-a6ae0aff1093,2c118e4e-3848-4b55-8b25-ac23a8846c7f,Gasto sin comprobante,,ARS,f,"Falta: empresa, subrubro, centro_costo, tipo_egreso | Gasto operativo mensual.",20260102|NETSHARING SA|GASTO SIN COMPROBANTE|756.566
cdaeeac8-4f76-4e6c-83ae-6142f8422d5a,2026-01-02,2026-01,Sueldo 12/2025 (Diferencial) - Benitez Alejandro (CS),759400.0,,Efectivo,Estimado,matriz_historica,revisar,3afe9fbe-11f8-43b3-b28e-a6ae0aff1093,2c118e4e-3848-4b55-8b25-ac23a8846c7f,Gasto sin comprobante,,ARS,f,"Falta: empresa, subrubro, centro_costo, tipo_egreso | Gasto operativo mensual.",20260102|NETSHARING SA|GASTO SIN COMPROBANTE|759.400
19f197e4-0571-456d-bd75-c6916e83f380,2026-01-02,2026-01,Sueldo 12/2025 (Diferencial ) - Sacco Alexis,808000.0,,Efectivo,Estimado,matriz_historica,revisar,3afe9fbe-11f8-43b3-b28e-a6ae0aff1093,2c118e4e-3848-4b55-8b25-ac23a8846c7f,Gasto sin comprobante,,ARS,f,"Falta: empresa, subrubro, centro_costo, tipo_egreso | Gasto operativo mensual.",20260102|NETSHARING SA|GASTO SIN COMPROBANTE|808.000
8d034839-7082-472e-8bb6-64703a62b697,2026-01-02,2026-01,Sueldo 12/2025 (Recibo) - Sacco Alexis,858500.0,,Transferencia Bancaria,Estimado,matriz_historica,revisar,3afe9fbe-11f8-43b3-b28e-a6ae0aff1093,2c118e4e-3848-4b55-8b25-ac23a8846c7f,Gasto sin comprobante,,ARS,f,"Falta: empresa, subrubro, centro_costo, tipo_egreso | Gasto operativo mensual.",20260102|NETSHARING SA|GASTO SIN COMPROBANTE|858.500
23030d92-0b03-46bb-abeb-882558d22b1b,2026-01-02,2026-01,Sueldo 12/2025 (Recibo) - Couselo Julio,1075000.0,,Transferencia Bancaria,Estimado,matriz_historica,revisar,3afe9fbe-11f8-43b3-b28e-a6ae0aff1093,2c118e4e-3848-4b55-8b25-ac23a8846c7f,Gasto sin comprobante,,ARS,f,"Falta: empresa, subrubro, centro_costo, tipo_egreso | Gasto operativo mensual.",20260102|NETSHARING SA|GASTO SIN COMPROBANTE|1.075.000
68830bcd-9369-446e-ae18-8283a537565e,2026-01-02,2026-01,Sueldo 12/2025 (Recibo) - Chung Taquia Julio,1313000.0,,Transferencia Bancaria,Estimado,matriz_historica,revisar,3afe9fbe-11f8-43b3-b28e-a6ae0aff1093,2c118e4e-3848-4b55-8b25-ac23a8846c7f,Gasto sin comprobante,,ARS,f,"Falta: empresa, subrubro, centro_costo, tipo_egreso | Gasto operativo mensual.",20260102|NETSHARING SA|GASTO SIN COMPROBANTE|1.313.000
dadff7ad-4600-4620-b1bb-048bf8dbf635,2026-01-02,2026-01,Trebol - FC Proveedor Arsat,1388600.0,,Transferencia Bancaria,Estimado,matriz_historica,revisar,e681d8f1-fe4a-46f7-b018-8c4bbb500903,2c118e4e-3848-4b55-8b25-ac23a8846c7f,Gasto sin comprobante,,ARS,f,"Falta: empresa, subrubro, centro_costo, tipo_egreso | Proveedor mayorista recurrente.",20260102|NETSHARING SA|GASTO SIN COMPROBANTE|1.388.600
f09964ec-e58f-497a-b1b4-be3f77779bb2,2026-01-02,2026-01,Sueldo 12/2025 (Diferencial) - Couselo Julio,2052000.0,,Efectivo,Estimado,matriz_historica,revisar,3afe9fbe-11f8-43b3-b28e-a6ae0aff1093,2c118e4e-3848-4b55-8b25-ac23a8846c7f,Gasto sin comprobante,,ARS,f,"Falta: empresa, subrubro, centro_costo, tipo_egreso | Gasto operativo mensual.",20260102|NETSHARING SA|GASTO SIN COMPROBANTE|2052000.00
ac5f17f7-27d5-4c4b-b55d-89f9325b298b,2026-01-02,2026-01,Sueldo 12/2025 (Diferencial) - Chung Julio,2323000.0,,Efectivo,Estimado,matriz_historica,revisar,3afe9fbe-11f8-43b3-b28e-a6ae0aff1093,2c118e4e-3848-4b55-8b25-ac23a8846c7f,Gasto sin comprobante,,ARS,f,"Falta: empresa, subrubro, centro_costo, tipo_egreso | Gasto operativo mensual.",20260102|NETSHARING SA|GASTO SIN COMPROBANTE|2.323.000
d43c2bb3-a48b-42fc-aad0-1c5db6e4b997,2026-01-02,2026-01,Sueldo 12/2025 - Bottan Luciana,3248000.0,,Efectivo,Estimado,matriz_historica,revisar,3afe9fbe-11f8-43b3-b28e-a6ae0aff1093,2c118e4e-3848-4b55-8b25-ac23a8846c7f,Gasto sin comprobante,,ARS,f,"Falta: empresa, subrubro, centro_costo, tipo_egreso | Gasto operativo mensual.",20260102|NETSHARING SA|GASTO SIN COMPROBANTE|3.248.000
aadbabee-e170-4165-8649-5a06aac322b7,2026-01-02,2026-01,Pago Sueldo 12/2025 (Recibo) - Perez Lucas,613964.65,,Transferencia Bancaria,Estimado,matriz_historica,revisar,3afe9fbe-11f8-43b3-b28e-a6ae0aff1093,412f3f61-3312-4bb0-ae19-e3b789145d6c,Gasto sin comprobante,,ARS,f,"Falta: empresa, subrubro, centro_costo, tipo_egreso | Gasto operativo mensual.",20260102|TOOLS SOLUTION SA|GASTO SIN COMPROBANTE|613.965
2e223426-1202-44e1-b14b-02d585746864,2026-01-03,2026-01,Sueldo 12/2025 (diferencial) - Perez Lucas,693100.0,,Efectivo,Estimado,matriz_historica,revisar,3afe9fbe-11f8-43b3-b28e-a6ae0aff1093,412f3f61-3312-4bb0-ae19-e3b789145d6c,Gasto sin comprobante,,ARS,f,"Falta: empresa, subrubro, centro_costo, tipo_egreso | Gasto operativo mensual.",20260103|TOOLS SOLUTION SA|GASTO SIN COMPROBANTE|693.100
446a657e-d9e7-4751-b20b-9b69b3c31335,2026-01-05,2026-01,Guardias 12/2025 - Maldonado Rodolfo,97160.0,,Efectivo,Estimado,matriz_historica,revisar,3afe9fbe-11f8-43b3-b28e-a6ae0aff1093,00973821-e775-4164-8183-22f645d4aad6,Gasto sin comprobante,,ARS,f,"Falta: empresa, subrubro, centro_costo, tipo_egreso | Gasto operativo mensual.",20260105|AI BLOCK TECHNOLOGIES SRL|GASTO SIN COMPROBANTE|97.160
60619b52-6b40-47bd-ad61-ef7bad85ffd1,2026-01-05,2026-01,Guardias 12/2025- Gramajo Mauro,97160.0,,Efectivo,Estimado,matriz_historica,revisar,3afe9fbe-11f8-43b3-b28e-a6ae0aff1093,00973821-e775-4164-8183-22f645d4aad6,Gasto sin comprobante,,ARS,f,"Falta: empresa, subrubro, centro_costo, tipo_egreso | Gasto operativo mensual.",20260105|AI BLOCK TECHNOLOGIES SRL|GASTO SIN COMPROBANTE|97.160
cd53dc9f-c8e7-4b44-8683-02b7067c5565,2026-01-05,2026-01,Guardias 12/2025 - Monzon Hugo,125000.0,,Efectivo,Estimado,matriz_historica,revisar,3afe9fbe-11f8-43b3-b28e-a6ae0aff1093,00973821-e775-4164-8183-22f645d4aad6,Gasto sin comprobante,,ARS,f,"Falta: empresa, subrubro, centro_costo, tipo_egreso | Gasto operativo mensual.",20260105|AI BLOCK TECHNOLOGIES SRL|GASTO SIN COMPROBANTE|125.000
a0d83706-712d-4950-a7bf-c7196a526e6b,2026-01-05,2026-01,Guardias 12/2025 - Oliva Matias,160000.0,,Efectivo,Estimado,matriz_historica,revisar,3afe9fbe-11f8-43b3-b28e-a6ae0aff1093,00973821-e775-4164-8183-22f645d4aad6,Gasto sin comprobante,,ARS,f,"Falta: empresa, subrubro, centro_costo, tipo_egreso | Gasto operativo mensual.",20260105|AI BLOCK TECHNOLOGIES SRL|GASTO SIN COMPROBANTE|160.000
f7de0b1d-6898-4f4f-9506-4a933f4ef6cc,2026-01-05,2026-01,Guardias 12/2025 - Gallo Gonzalo,170000.0,,Efectivo,Estimado,matriz_historica,revisar,3afe9fbe-11f8-43b3-b28e-a6ae0aff1093,00973821-e775-4164-8183-22f645d4aad6,Gasto sin comprobante,,ARS,f,"Falta: empresa, subrubro, centro_costo, tipo_egreso | Gasto operativo mensual.",20260105|AI BLOCK TECHNOLOGIES SRL|GASTO SIN COMPROBANTE|170.000
334fe128-4b70-41e8-bb35-43295b7b7c8e,2026-01-05,2026-01,Pago Autonomos - 12/2025,51697.28,,Transferencia Bancaria,Estimado,matriz_historica,revisar,57f782a8-a815-4e51-b69b-9a2f5d619ca0,5d1b320a-cfc6-491b-bccf-cb4ee397b256,Gasto sin comprobante,,ARS,f,"Falta: empresa, subrubro, centro_costo, tipo_egreso | Requiere revisión manual para gestión.",20260105|AKAI SA|GASTO SIN COMPROBANTE|51.697
9db41579-4861-4a88-9e17-1d51b0b4ce80,2026-01-05,2026-01,Rep. FF Maximiliano Bernardis,122500.0,,Efectivo,Estimado,matriz_historica,revisar,bb1c15ed-e9c2-4d30-a2b8-851a5f97297b,2d1f2a4e-e4f8-4327-9230-7ee2cc10e352,Gasto sin comprobante,,ARS,f,"Falta: empresa, subrubro, centro_costo, tipo_egreso | Abrir por comprobantes: combustible/viáticos OPEX; herramientas/materiales CAPEX.",20260105|ARGENGRAFT SRL|GASTO SIN COMPROBANTE|122.500
630235b7-e1a2-43d9-a1e1-6b7e310d88c4,2026-01-05,2026-01,Rep. FF Sergio Araujo,244800.0,,Efectivo,Estimado,matriz_historica,revisar,bb1c15ed-e9c2-4d30-a2b8-851a5f97297b,2d1f2a4e-e4f8-4327-9230-7ee2cc10e352,Gasto sin comprobante,,ARS,f,"Falta: empresa, subrubro, centro_costo, tipo_egreso | Abrir por comprobantes: combustible/viáticos OPEX; herramientas/materiales CAPEX.",20260105|ARGENGRAFT SRL|GASTO SIN COMPROBANTE|244.800
b4bb3a2f-a359-4b32-824b-dbcc855534c2,2026-01-05,2026-01,Seguro Resp Civil,4076.0,,Débito Automático,Estimado,matriz_historica,revisar,c79a1013-b175-4b93-ba18-e69908201cee,ae87331f-e6ad-4dc6-ac13-8affd74e6018,Gasto sin comprobante,,ARS,f,"Falta: empresa, subrubro, centro_costo, tipo_egreso | Requiere revisión manual para gestión.",20260105|CAPITAL ASSISTANCE SA|GASTO SIN COMPROBANTE|4.076
46b84edc-4820-44d9-9f7b-d1360a609b67,2026-01-05,2026-01,Poliza Incendio Burzaco,210517.0,,Débito Automático,Estimado,matriz_historica,revisar,c79a1013-b175-4b93-ba18-e69908201cee,ae87331f-e6ad-4dc6-ac13-8affd74e6018,Gasto sin comprobante,,ARS,f,"Falta: empresa, subrubro, centro_costo, tipo_egreso | Requiere revisión manual para gestión.",20260105|CAPITAL ASSISTANCE SA|GASTO SIN COMPROBANTE|210.517
a653661c-c99e-40fa-bd04-6b8173fa060b,2026-01-05,2026-01,Poliza vida colectivo,3728.0,,Débito Automático,Estimado,matriz_historica,revisar,3afe9fbe-11f8-43b3-b28e-a6ae0aff1093,8160b26b-70a5-45df-b09f-98f2365f7b61,Gasto sin comprobante,,ARS,f,"Falta: empresa, subrubro, centro_costo, tipo_egreso | Gasto operativo mensual.",20260105|FIBER UP SA|GASTO SIN COMPROBANTE|3.728
01b5d337-75e9-47ef-a6c3-589b570c79d3,2026-01-05,2026-01,Sueldo 12/2025 (Diferencial) - Sanchez Agustin,568200.0,,Efectivo,Estimado,matriz_historica,revisar,3afe9fbe-11f8-43b3-b28e-a6ae0aff1093,8160b26b-70a5-45df-b09f-98f2365f7b61,Gasto sin comprobante,,ARS,f,"Falta: empresa, subrubro, centro_costo, tipo_egreso | Gasto operativo mensual.",20260105|FIBER UP SA|GASTO SIN COMPROBANTE|568.200
f82e2902-0612-4bca-afa7-4d8e72536f2e,2026-01-05,2026-01,Sueldo 12/2025 (Diferencial) - Acevedo Raul,1115200.0,,Efectivo,Estimado,matriz_historica,revisar,3afe9fbe-11f8-43b3-b28e-a6ae0aff1093,8160b26b-70a5-45df-b09f-98f2365f7b61,Gasto sin comprobante,,ARS,f,"Falta: empresa, subrubro, centro_costo, tipo_egreso | Gasto operativo mensual.",20260105|FIBER UP SA|GASTO SIN COMPROBANTE|1.115.200
44df0fff-5d18-4ad0-9531-eff6fa415864,2026-01-05,2026-01,Pago IIBB - 12/2025,2787.09,,Transferencia Bancaria,Estimado,matriz_historica,revisar,57f782a8-a815-4e51-b69b-9a2f5d619ca0,d3df491b-f0f2-4b79-a73f-36fda5f2bba7,Gasto sin comprobante,,ARS,f,"Falta: empresa, subrubro, centro_costo, tipo_egreso | Requiere revisión manual para gestión.",20260105|LA EXPRESION SRL|GASTO SIN COMPROBANTE|2.787
69f1ec2d-fa3e-42e7-82e4-14177a6c9129,2026-01-05,2026-01,Pago Autonomos - 12/2025,122460.3,,Transferencia Bancaria,Estimado,matriz_historica,revisar,57f782a8-a815-4e51-b69b-9a2f5d619ca0,d3df491b-f0f2-4b79-a73f-36fda5f2bba7,Gasto sin comprobante,,ARS,f,"Falta: empresa, subrubro, centro_costo, tipo_egreso | Requiere revisión manual para gestión.",20260105|LA EXPRESION SRL|GASTO SIN COMPROBANTE|122.460
a794e335-d894-4899-b264-b4fdbfdf8f0d,2026-01-05,2026-01,Sueldo 12/2025 - Rodriguez Ignacio,200000.0,,Efectivo,Estimado,matriz_historica,revisar,3afe9fbe-11f8-43b3-b28e-a6ae0aff1093,d8bc0e6a-dee3-49cc-ab4a-6841af77c205,Gasto sin comprobante,,ARS,f,"Falta: empresa, subrubro, centro_costo, tipo_egreso | Gasto operativo mensual.",20260105|LSJ SRL|GASTO SIN COMPROBANTE|200.000
e7f440a0-ddbf-4406-ab8e-84bccc7441bc,2026-01-05,2026-01,Póliza Vida colectivo,1100.0,,Débito Automático,Estimado,matriz_historica,revisar,3afe9fbe-11f8-43b3-b28e-a6ae0aff1093,a3831295-0538-40ff-b912-e8cc361d16fc,Gasto sin comprobante,,ARS,f,"Falta: empresa, subrubro, centro_costo, tipo_egreso | Gasto operativo mensual.",20260105|MORA CERO SA|GASTO SIN COMPROBANTE|1.100
5f034f46-8666-41f3-9b37-ec076e9bc8de,2026-01-05,2026-01,Sueldo 12/2025 (Diferencial) - Grimalde Lucas (CS),611800.0,,Efectivo,Estimado,matriz_historica,revisar,3afe9fbe-11f8-43b3-b28e-a6ae0aff1093,a3831295-0538-40ff-b912-e8cc361d16fc,Gasto sin comprobante,,ARS,f,"Falta: empresa, subrubro, centro_costo, tipo_egreso | Gasto operativo mensual.",20260105|MORA CERO SA|GASTO SIN COMPROBANTE|611.800
996c653e-8ae6-42d7-be7b-936e81fc6d96,2026-01-05,2026-01,Gastos Libreria - Capitan Sarmiento,19300.0,,Efectivo,Estimado,matriz_historica,revisar,5aa4a93a-17f8-444b-ac22-b536e094bc86,2c118e4e-3848-4b55-8b25-ac23a8846c7f,Gasto sin comprobante,,ARS,f,"Falta: empresa, subrubro, centro_costo, tipo_egreso | Requiere revisión manual para gestión.",20260105|NETSHARING SA|GASTO SIN COMPROBANTE|19.300
7dab7ed2-eca9-4b49-b76d-aa817fd2bd24,2026-01-05,2026-01,Combustible Autos - Capitan Sarmiento MMF-327,40000.0,,Efectivo,Estimado,matriz_historica,revisar,f457200b-42b2-4dd7-8d1e-7912fd4592e3,2c118e4e-3848-4b55-8b25-ac23a8846c7f,Gasto sin comprobante,,ARS,f,"Falta: empresa, subrubro, centro_costo, tipo_egreso | Requiere revisión manual para gestión.",20260105|NETSHARING SA|GASTO SIN COMPROBANTE|40.000
1d8fdb81-21ab-402c-993b-1a6a640c06aa,2026-01-05,2026-01,Póliza Vida colectivo,51645.72,,Débito Automático,Estimado,matriz_historica,revisar,3afe9fbe-11f8-43b3-b28e-a6ae0aff1093,2c118e4e-3848-4b55-8b25-ac23a8846c7f,Gasto sin comprobante,,ARS,f,"Falta: empresa, subrubro, centro_costo, tipo_egreso | Gasto operativo mensual.",20260105|NETSHARING SA|GASTO SIN COMPROBANTE|51.646
6544db52-416c-40be-825e-370b72a15a93,2026-01-05,2026-01,Com. Ventas semanales Almirante Brown 27/12 al 2/01,70000.0,,Efectivo,Estimado,matriz_historica,revisar,6f678363-205a-4081-ae32-2d2a8999f5e2,2c118e4e-3848-4b55-8b25-ac23a8846c7f,Gasto sin comprobante,,ARS,f,"Falta: empresa, subrubro, centro_costo, tipo_egreso | Requiere revisión manual para gestión.",20260105|NETSHARING SA|GASTO SIN COMPROBANTE|70.000
4a963822-22fb-4dcc-9987-7e4273cc9eb5,2026-01-05,2026-01,Bidones de Agua: Reggieri SA - CABA,84000.0,,Transferencia Bancaria,Estimado,matriz_historica,revisar,d7502a66-86b0-4d59-a5bd-96cf2e1ea382,2c118e4e-3848-4b55-8b25-ac23a8846c7f,Gasto sin comprobante,,ARS,f,"Falta: empresa, subrubro, centro_costo, tipo_egreso | Requiere revisión manual para gestión.",20260105|NETSHARING SA|GASTO SIN COMPROBANTE|84.000
18907385-aeed-4317-9e0d-1e771aff2435,2026-01-05,2026-01,Publicidad Radio - Capitan Sarmiento,101900.0,,Efectivo,Estimado,matriz_historica,revisar,bee3671b-e640-4c7b-b015-5d2ace3a2cf4,2c118e4e-3848-4b55-8b25-ac23a8846c7f,Gasto sin comprobante,,ARS,f,"Falta: empresa, subrubro, centro_costo, tipo_egreso | Requiere revisión manual para gestión.",20260105|NETSHARING SA|GASTO SIN COMPROBANTE|101.900
0a7eda1c-06ed-44b1-86f3-922bf8a14097,2026-01-05,2026-01,Rep. FF Alfredo Bockl,135020.0,,Efectivo,Estimado,matriz_historica,revisar,bb1c15ed-e9c2-4d30-a2b8-851a5f97297b,2c118e4e-3848-4b55-8b25-ac23a8846c7f,Gasto sin comprobante,,ARS,f,"Falta: empresa, subrubro, centro_costo, tipo_egreso | Abrir por comprobantes: combustible/viáticos OPEX; herramientas/materiales CAPEX.",20260105|NETSHARING SA|GASTO SIN COMPROBANTE|135.020
f8e6b732-b360-4eba-bfff-5539d00ff340,2026-01-05,2026-01,Pago FC Telecom,246749.0,,Transferencia Bancaria,Estimado,matriz_historica,revisar,c79a1013-b175-4b93-ba18-e69908201cee,2c118e4e-3848-4b55-8b25-ac23a8846c7f,Gasto sin comprobante,,ARS,f,"Falta: empresa, subrubro, centro_costo, tipo_egreso | Requiere revisión manual para gestión.",20260105|NETSHARING SA|GASTO SIN COMPROBANTE|246.749
d9fa32af-7346-498f-9077-bcf3f889eeb4,2026-01-05,2026-01,Sueldo 12/2025 (Diferencial) - Gomez Camila Ayelen (CS),328400.0,,Efectivo,Estimado,matriz_historica,revisar,3afe9fbe-11f8-43b3-b28e-a6ae0aff1093,2c118e4e-3848-4b55-8b25-ac23a8846c7f,Gasto sin comprobante,,ARS,f,"Falta: empresa, subrubro, centro_costo, tipo_egreso | Gasto operativo mensual.",20260105|NETSHARING SA|GASTO SIN COMPROBANTE|328.400
445137e0-68cc-4ecc-a7d1-3c7f5f944654,2026-01-05,2026-01,Pago Factura DGO 12/2025,335690.86,,Transferencia Bancaria,Estimado,matriz_historica,revisar,8fab1038-e87a-4a71-8403-cea5ade439a2,2c118e4e-3848-4b55-8b25-ac23a8846c7f,Gasto sin comprobante,,ARS,f,"Falta: empresa, subrubro, centro_costo, tipo_egreso | Requiere revisión manual para gestión.",20260105|NETSHARING SA|GASTO SIN COMPROBANTE|335.691
519787eb-47cd-4cb8-800a-0313b4f2041b,2026-01-05,2026-01,Pago Factura - Abono Mensual,342156.0,,Transferencia Bancaria,Estimado,matriz_historica,revisar,27353c3f-07e2-4710-981b-b84be3e1b115,2c118e4e-3848-4b55-8b25-ac23a8846c7f,Gasto sin comprobante,,ARS,f,"Falta: empresa, subrubro, centro_costo, tipo_egreso | Requiere revisión manual para gestión.",20260105|NETSHARING SA|GASTO SIN COMPROBANTE|342.156
ef7b95cc-a7e4-46f0-b58e-1f586db66ee9,2026-01-05,2026-01,Honorarios - Marina Chabot Factura,495000.0,,Transferencia Bancaria,Estimado,matriz_historica,revisar,bee3671b-e640-4c7b-b015-5d2ace3a2cf4,2c118e4e-3848-4b55-8b25-ac23a8846c7f,Gasto sin comprobante,,ARS,f,"Falta: empresa, subrubro, centro_costo, tipo_egreso | Requiere revisión manual para gestión.",20260105|NETSHARING SA|GASTO SIN COMPROBANTE|495.000
7654289c-9a43-47c8-bed1-6ea35c52c04c,2026-01-05,2026-01,Honorarios Estudio Sagues Mariano 12/2025,2416000.0,,Efectivo,Estimado,matriz_historica,revisar,7d540775-8719-4ead-991c-9055dd764fef,2c118e4e-3848-4b55-8b25-ac23a8846c7f,Gasto sin comprobante,,ARS,f,"Falta: empresa, subrubro, centro_costo, tipo_egreso | Requiere revisión manual para gestión.",20260105|NETSHARING SA|GASTO SIN COMPROBANTE|2.416.000
488c8476-7413-4d4b-90d6-b11ad786fa02,2026-01-05,2026-01,IPSERVICES Echeq - Echeq 02 de 05,2791590.0,,ECHEQ,Estimado,matriz_historica,revisar,802af493-2f23-4d62-becc-e13951069416,2c118e4e-3848-4b55-8b25-ac23a8846c7f,Gasto sin comprobante,,ARS,f,"Falta: empresa, subrubro, centro_costo, tipo_egreso | Compra de equipos; no impactar como gasto operativo mensual.",20260105|NETSHARING SA|GASTO SIN COMPROBANTE|2.791.590
1141002a-b1bb-44e1-86f3-d8edc7b0d08d,2026-01-05,2026-01,Abono mensual SILICA,3109300.0,,Transferencia Bancaria,Estimado,matriz_historica,revisar,ccdb22f5-3d2d-4e0e-8451-4d7fc155862d,2c118e4e-3848-4b55-8b25-ac23a8846c7f,Gasto sin comprobante,,ARS,f,"Falta: empresa, subrubro, centro_costo, tipo_egreso | Proveedor mayorista recurrente.",20260105|NETSHARING SA|GASTO SIN COMPROBANTE|3.109.300
a4298799-7df8-465c-a7d1-e647b61d8aaf,2026-01-05,2026-01,Hitecno: compra de ONU - Echeq 03 de 04,3541627.5,,ECHEQ,Estimado,matriz_historica,revisar,802af493-2f23-4d62-becc-e13951069416,2c118e4e-3848-4b55-8b25-ac23a8846c7f,Gasto sin comprobante,,ARS,f,"Falta: empresa, subrubro, centro_costo, tipo_egreso | Regla definida: herramientas y materiales se clasifican como CAPEX.",20260105|NETSHARING SA|GASTO SIN COMPROBANTE|3.541.628
0f50e15f-078f-4060-9093-333aacc270e4,2026-01-05,2026-01,Pago Autonomos - 12/2025,122460.3,,Transferencia Bancaria,Estimado,matriz_historica,revisar,57f782a8-a815-4e51-b69b-9a2f5d619ca0,0a184561-fd10-43ac-9fab-2d691a0ab10a,Gasto sin comprobante,,ARS,f,"Falta: empresa, subrubro, centro_costo, tipo_egreso | Requiere revisión manual para gestión.",20260105|PERMAWE SRL|GASTO SIN COMPROBANTE|122.460
9bfaa3e9-3991-4f5e-b72e-8ce86c8f8cee,2026-01-05,2026-01,Pago Autonomos - 12/2025,122460.3,,Transferencia Bancaria,Estimado,matriz_historica,revisar,57f782a8-a815-4e51-b69b-9a2f5d619ca0,169b39f8-5b5d-4ca9-8480-43acc4095b49,Gasto sin comprobante,,ARS,f,"Falta: empresa, subrubro, centro_costo, tipo_egreso | Requiere revisión manual para gestión.",20260105|SINDEL GROUP SRL|GASTO SIN COMPROBANTE|122.460
84e6d57d-b316-4e52-809c-8c9b6b3ff763,2026-01-06,2026-01,Guardias 12/2025 - Nahuel Insaurralde,135000.0,,Efectivo,Estimado,matriz_historica,revisar,3afe9fbe-11f8-43b3-b28e-a6ae0aff1093,00973821-e775-4164-8183-22f645d4aad6,Gasto sin comprobante,,ARS,f,"Falta: empresa, subrubro, centro_costo, tipo_egreso | Gasto operativo mensual.",20260106|AI BLOCK TECHNOLOGIES SRL|GASTO SIN COMPROBANTE|135.000
8a8268a2-6a41-46df-9ff2-7707819c6232,2026-01-06,2026-01,Guardias 12/2025 - Cordoba Mauro,295000.0,,Efectivo,Estimado,matriz_historica,revisar,3afe9fbe-11f8-43b3-b28e-a6ae0aff1093,00973821-e775-4164-8183-22f645d4aad6,Gasto sin comprobante,,ARS,f,"Falta: empresa, subrubro, centro_costo, tipo_egreso | Gasto operativo mensual.",20260106|AI BLOCK TECHNOLOGIES SRL|GASTO SIN COMPROBANTE|295.000
d6604a84-ad47-45ae-b7d8-f7c4869b266f,2026-01-06,2026-01,Pago Canon - Proyecto Almirante Brown,116354355.26,,Efectivo,Estimado,matriz_historica,revisar,5b9a35f7-866b-474c-bc5b-1ba642eb414c,5d1b320a-cfc6-491b-bccf-cb4ee397b256,Gasto sin comprobante,,ARS,f,"Falta: empresa, subrubro, centro_costo, tipo_egreso | Requiere revisión manual para gestión.",20260106|AKAI SA|GASTO SIN COMPROBANTE|116.354.355
4f4a5c4a-2c77-44c2-90cf-6f4a535df626,2026-01-06,2026-01,Pago Autonomos - 12/2025,122460.3,,Transferencia Bancaria,Estimado,matriz_historica,revisar,57f782a8-a815-4e51-b69b-9a2f5d619ca0,2d1f2a4e-e4f8-4327-9230-7ee2cc10e352,Gasto sin comprobante,,ARS,f,"Falta: empresa, subrubro, centro_costo, tipo_egreso | Requiere revisión manual para gestión.",20260106|ARGENGRAFT SRL|GASTO SIN COMPROBANTE|122.460
6f131f04-f1ea-4885-9db0-ca1fc2d0c01b,2026-01-06,2026-01,Sueldo 12/2025 (Diferencial) - Araujo Sergio,801400.0,,Efectivo,Estimado,matriz_historica,revisar,3afe9fbe-11f8-43b3-b28e-a6ae0aff1093,2d1f2a4e-e4f8-4327-9230-7ee2cc10e352,Gasto sin comprobante,,ARS,f,"Falta: empresa, subrubro, centro_costo, tipo_egreso | Gasto operativo mensual.",20260106|ARGENGRAFT SRL|GASTO SIN COMPROBANTE|801.400
7d2dcd7a-9d45-4c11-8cc3-476dd1bb8ee3,2026-01-06,2026-01,Sueldo 12/2025 (Diferencial) - Bernardis Maximiliano,1066300.0,,Efectivo,Estimado,matriz_historica,revisar,3afe9fbe-11f8-43b3-b28e-a6ae0aff1093,2d1f2a4e-e4f8-4327-9230-7ee2cc10e352,Gasto sin comprobante,,ARS,f,"Falta: empresa, subrubro, centro_costo, tipo_egreso | Gasto operativo mensual.",20260106|ARGENGRAFT SRL|GASTO SIN COMPROBANTE|1.066.300
e78095de-40ae-403f-a299-59a7775298ef,2026-01-06,2026-01,Pago Autonomos - 12/2025,122460.3,,Transferencia Bancaria,Estimado,matriz_historica,revisar,57f782a8-a815-4e51-b69b-9a2f5d619ca0,67fac871-99ff-4c10-8001-fe2a398c1763,Gasto sin comprobante,,ARS,f,"Falta: empresa, subrubro, centro_costo, tipo_egreso | Requiere revisión manual para gestión.",20260106|ENVECO SRL|GASTO SIN COMPROBANTE|122.460
5c0ad821-1e20-4f02-ae8a-a64469ac3377,2026-01-06,2026-01,Sueldo Enveco SRL - Piermartini Gabriel 12/2025,500000.0,,Efectivo,Estimado,matriz_historica,revisar,3afe9fbe-11f8-43b3-b28e-a6ae0aff1093,67fac871-99ff-4c10-8001-fe2a398c1763,Gasto sin comprobante,,ARS,f,"Falta: empresa, subrubro, centro_costo, tipo_egreso | Gasto operativo mensual.",20260106|ENVECO SRL|GASTO SIN COMPROBANTE|500.000
59c44b88-2061-4427-8634-d54fa6b27ead,2026-01-06,2026-01,Pago Autonomos - 12/2025,122460.3,,Transferencia Bancaria,Estimado,matriz_historica,revisar,57f782a8-a815-4e51-b69b-9a2f5d619ca0,a3831295-0538-40ff-b912-e8cc361d16fc,Gasto sin comprobante,,ARS,f,"Falta: empresa, subrubro, centro_costo, tipo_egreso | Requiere revisión manual para gestión.",20260106|MORA CERO SA|GASTO SIN COMPROBANTE|122.460
ab7c5faf-57f8-456f-9a13-865a40946661,2026-01-06,2026-01,Gastos Libreria - CABA,21500.0,,Efectivo,Estimado,matriz_historica,revisar,5aa4a93a-17f8-444b-ac22-b536e094bc86,2c118e4e-3848-4b55-8b25-ac23a8846c7f,Gasto sin comprobante,,ARS,f,"Falta: empresa, subrubro, centro_costo, tipo_egreso | Requiere revisión manual para gestión.",20260106|NETSHARING SA|GASTO SIN COMPROBANTE|21.500
d4e950d0-a9d1-4ba1-8c3f-0802999994a9,2026-01-06,2026-01,Retiro de ONU - Reconexión de ONU - Candela,74000.0,,Efectivo,Estimado,matriz_historica,revisar,8ac1dd5b-a9a7-4236-ae0d-85fa08133eaa,2c118e4e-3848-4b55-8b25-ac23a8846c7f,Gasto sin comprobante,,ARS,f,"Falta: empresa, subrubro, centro_costo, tipo_egreso | Regla definida: herramientas y materiales se clasifican como CAPEX.",20260106|NETSHARING SA|GASTO SIN COMPROBANTE|74.000
939a6fbb-fa0e-4e6f-86e4-596268e3d1ec,2026-01-06,2026-01,Instalaciones - Nahuel Reyes Semana: 26/12 - 03/01,210000.0,,Efectivo,Estimado,matriz_historica,revisar,8ac1dd5b-a9a7-4236-ae0d-85fa08133eaa,2c118e4e-3848-4b55-8b25-ac23a8846c7f,Gasto sin comprobante,,ARS,f,"Falta: empresa, subrubro, centro_costo, tipo_egreso | Requiere revisión manual para gestión.",20260106|NETSHARING SA|GASTO SIN COMPROBANTE|210.000
2b18e357-0398-4a54-aa34-514ff3830b12,2026-01-06,2026-01,Instalaciones - Maximiliano Semana: 26/12 - 03/01,390000.0,,Efectivo,Estimado,matriz_historica,revisar,8ac1dd5b-a9a7-4236-ae0d-85fa08133eaa,2c118e4e-3848-4b55-8b25-ac23a8846c7f,Gasto sin comprobante,,ARS,f,"Falta: empresa, subrubro, centro_costo, tipo_egreso | Requiere revisión manual para gestión.",20260106|NETSHARING SA|GASTO SIN COMPROBANTE|390.000
43d041e3-7ec1-440e-b3a5-3658c7d2408f,2026-01-06,2026-01,Instalaciones - Antonio Semana: 26/12 - 03/01,480000.0,,Efectivo,Estimado,matriz_historica,revisar,8ac1dd5b-a9a7-4236-ae0d-85fa08133eaa,2c118e4e-3848-4b55-8b25-ac23a8846c7f,Gasto sin comprobante,,ARS,f,"Falta: empresa, subrubro, centro_costo, tipo_egreso | Requiere revisión manual para gestión.",20260106|NETSHARING SA|GASTO SIN COMPROBANTE|480.000
22dc9a9d-0d45-497a-85af-aa61c242cc53,2026-01-06,2026-01,Flota Seguros Vehículos,547732.0,,Débito Automático,Estimado,matriz_historica,revisar,f457200b-42b2-4dd7-8d1e-7912fd4592e3,2c118e4e-3848-4b55-8b25-ac23a8846c7f,Gasto sin comprobante,,ARS,f,"Falta: empresa, subrubro, centro_costo, tipo_egreso | Requiere revisión manual para gestión.",20260106|NETSHARING SA|GASTO SIN COMPROBANTE|547.732
3d4d7586-1507-4cb9-a0fe-7b82cc931163,2026-01-06,2026-01,Abono mensual BircleAI - Meta Diciembre 2025,1681085.0,,Efectivo,Estimado,matriz_historica,revisar,bee3671b-e640-4c7b-b015-5d2ace3a2cf4,2c118e4e-3848-4b55-8b25-ac23a8846c7f,Gasto sin comprobante,,ARS,f,"Falta: empresa, subrubro, centro_costo, tipo_egreso | Requiere revisión manual para gestión.",20260106|NETSHARING SA|GASTO SIN COMPROBANTE|1.681.085
710789ba-f2dc-4ae4-9248-ba412302e777,2026-01-06,2026-01,Alquiler San Vicente 01/2026,2265000.0,,Efectivo,Estimado,matriz_historica,revisar,8c386e63-369e-4890-bef9-2e4cae4f225e,2c118e4e-3848-4b55-8b25-ac23a8846c7f,Gasto sin comprobante,,ARS,f,"Falta: empresa, subrubro, centro_costo, tipo_egreso | Gasto operativo de inmueble.",20260106|NETSHARING SA|GASTO SIN COMPROBANTE|2.265.000
2e32d094-5846-4895-99c4-25dec6cc4481,2026-01-06,2026-01,IPSERVICES Echeq - Echeq 01 de 05,3359552.04,,ECHEQ,Estimado,matriz_historica,revisar,b15301ef-1ff7-4a06-9463-6486f2c5fe57,2c118e4e-3848-4b55-8b25-ac23a8846c7f,Gasto sin comprobante,,ARS,f,"Falta: empresa, subrubro, centro_costo, tipo_egreso | Compra de equipos; no impactar como gasto operativo mensual.",20260106|NETSHARING SA|GASTO SIN COMPROBANTE|3.359.552
d4a80b76-a207-4568-aedb-b06a6042a139,2026-01-06,2026-01,Pago Autonomos - 12/2025,122460.3,,Transferencia Bancaria,Estimado,matriz_historica,revisar,57f782a8-a815-4e51-b69b-9a2f5d619ca0,ca6aa897-f6de-4ef0-aaaf-03b48d6707b4,Gasto sin comprobante,,ARS,f,"Falta: empresa, subrubro, centro_costo, tipo_egreso | Requiere revisión manual para gestión.",20260106|SINAPSIS CONNECT SRL|GASTO SIN COMPROBANTE|122.460
f10df3e0-732b-421e-840c-4a428b473bff,2026-01-06,2026-01,Pago Autonomos - 12/2025,122460.3,,Transferencia Bancaria,Estimado,matriz_historica,revisar,57f782a8-a815-4e51-b69b-9a2f5d619ca0,412f3f61-3312-4bb0-ae19-e3b789145d6c,Gasto sin comprobante,,ARS,f,"Falta: empresa, subrubro, centro_costo, tipo_egreso | Requiere revisión manual para gestión.",20260106|TOOLS SOLUTION SA|GASTO SIN COMPROBANTE|122.460
d1b621a3-e3c7-4e2d-9dff-e47a106a9fdc,2026-01-06,2026-01,Pago Autonomos - 12/2025,122460.3,,Transferencia Bancaria,Estimado,matriz_historica,revisar,57f782a8-a815-4e51-b69b-9a2f5d619ca0,d5d2b619-687e-46f2-b516-f2b3ac4d0301,Gasto sin comprobante,,ARS,f,"Falta: empresa, subrubro, centro_costo, tipo_egreso | Requiere revisión manual para gestión.",20260106|ZELED SA|GASTO SIN COMPROBANTE|122.460
0337ff84-8818-4eb6-be26-99c5f1807e9c,2026-01-07,2026-01,Pago Autonomos - 12/2025,122460.3,,Transferencia Bancaria,Estimado,matriz_historica,revisar,57f782a8-a815-4e51-b69b-9a2f5d619ca0,00973821-e775-4164-8183-22f645d4aad6,Gasto sin comprobante,,ARS,f,"Falta: empresa, subrubro, centro_costo, tipo_egreso | Requiere revisión manual para gestión.",20260107|AI BLOCK TECHNOLOGIES SRL|GASTO SIN COMPROBANTE|122.460
4b918f61-602e-4ec2-b1e4-444fbb2fcd40,2026-01-07,2026-01,Pago Autonomos - 12/2025,122460.3,,Transferencia Bancaria,Estimado,matriz_historica,revisar,57f782a8-a815-4e51-b69b-9a2f5d619ca0,d8bc0e6a-dee3-49cc-ab4a-6841af77c205,Gasto sin comprobante,,ARS,f,"Falta: empresa, subrubro, centro_costo, tipo_egreso | Requiere revisión manual para gestión.",20260107|LSJ SRL|GASTO SIN COMPROBANTE|122.460
da622cb9-414c-408a-ba0b-628966106d42,2026-01-07,2026-01,Compra materiales: Grampas N8 - Capitan Sarmiento,3000.0,,Efectivo,Estimado,matriz_historica,revisar,b15301ef-1ff7-4a06-9463-6486f2c5fe57,2c118e4e-3848-4b55-8b25-ac23a8846c7f,Gasto sin comprobante,,ARS,f,"Falta: empresa, subrubro, centro_costo, tipo_egreso | Regla definida: herramientas y materiales se clasifican como CAPEX.",20260107|NETSHARING SA|GASTO SIN COMPROBANTE|3000.00
881707fc-2c30-40e0-be6a-ba470f26ac71,2026-01-07,2026-01,Gastos Libreria - Toner Impresora - Capitan Sarmiento,13200.0,,Efectivo,Estimado,matriz_historica,revisar,5aa4a93a-17f8-444b-ac22-b536e094bc86,2c118e4e-3848-4b55-8b25-ac23a8846c7f,Gasto sin comprobante,,ARS,f,"Falta: empresa, subrubro, centro_costo, tipo_egreso | Requiere revisión manual para gestión.",20260107|NETSHARING SA|GASTO SIN COMPROBANTE|13.200
d1baf56b-793a-404b-a6db-26f22253922a,2026-01-07,2026-01,Pago Alarma Varela,78041.33,,Transferencia Bancaria,Estimado,matriz_historica,revisar,d8c35c6e-a653-4c16-98c7-0bea59b63438,2c118e4e-3848-4b55-8b25-ac23a8846c7f,Gasto sin comprobante,,ARS,f,"Falta: empresa, subrubro, centro_costo, tipo_egreso | Requiere revisión manual para gestión.",20260107|NETSHARING SA|GASTO SIN COMPROBANTE|78.041
7fc23a28-13b8-43ff-a342-74ea42cca9aa,2026-01-07,2026-01,Pago a cuenta (préstamo),6020000.0,,Transferencia Bancaria,Estimado,matriz_historica,revisar,aa50751a-9a5d-4459-a94e-f93bebb1b797,2c118e4e-3848-4b55-8b25-ac23a8846c7f,Gasto sin comprobante,,ARS,f,"Falta: empresa, subrubro, centro_costo, tipo_egreso | Requiere revisión manual para gestión.",20260107|NETSHARING SA|GASTO SIN COMPROBANTE|6.020.000
fd281e2c-db6d-4086-8dc3-e0474ed0b06f,2026-01-08,2026-01,Gastos Papelera - CABA,72841.25,,Transferencia Bancaria,Estimado,matriz_historica,revisar,5aa4a93a-17f8-444b-ac22-b536e094bc86,2c118e4e-3848-4b55-8b25-ac23a8846c7f,Gasto sin comprobante,,ARS,f,"Falta: empresa, subrubro, centro_costo, tipo_egreso | Requiere revisión manual para gestión.",20260108|NETSHARING SA|GASTO SIN COMPROBANTE|72.841
198efdda-9f76-4e68-b1af-15cb3e85f874,2026-01-08,2026-01,Factura Honorarios Canera - Certificaciones ológrafas - Galeno,276300.0,,Transferencia Bancaria,Estimado,matriz_historica,revisar,7d540775-8719-4ead-991c-9055dd764fef,2c118e4e-3848-4b55-8b25-ac23a8846c7f,Gasto sin comprobante,,ARS,f,"Falta: empresa, subrubro, centro_costo, tipo_egreso | Requiere revisión manual para gestión.",20260108|NETSHARING SA|GASTO SIN COMPROBANTE|276.300
c522e7c2-3904-4ba0-812f-0d12ac3aa8e8,2026-01-09,2026-01,Pago alquiler 12/2025 - Gramajo Mauro,250000.0,,Efectivo,Estimado,matriz_historica,revisar,8c386e63-369e-4890-bef9-2e4cae4f225e,00973821-e775-4164-8183-22f645d4aad6,Gasto sin comprobante,,ARS,f,"Falta: empresa, subrubro, centro_costo, tipo_egreso | Gasto operativo de inmueble.",20260109|AI BLOCK TECHNOLOGIES SRL|GASTO SIN COMPROBANTE|250.000
e2f0dd64-10c1-42af-ba97-33d4728cf65d,2026-01-09,2026-01,Honorarios Contables - Francisco Lasagna - Factura 12/2025,50000.0,,Transferencia Bancaria,Estimado,matriz_historica,revisar,7d540775-8719-4ead-991c-9055dd764fef,5d1b320a-cfc6-491b-bccf-cb4ee397b256,Gasto sin comprobante,,ARS,f,"Falta: empresa, subrubro, centro_costo, tipo_egreso | Requiere revisión manual para gestión.",20260109|AKAI SA|GASTO SIN COMPROBANTE|50.000
21dbbd02-ca69-4736-82bc-3b49452217b1,2026-01-09,2026-01,Honorarios Contables - Francisco Lasagna - Factura 12/2025,50000.0,,Transferencia Bancaria,Estimado,matriz_historica,revisar,7d540775-8719-4ead-991c-9055dd764fef,5d1b320a-cfc6-491b-bccf-cb4ee397b256,Gasto sin comprobante,,ARS,f,"Falta: empresa, subrubro, centro_costo, tipo_egreso | Requiere revisión manual para gestión.",20260109|AKAI SA|GASTO SIN COMPROBANTE|50.000
b3faff65-97dc-46e9-a17e-2090cb5215b4,2026-01-09,2026-01,Pago Sindicato 12/2025,74045.03,,Transferencia Bancaria,Estimado,matriz_historica,revisar,3afe9fbe-11f8-43b3-b28e-a6ae0aff1093,2d1f2a4e-e4f8-4327-9230-7ee2cc10e352,Gasto sin comprobante,,ARS,f,"Falta: empresa, subrubro, centro_costo, tipo_egreso | Gasto operativo mensual.",20260109|ARGENGRAFT SRL|GASTO SIN COMPROBANTE|74.045
f083f352-9296-4434-975b-6d7b663d1099,2026-01-09,2026-01,Rep. FF Maximiliano Bernardis,122500.0,,Efectivo,Estimado,matriz_historica,revisar,bb1c15ed-e9c2-4d30-a2b8-851a5f97297b,2d1f2a4e-e4f8-4327-9230-7ee2cc10e352,Gasto sin comprobante,,ARS,f,"Falta: empresa, subrubro, centro_costo, tipo_egreso | Abrir por comprobantes: combustible/viáticos OPEX; herramientas/materiales CAPEX.",20260109|ARGENGRAFT SRL|GASTO SIN COMPROBANTE|122.500
c15ffa17-5e82-4c07-9f50-f3162305c614,2026-01-09,2026-01,Rep. FF Sergio Araujo,244800.0,,Efectivo,Estimado,matriz_historica,revisar,bb1c15ed-e9c2-4d30-a2b8-851a5f97297b,2d1f2a4e-e4f8-4327-9230-7ee2cc10e352,Gasto sin comprobante,,ARS,f,"Falta: empresa, subrubro, centro_costo, tipo_egreso | Abrir por comprobantes: combustible/viáticos OPEX; herramientas/materiales CAPEX.",20260109|ARGENGRAFT SRL|GASTO SIN COMPROBANTE|244.800
c007e278-dc2b-425f-b6fe-af660f937088,2026-01-09,2026-01,Declaración Jurada Suss: 12/2025,922903.72,,Transferencia Bancaria,Estimado,matriz_historica,revisar,3afe9fbe-11f8-43b3-b28e-a6ae0aff1093,2d1f2a4e-e4f8-4327-9230-7ee2cc10e352,Gasto sin comprobante,,ARS,f,"Falta: empresa, subrubro, centro_costo, tipo_egreso | Gasto operativo mensual.",20260109|ARGENGRAFT SRL|GASTO SIN COMPROBANTE|922.904
3b6d572e-4d92-4a6d-90fe-081361c60253,2026-01-09,2026-01,Pago FC Metrogas Burzaco,41829.03,,Transferencia Bancaria,Estimado,matriz_historica,revisar,c79a1013-b175-4b93-ba18-e69908201cee,ae87331f-e6ad-4dc6-ac13-8affd74e6018,Gasto sin comprobante,,ARS,f,"Falta: empresa, subrubro, centro_costo, tipo_egreso | Requiere revisión manual para gestión.",20260109|CAPITAL ASSISTANCE SA|GASTO SIN COMPROBANTE|41.829
2208fad3-6c4e-416b-a13c-00d42f32ec6f,2026-01-09,2026-01,Pago Alquiler Capital Sarmiento: Casa 01/2026,190000.0,,Efectivo,Estimado,matriz_historica,revisar,8c386e63-369e-4890-bef9-2e4cae4f225e,ae87331f-e6ad-4dc6-ac13-8affd74e6018,Gasto sin comprobante,,ARS,f,"Falta: empresa, subrubro, centro_costo, tipo_egreso | Gasto operativo de inmueble.",20260109|CAPITAL ASSISTANCE SA|GASTO SIN COMPROBANTE|190.000
2885a5bb-8f2e-46bd-8ce6-f3fe36622578,2026-01-09,2026-01,Pago Alquiler Capital Sarmiento: Local 01/2026,499400.0,,Efectivo,Estimado,matriz_historica,revisar,8c386e63-369e-4890-bef9-2e4cae4f225e,ae87331f-e6ad-4dc6-ac13-8affd74e6018,Gasto sin comprobante,,ARS,f,"Falta: empresa, subrubro, centro_costo, tipo_egreso | Gasto operativo de inmueble.",20260109|CAPITAL ASSISTANCE SA|GASTO SIN COMPROBANTE|499.400
ed333daf-b8b1-4c11-88d0-0749c4ccd3f0,2026-01-09,2026-01,Alquiler Burzaco 01/2026,1346239.0,,Efectivo,Estimado,matriz_historica,revisar,8c386e63-369e-4890-bef9-2e4cae4f225e,ae87331f-e6ad-4dc6-ac13-8affd74e6018,Gasto sin comprobante,,ARS,f,"Falta: empresa, subrubro, centro_costo, tipo_egreso | Gasto operativo de inmueble.",20260109|CAPITAL ASSISTANCE SA|GASTO SIN COMPROBANTE|1.346.239
a50b8393-39a9-44ae-b5dc-5f745e0c51b7,2026-01-09,2026-01,Seguridad Burzaco 12/2025,1785600.0,,Efectivo,Estimado,matriz_historica,revisar,d8c35c6e-a653-4c16-98c7-0bea59b63438,ae87331f-e6ad-4dc6-ac13-8affd74e6018,Gasto sin comprobante,,ARS,f,"Falta: empresa, subrubro, centro_costo, tipo_egreso | Requiere revisión manual para gestión.",20260109|CAPITAL ASSISTANCE SA|GASTO SIN COMPROBANTE|1.785.600
f1e356a3-c404-4a2d-a916-1ce59ce96deb,2026-01-09,2026-01,Honorarios Contables - Francisco Lasagna - Factura 12/2025,50000.0,,Transferencia Bancaria,Estimado,matriz_historica,revisar,7d540775-8719-4ead-991c-9055dd764fef,67fac871-99ff-4c10-8001-fe2a398c1763,Gasto sin comprobante,,ARS,f,"Falta: empresa, subrubro, centro_costo, tipo_egreso | Requiere revisión manual para gestión.",20260109|ENVECO SRL|GASTO SIN COMPROBANTE|50.000
205a829f-6ca4-438d-a53e-cee61dc423e0,2026-01-09,2026-01,Honorarios Contables - Francisco Lasagna - Factura 12/2025,50000.0,,Transferencia Bancaria,Estimado,matriz_historica,revisar,7d540775-8719-4ead-991c-9055dd764fef,67fac871-99ff-4c10-8001-fe2a398c1763,Gasto sin comprobante,,ARS,f,"Falta: empresa, subrubro, centro_costo, tipo_egreso | Requiere revisión manual para gestión.",20260109|ENVECO SRL|GASTO SIN COMPROBANTE|50.000
cc44ad57-0c51-4b1d-b2f4-f690df87393d,2026-01-09,2026-01,Pago Sindicato 12/2025,212102.16,,Transferencia Bancaria,Estimado,matriz_historica,revisar,3afe9fbe-11f8-43b3-b28e-a6ae0aff1093,8160b26b-70a5-45df-b09f-98f2365f7b61,Gasto sin comprobante,,ARS,f,"Falta: empresa, subrubro, centro_costo, tipo_egreso | Gasto operativo mensual.",20260109|FIBER UP SA|GASTO SIN COMPROBANTE|212.102
f4ae4e7e-769d-4e18-a673-58de4073d09a,2026-01-09,2026-01,Declaración Jurada Suss: 12/2025 (Estimado),1447738.1,,Transferencia Bancaria,Estimado,matriz_historica,revisar,3afe9fbe-11f8-43b3-b28e-a6ae0aff1093,8160b26b-70a5-45df-b09f-98f2365f7b61,Gasto sin comprobante,,ARS,f,"Falta: empresa, subrubro, centro_costo, tipo_egreso | Gasto operativo mensual.",20260109|FIBER UP SA|GASTO SIN COMPROBANTE|1.447.738
c30de0f9-ff01-4d51-bb1e-2bac8a93aa7d,2026-01-09,2026-01,Honorarios Contables - Francisco Lasagna - Factura 12/2025,50000.0,,Transferencia Bancaria,Estimado,matriz_historica,revisar,7d540775-8719-4ead-991c-9055dd764fef,d3df491b-f0f2-4b79-a73f-36fda5f2bba7,Gasto sin comprobante,,ARS,f,"Falta: empresa, subrubro, centro_costo, tipo_egreso | Requiere revisión manual para gestión.",20260109|LA EXPRESION SRL|GASTO SIN COMPROBANTE|50.000
0fb90989-82c2-4b43-a1d0-b70da7e0799c,2026-01-09,2026-01,Honorarios Contables - Francisco Lasagna - Factura 12/2025,50000.0,,Transferencia Bancaria,Estimado,matriz_historica,revisar,7d540775-8719-4ead-991c-9055dd764fef,d3df491b-f0f2-4b79-a73f-36fda5f2bba7,Gasto sin comprobante,,ARS,f,"Falta: empresa, subrubro, centro_costo, tipo_egreso | Requiere revisión manual para gestión.",20260109|LA EXPRESION SRL|GASTO SIN COMPROBANTE|50.000
f40f1e1e-db4c-41e1-8352-cffcb91cbee0,2026-01-09,2026-01,Honorarios Contables - Francisco Lasagna - Factura 12/2025,50000.0,,Transferencia Bancaria,Estimado,matriz_historica,revisar,7d540775-8719-4ead-991c-9055dd764fef,d8bc0e6a-dee3-49cc-ab4a-6841af77c205,Gasto sin comprobante,,ARS,f,"Falta: empresa, subrubro, centro_costo, tipo_egreso | Requiere revisión manual para gestión.",20260109|LSJ SRL|GASTO SIN COMPROBANTE|50.000
6da73a2e-a7ec-4450-bdf1-4cf09a404fc5,2026-01-09,2026-01,Honorarios Contables - Francisco Lasagna - Factura 12/2025,50000.0,,Transferencia Bancaria,Estimado,matriz_historica,revisar,7d540775-8719-4ead-991c-9055dd764fef,d8bc0e6a-dee3-49cc-ab4a-6841af77c205,Gasto sin comprobante,,ARS,f,"Falta: empresa, subrubro, centro_costo, tipo_egreso | Requiere revisión manual para gestión.",20260109|LSJ SRL|GASTO SIN COMPROBANTE|50.000
d75576a7-1703-4c94-b12a-f72e0de1a769,2026-01-09,2026-01,Bidones de Agua - Capitan Sarmiento,21000.0,,Efectivo,Estimado,matriz_historica,revisar,d7502a66-86b0-4d59-a5bd-96cf2e1ea382,2c118e4e-3848-4b55-8b25-ac23a8846c7f,Gasto sin comprobante,,ARS,f,"Falta: empresa, subrubro, centro_costo, tipo_egreso | Requiere revisión manual para gestión.",20260109|NETSHARING SA|GASTO SIN COMPROBANTE|21.000
7c728a0d-c1f5-4d57-822c-7c3653db385e,2026-01-09,2026-01,Diario - Canon,150000.0,,Efectivo,Estimado,matriz_historica,revisar,5b9a35f7-866b-474c-bc5b-1ba642eb414c,2c118e4e-3848-4b55-8b25-ac23a8846c7f,Gasto sin comprobante,,ARS,f,"Falta: empresa, subrubro, centro_costo, tipo_egreso | Requiere revisión manual para gestión.",20260109|NETSHARING SA|GASTO SIN COMPROBANTE|150.000
eada6312-8d18-4ea7-9512-0fcf2464f8de,2026-01-09,2026-01,Pago Alquiler Varela 01/2026,330030.0,,Efectivo,Estimado,matriz_historica,revisar,8c386e63-369e-4890-bef9-2e4cae4f225e,2c118e4e-3848-4b55-8b25-ac23a8846c7f,Gasto sin comprobante,,ARS,f,"Falta: empresa, subrubro, centro_costo, tipo_egreso | Gasto operativo de inmueble.",20260109|NETSHARING SA|GASTO SIN COMPROBANTE|330.030
e5b5ea55-5c86-4589-bba4-1bcf3900cc98,2026-01-09,2026-01,Pago Alquiler Bernal 01/2026,727732.0,,Efectivo,Estimado,matriz_historica,revisar,8c386e63-369e-4890-bef9-2e4cae4f225e,2c118e4e-3848-4b55-8b25-ac23a8846c7f,Gasto sin comprobante,,ARS,f,"Falta: empresa, subrubro, centro_costo, tipo_egreso | Gasto operativo de inmueble.",20260109|NETSHARING SA|GASTO SIN COMPROBANTE|727.732
7dda1b4b-edd0-4967-b669-7b438d27cd7c,2026-01-09,2026-01,Pago Honorarios Ramiro (diseño Web),825000.0,,Transferencia Bancaria,Estimado,matriz_historica,revisar,bee3671b-e640-4c7b-b015-5d2ace3a2cf4,2c118e4e-3848-4b55-8b25-ac23a8846c7f,Gasto sin comprobante,,ARS,f,"Falta: empresa, subrubro, centro_costo, tipo_egreso | Requiere revisión manual para gestión.",20260109|NETSHARING SA|GASTO SIN COMPROBANTE|825.000
d5b06ad4-43c8-4d3f-ae24-679dbf175c95,2026-01-09,2026-01,Com. Ventas Mensual Ignacio - Diciembre 2025,900000.0,,Efectivo,Estimado,matriz_historica,revisar,6f678363-205a-4081-ae32-2d2a8999f5e2,2c118e4e-3848-4b55-8b25-ac23a8846c7f,Gasto sin comprobante,,ARS,f,"Falta: empresa, subrubro, centro_costo, tipo_egreso | Requiere revisión manual para gestión.",20260109|NETSHARING SA|GASTO SIN COMPROBANTE|900.000
93b4172a-eca5-4565-95d7-055dce6e92fe,2026-01-09,2026-01,Alquiler Oficina Carlos Pellegrini 887 - 4to 12/2025,4387460.0,,Transferencia Bancaria,Estimado,matriz_historica,revisar,8c386e63-369e-4890-bef9-2e4cae4f225e,2c118e4e-3848-4b55-8b25-ac23a8846c7f,Gasto sin comprobante,,ARS,f,"Falta: empresa, subrubro, centro_costo, tipo_egreso | Gasto operativo de inmueble.",20260109|NETSHARING SA|GASTO SIN COMPROBANTE|4.387.460
a6b9ad9c-581f-443c-a7e2-166952f5c551,2026-01-09,2026-01,Honorarios Contables - Francisco Lasagna - Factura 12/2025,50000.0,,Transferencia Bancaria,Estimado,matriz_historica,revisar,7d540775-8719-4ead-991c-9055dd764fef,0a184561-fd10-43ac-9fab-2d691a0ab10a,Gasto sin comprobante,,ARS,f,"Falta: empresa, subrubro, centro_costo, tipo_egreso | Requiere revisión manual para gestión.",20260109|PERMAWE SRL|GASTO SIN COMPROBANTE|50.000
578ec60e-3384-41c7-b523-80adda8eccb7,2026-01-09,2026-01,Honorarios Contables - Francisco Lasagna - Factura 12/2025,50000.0,,Transferencia Bancaria,Estimado,matriz_historica,revisar,7d540775-8719-4ead-991c-9055dd764fef,0a184561-fd10-43ac-9fab-2d691a0ab10a,Gasto sin comprobante,,ARS,f,"Falta: empresa, subrubro, centro_costo, tipo_egreso | Requiere revisión manual para gestión.",20260109|PERMAWE SRL|GASTO SIN COMPROBANTE|50.000
29e47ebe-a235-47e4-9d9c-31ef7a80bcb8,2026-01-09,2026-01,Honorarios Contables - Francisco Lasagna - Factura 12/2025,50000.0,,Transferencia Bancaria,Estimado,matriz_historica,revisar,7d540775-8719-4ead-991c-9055dd764fef,ca6aa897-f6de-4ef0-aaaf-03b48d6707b4,Gasto sin comprobante,,ARS,f,"Falta: empresa, subrubro, centro_costo, tipo_egreso | Requiere revisión manual para gestión.",20260109|SINAPSIS CONNECT SRL|GASTO SIN COMPROBANTE|50.000
4d093b94-ab50-4f01-92a1-012835dde3be,2026-01-09,2026-01,Honorarios Contables - Francisco Lasagna - Factura 12/2025,50000.0,,Transferencia Bancaria,Estimado,matriz_historica,revisar,7d540775-8719-4ead-991c-9055dd764fef,ca6aa897-f6de-4ef0-aaaf-03b48d6707b4,Gasto sin comprobante,,ARS,f,"Falta: empresa, subrubro, centro_costo, tipo_egreso | Requiere revisión manual para gestión.",20260109|SINAPSIS CONNECT SRL|GASTO SIN COMPROBANTE|50.000
f4e370de-8686-4db7-b453-09599e6fc258,2026-01-10,2026-01,Pago Seguro - Dominio MAH-201,125380.04,,Transferencia Bancaria,Estimado,matriz_historica,revisar,f457200b-42b2-4dd7-8d1e-7912fd4592e3,8160b26b-70a5-45df-b09f-98f2365f7b61,Gasto sin comprobante,,ARS,f,"Falta: empresa, subrubro, centro_costo, tipo_egreso | Requiere revisión manual para gestión.",20260110|FIBER UP SA|GASTO SIN COMPROBANTE|125.380
e0dab1f6-b70a-4867-ab05-40bc63491582,2026-01-10,2026-01,Seguro Incendio Inmueble Grimalde,12297.0,,Débito Automático,Estimado,matriz_historica,revisar,c79a1013-b175-4b93-ba18-e69908201cee,a3831295-0538-40ff-b912-e8cc361d16fc,Gasto sin comprobante,,ARS,f,"Falta: empresa, subrubro, centro_costo, tipo_egreso | Requiere revisión manual para gestión.",20260110|MORA CERO SA|GASTO SIN COMPROBANTE|12.297
55c117b8-c5b6-4b67-a262-b4ad88275b59,2026-01-11,2026-01,Alarmas Comahue AB,36200.01,,Débito Automático,Estimado,matriz_historica,revisar,d8c35c6e-a653-4c16-98c7-0bea59b63438,ae87331f-e6ad-4dc6-ac13-8affd74e6018,Gasto sin comprobante,,ARS,f,"Falta: empresa, subrubro, centro_costo, tipo_egreso | Requiere revisión manual para gestión.",20260111|CAPITAL ASSISTANCE SA|GASTO SIN COMPROBANTE|36.200
09c10f94-e275-4f0c-869c-86c1f61c80df,2026-01-11,2026-01,Publicidad Facebook - Almirante Brown - Redes Alfredo,492000.0,,Transferencia Bancaria,Estimado,matriz_historica,revisar,bee3671b-e640-4c7b-b015-5d2ace3a2cf4,2c118e4e-3848-4b55-8b25-ac23a8846c7f,Gasto sin comprobante,,ARS,f,"Falta: empresa, subrubro, centro_costo, tipo_egreso | Requiere revisión manual para gestión.",20260111|NETSHARING SA|GASTO SIN COMPROBANTE|492.000
ec68ac56-fbac-4ca1-835f-63344d076f1f,2026-01-12,2026-01,Pago UOCRA - IERIC 12/2025,185018.6,,Transferencia Bancaria,Estimado,matriz_historica,revisar,3afe9fbe-11f8-43b3-b28e-a6ae0aff1093,00973821-e775-4164-8183-22f645d4aad6,Gasto sin comprobante,,ARS,f,"Falta: empresa, subrubro, centro_costo, tipo_egreso | Gasto operativo mensual.",20260112|AI BLOCK TECHNOLOGIES SRL|GASTO SIN COMPROBANTE|185.019
3925d1d4-a168-49fd-93e4-dc974e201604,2026-01-12,2026-01,Declaración Jurada Suss: 12/2025,6015168.07,,Transferencia Bancaria,Estimado,matriz_historica,revisar,3afe9fbe-11f8-43b3-b28e-a6ae0aff1093,00973821-e775-4164-8183-22f645d4aad6,Gasto sin comprobante,,ARS,f,"Falta: empresa, subrubro, centro_costo, tipo_egreso | Gasto operativo mensual.",20260112|AI BLOCK TECHNOLOGIES SRL|GASTO SIN COMPROBANTE|6.015.168
42158b09-a274-4ed3-ab54-f8139c10c548,2026-01-12,2026-01,Plan Auto - Debito Automático,245504.88,,Débito Automático,Estimado,matriz_historica,revisar,0b9fe227-8d0e-4879-a6ae-142fe325b343,ae87331f-e6ad-4dc6-ac13-8affd74e6018,Gasto sin comprobante,,ARS,f,"Falta: empresa, subrubro, centro_costo, tipo_egreso | Requiere revisión manual para gestión.",20260112|CAPITAL ASSISTANCE SA|GASTO SIN COMPROBANTE|245.505
62930795-e767-41ac-9ccd-b591004b5c5e,2026-01-12,2026-01,Pago Seguro AH-163-LR,286045.49,,Transferencia Bancaria,Estimado,matriz_historica,revisar,f457200b-42b2-4dd7-8d1e-7912fd4592e3,ae87331f-e6ad-4dc6-ac13-8affd74e6018,Gasto sin comprobante,,ARS,f,"Falta: empresa, subrubro, centro_costo, tipo_egreso | Requiere revisión manual para gestión.",20260112|CAPITAL ASSISTANCE SA|GASTO SIN COMPROBANTE|286.045
e70cd136-8fce-4997-8789-31318eefd288,2026-01-12,2026-01,Honorario Salvador - Publicidad Meta,372500.0,,Transferencia Bancaria,Estimado,matriz_historica,revisar,bee3671b-e640-4c7b-b015-5d2ace3a2cf4,2c118e4e-3848-4b55-8b25-ac23a8846c7f,Gasto sin comprobante,,ARS,f,"Falta: empresa, subrubro, centro_costo, tipo_egreso | Requiere revisión manual para gestión.",20260112|NETSHARING SA|GASTO SIN COMPROBANTE|372.500
9b8ec7da-d6da-4d07-844f-91ab8b86edb9,2026-01-13,2026-01,Declaración Jurada Suss: 12/2025,2436928.89,,Transferencia Bancaria,Estimado,matriz_historica,revisar,3afe9fbe-11f8-43b3-b28e-a6ae0aff1093,5d1b320a-cfc6-491b-bccf-cb4ee397b256,Gasto sin comprobante,,ARS,f,"Falta: empresa, subrubro, centro_costo, tipo_egreso | Gasto operativo mensual.",20260113|AKAI SA|GASTO SIN COMPROBANTE|2.436.929
2a6f7a96-85a5-4536-874a-ba263f8a5848,2026-01-13,2026-01,Rep. FF Sergio Araujo,307000.0,,Efectivo,Estimado,matriz_historica,revisar,bb1c15ed-e9c2-4d30-a2b8-851a5f97297b,2d1f2a4e-e4f8-4327-9230-7ee2cc10e352,Gasto sin comprobante,,ARS,f,"Falta: empresa, subrubro, centro_costo, tipo_egreso | Abrir por comprobantes: combustible/viáticos OPEX; herramientas/materiales CAPEX.",20260113|ARGENGRAFT SRL|GASTO SIN COMPROBANTE|307.000
521f0c10-73c6-4cc5-bd68-43a2de898fdc,2026-01-13,2026-01,Rep. FF Maximiliano Bernardis,480900.0,,Efectivo,Estimado,matriz_historica,revisar,bb1c15ed-e9c2-4d30-a2b8-851a5f97297b,2d1f2a4e-e4f8-4327-9230-7ee2cc10e352,Gasto sin comprobante,,ARS,f,"Falta: empresa, subrubro, centro_costo, tipo_egreso | Abrir por comprobantes: combustible/viáticos OPEX; herramientas/materiales CAPEX.",20260113|ARGENGRAFT SRL|GASTO SIN COMPROBANTE|480.900
f5d4c5e1-4379-4a81-9172-af4ec71214d5,2026-01-13,2026-01,Rep. FF Raul Acevedo,313800.0,,Efectivo,Estimado,matriz_historica,revisar,bb1c15ed-e9c2-4d30-a2b8-851a5f97297b,8160b26b-70a5-45df-b09f-98f2365f7b61,Gasto sin comprobante,,ARS,f,"Falta: empresa, subrubro, centro_costo, tipo_egreso | Abrir por comprobantes: combustible/viáticos OPEX; herramientas/materiales CAPEX.",20260113|FIBER UP SA|GASTO SIN COMPROBANTE|313.800
acf9647f-dc8a-4497-bd1e-2994300c38cd,2026-01-13,2026-01,Pago Sindicato 12/2025 (estimado),156771.9,,Transferencia Bancaria,Estimado,matriz_historica,revisar,3afe9fbe-11f8-43b3-b28e-a6ae0aff1093,a3831295-0538-40ff-b912-e8cc361d16fc,Gasto sin comprobante,,ARS,f,"Falta: empresa, subrubro, centro_costo, tipo_egreso | Gasto operativo mensual.",20260113|MORA CERO SA|GASTO SIN COMPROBANTE|156.772
701d4ebe-bc1b-4b40-ae12-655bdc7efb5b,2026-01-13,2026-01,Declaración Jurada Suss: 12/2025 (Estimado),715810.09,,Transferencia Bancaria,Estimado,matriz_historica,revisar,3afe9fbe-11f8-43b3-b28e-a6ae0aff1093,a3831295-0538-40ff-b912-e8cc361d16fc,Gasto sin comprobante,,ARS,f,"Falta: empresa, subrubro, centro_costo, tipo_egreso | Gasto operativo mensual.",20260113|MORA CERO SA|GASTO SIN COMPROBANTE|715.810
24b4e4af-fd04-49d1-b65a-142209eaa3a1,2026-01-13,2026-01,Com. Ventas semanales Almirante Brown,90500.0,,Efectivo,Estimado,matriz_historica,revisar,6f678363-205a-4081-ae32-2d2a8999f5e2,2c118e4e-3848-4b55-8b25-ac23a8846c7f,Gasto sin comprobante,,ARS,f,"Falta: empresa, subrubro, centro_costo, tipo_egreso | Requiere revisión manual para gestión.",20260113|NETSHARING SA|GASTO SIN COMPROBANTE|90.500
a3ab4601-1ab3-4ebd-88fe-5094df6ad9d0,2026-01-13,2026-01,Abono Metrotel Of. Carlos Pellegrini 887,105772.0,,Transferencia Bancaria,Estimado,matriz_historica,revisar,c79a1013-b175-4b93-ba18-e69908201cee,2c118e4e-3848-4b55-8b25-ac23a8846c7f,Gasto sin comprobante,,ARS,f,"Falta: empresa, subrubro, centro_costo, tipo_egreso | Requiere revisión manual para gestión.",20260113|NETSHARING SA|GASTO SIN COMPROBANTE|105.772
ce00d2b2-25e6-4af5-afc6-082f98f55f2f,2026-01-13,2026-01,Retiro de ONU - Reconexión de ONU - Candela,138000.0,,Efectivo,Estimado,matriz_historica,revisar,8ac1dd5b-a9a7-4236-ae0d-85fa08133eaa,2c118e4e-3848-4b55-8b25-ac23a8846c7f,Gasto sin comprobante,,ARS,f,"Falta: empresa, subrubro, centro_costo, tipo_egreso | Regla definida: herramientas y materiales se clasifican como CAPEX.",20260113|NETSHARING SA|GASTO SIN COMPROBANTE|138.000
0aedebb8-c59e-43c1-997e-9b6b28698599,2026-01-13,2026-01,Rep. FF Alfredo Bockl,178300.0,,Efectivo,Estimado,matriz_historica,revisar,bb1c15ed-e9c2-4d30-a2b8-851a5f97297b,2c118e4e-3848-4b55-8b25-ac23a8846c7f,Gasto sin comprobante,,ARS,f,"Falta: empresa, subrubro, centro_costo, tipo_egreso | Abrir por comprobantes: combustible/viáticos OPEX; herramientas/materiales CAPEX.",20260113|NETSHARING SA|GASTO SIN COMPROBANTE|178.300
cc4cf4ff-04a3-442e-9a5f-23e437db6bf4,2026-01-13,2026-01,Instalaciones - Nahuel Reyes Semana: 04/01 - 10/01,390000.0,,Efectivo,Estimado,matriz_historica,revisar,8ac1dd5b-a9a7-4236-ae0d-85fa08133eaa,2c118e4e-3848-4b55-8b25-ac23a8846c7f,Gasto sin comprobante,,ARS,f,"Falta: empresa, subrubro, centro_costo, tipo_egreso | Requiere revisión manual para gestión.",20260113|NETSHARING SA|GASTO SIN COMPROBANTE|390.000
75e668de-d8f7-4e4b-bb98-e994cc328f38,2026-01-13,2026-01,Instalaciones - Maximiliano Semana: 04/01 - 10/01,450000.0,,Efectivo,Estimado,matriz_historica,revisar,8ac1dd5b-a9a7-4236-ae0d-85fa08133eaa,2c118e4e-3848-4b55-8b25-ac23a8846c7f,Gasto sin comprobante,,ARS,f,"Falta: empresa, subrubro, centro_costo, tipo_egreso | Requiere revisión manual para gestión.",20260113|NETSHARING SA|GASTO SIN COMPROBANTE|450.000
3e06e055-0791-4ce4-9d51-de39c97344ca,2026-01-13,2026-01,Pago Sindicato 12/2025,455638.95,,Transferencia Bancaria,Estimado,matriz_historica,revisar,3afe9fbe-11f8-43b3-b28e-a6ae0aff1093,2c118e4e-3848-4b55-8b25-ac23a8846c7f,Gasto sin comprobante,,ARS,f,"Falta: empresa, subrubro, centro_costo, tipo_egreso | Gasto operativo mensual.",20260113|NETSHARING SA|GASTO SIN COMPROBANTE|455.639
07bbd261-d216-4b1c-b4be-88d2c5c6a7ec,2026-01-13,2026-01,Instalaciones - Antonio Semana: 04/01 - 10/01,510000.0,,Efectivo,Estimado,matriz_historica,revisar,8ac1dd5b-a9a7-4236-ae0d-85fa08133eaa,2c118e4e-3848-4b55-8b25-ac23a8846c7f,Gasto sin comprobante,,ARS,f,"Falta: empresa, subrubro, centro_costo, tipo_egreso | Requiere revisión manual para gestión.",20260113|NETSHARING SA|GASTO SIN COMPROBANTE|510.000
ba034a72-8505-4ddd-ade0-37d9f5429d13,2026-01-13,2026-01,Sopnet - Server Fusion - Echeq 01 - 05,1401283.91,,ECHEQ,Estimado,matriz_historica,revisar,ec2dd757-a3c4-4924-ab86-ffd948ee8842,2c118e4e-3848-4b55-8b25-ac23a8846c7f,Gasto sin comprobante,,ARS,f,"Falta: empresa, subrubro, centro_costo, tipo_egreso | Requiere revisión manual para gestión.",20260113|NETSHARING SA|GASTO SIN COMPROBANTE|1.401.284
d9f1b468-7e00-42ed-b8b0-2c5594cc6295,2026-01-13,2026-01,Declaración Jurada Suss: 12/2025 (Estimado),5165856.28,,Transferencia Bancaria,Estimado,matriz_historica,revisar,3afe9fbe-11f8-43b3-b28e-a6ae0aff1093,2c118e4e-3848-4b55-8b25-ac23a8846c7f,Gasto sin comprobante,,ARS,f,"Falta: empresa, subrubro, centro_costo, tipo_egreso | Gasto operativo mensual.",20260113|NETSHARING SA|GASTO SIN COMPROBANTE|5.165.856
bb58ab84-82b5-403a-9d20-3d57d101c8fa,2026-01-13,2026-01,Pago Sindicato 12/2025 (estimado),75266.95,,Transferencia Bancaria,Estimado,matriz_historica,revisar,3afe9fbe-11f8-43b3-b28e-a6ae0aff1093,412f3f61-3312-4bb0-ae19-e3b789145d6c,Gasto sin comprobante,,ARS,f,"Falta: empresa, subrubro, centro_costo, tipo_egreso | Gasto operativo mensual.",20260113|TOOLS SOLUTION SA|GASTO SIN COMPROBANTE|75.267
2dd86fe8-dd63-4a16-8411-27c4845ff259,2026-01-13,2026-01,Declaración Jurada Suss: 12/2025 (Estimado),496483.1,,Transferencia Bancaria,Estimado,matriz_historica,revisar,3afe9fbe-11f8-43b3-b28e-a6ae0aff1093,412f3f61-3312-4bb0-ae19-e3b789145d6c,Gasto sin comprobante,,ARS,f,"Falta: empresa, subrubro, centro_costo, tipo_egreso | Gasto operativo mensual.",20260113|TOOLS SOLUTION SA|GASTO SIN COMPROBANTE|496.483
fd305c02-3fc9-42bc-8c60-ab6fb7344e32,2026-01-14,2026-01,Combustible Autos - Capitan Sarmiento,40000.0,,Efectivo,Estimado,matriz_historica,revisar,f457200b-42b2-4dd7-8d1e-7912fd4592e3,2c118e4e-3848-4b55-8b25-ac23a8846c7f,Gasto sin comprobante,,ARS,f,"Falta: empresa, subrubro, centro_costo, tipo_egreso | Requiere revisión manual para gestión.",20260114|NETSHARING SA|GASTO SIN COMPROBANTE|40000.00
1368cedb-04d1-47eb-a8c0-959b1de13ba8,2026-01-14,2026-01,Pago abono mensual Dodolink - 12/2025 - NOC Varela (estimado),131390.0,,Transferencia Bancaria,Estimado,matriz_historica,revisar,74d83cac-df0b-4413-b160-92e262a61fcb,2c118e4e-3848-4b55-8b25-ac23a8846c7f,Gasto sin comprobante,,ARS,f,"Falta: empresa, subrubro, centro_costo, tipo_egreso | Proveedor mayorista recurrente.",20260114|NETSHARING SA|GASTO SIN COMPROBANTE|131.390
ca97a7f7-8d5c-42b1-89d7-49f5912ea0d5,2026-01-14,2026-01,Pago abono mensual Dodolink - 12/2025 - NOC Burzaco (estimado),2507120.0,,Transferencia Bancaria,Estimado,matriz_historica,revisar,74d83cac-df0b-4413-b160-92e262a61fcb,2c118e4e-3848-4b55-8b25-ac23a8846c7f,Gasto sin comprobante,,ARS,f,"Falta: empresa, subrubro, centro_costo, tipo_egreso | Proveedor mayorista recurrente.",20260114|NETSHARING SA|GASTO SIN COMPROBANTE|2.507.120
0ce1a4b9-f6a3-4a36-b83b-a64474dffaad,2026-01-15,2026-01,Fondo Cese Laboral 12/2025,659612.23,,Transferencia Bancaria,Estimado,matriz_historica,revisar,3afe9fbe-11f8-43b3-b28e-a6ae0aff1093,00973821-e775-4164-8183-22f645d4aad6,Gasto sin comprobante,,ARS,f,"Falta: empresa, subrubro, centro_costo, tipo_egreso | Gasto operativo mensual.",20260115|AI BLOCK TECHNOLOGIES SRL|GASTO SIN COMPROBANTE|659.612
99258786-f6c2-45b3-98c6-9b4d40ee962c,2026-01-15,2026-01,Pago FC Municipal - Capitan Sarmiento Casa,12169.5,,Transferencia Bancaria,Estimado,matriz_historica,revisar,c79a1013-b175-4b93-ba18-e69908201cee,ae87331f-e6ad-4dc6-ac13-8affd74e6018,Gasto sin comprobante,,ARS,f,"Falta: empresa, subrubro, centro_costo, tipo_egreso | Requiere revisión manual para gestión.",20260115|CAPITAL ASSISTANCE SA|GASTO SIN COMPROBANTE|12.170
e87f5de5-61c1-4ec2-83f6-8e1443753549,2026-01-15,2026-01,Pago FC Municipal - Capitan Sarmiento Local,16444.0,,Transferencia Bancaria,Estimado,matriz_historica,revisar,c79a1013-b175-4b93-ba18-e69908201cee,ae87331f-e6ad-4dc6-ac13-8affd74e6018,Gasto sin comprobante,,ARS,f,"Falta: empresa, subrubro, centro_costo, tipo_egreso | Requiere revisión manual para gestión.",20260115|CAPITAL ASSISTANCE SA|GASTO SIN COMPROBANTE|16.444
e5226ca9-7e98-49b2-a963-37a65c6ccb30,2026-01-15,2026-01,Pago FC Edesur - Deposito Burzaco,857925.59,,Transferencia Bancaria,Estimado,matriz_historica,revisar,c79a1013-b175-4b93-ba18-e69908201cee,ae87331f-e6ad-4dc6-ac13-8affd74e6018,Gasto sin comprobante,,ARS,f,"Falta: empresa, subrubro, centro_costo, tipo_egreso | Requiere revisión manual para gestión.",20260115|CAPITAL ASSISTANCE SA|GASTO SIN COMPROBANTE|857.926
08d317a0-8d09-47d7-9189-591e6b5ca363,2026-01-15,2026-01,Pago IIBB 12/2025,444991.43,,Transferencia Bancaria,Estimado,matriz_historica,revisar,57f782a8-a815-4e51-b69b-9a2f5d619ca0,8160b26b-70a5-45df-b09f-98f2365f7b61,Gasto sin comprobante,,ARS,f,"Falta: empresa, subrubro, centro_costo, tipo_egreso | Requiere revisión manual para gestión.",20260115|FIBER UP SA|GASTO SIN COMPROBANTE|444.991
024cb5bd-6429-489c-9622-dd90e245b982,2026-01-15,2026-01,Lavadero de Autos - Capitan Sarmiento - 2 vehículos,30000.0,,Efectivo,Estimado,matriz_historica,revisar,f457200b-42b2-4dd7-8d1e-7912fd4592e3,2c118e4e-3848-4b55-8b25-ac23a8846c7f,Gasto sin comprobante,,ARS,f,"Falta: empresa, subrubro, centro_costo, tipo_egreso | Requiere revisión manual para gestión.",20260115|NETSHARING SA|GASTO SIN COMPROBANTE|30.000
917a6e4d-7d71-4eec-88cd-aca61d45fc8b,2026-01-15,2026-01,Sopnet Abono mensual - Varela,240790.0,,Transferencia Bancaria,Estimado,matriz_historica,revisar,401bd464-2d3e-4930-b6d4-b2ebe0063670,2c118e4e-3848-4b55-8b25-ac23a8846c7f,Gasto sin comprobante,,ARS,f,"Falta: empresa, subrubro, centro_costo, tipo_egreso | Requiere revisión manual para gestión.",20260115|NETSHARING SA|GASTO SIN COMPROBANTE|240.790
b2b6eecb-dcfb-4dcb-a3de-7b72c93112b1,2026-01-15,2026-01,Com. Ventas Mensual CABA - Diciembre 2025,490000.0,,Efectivo,Estimado,matriz_historica,revisar,6f678363-205a-4081-ae32-2d2a8999f5e2,2c118e4e-3848-4b55-8b25-ac23a8846c7f,Gasto sin comprobante,,ARS,f,"Falta: empresa, subrubro, centro_costo, tipo_egreso | Requiere revisión manual para gestión.",20260115|NETSHARING SA|GASTO SIN COMPROBANTE|490.000
08914ac2-7970-46db-82f5-fe2c92ed05a4,2026-01-15,2026-01,Abono mensual BircleAI - Diciembre 2025,1053484.38,,Transferencia Bancaria,Estimado,matriz_historica,revisar,bee3671b-e640-4c7b-b015-5d2ace3a2cf4,2c118e4e-3848-4b55-8b25-ac23a8846c7f,Gasto sin comprobante,,ARS,f,"Falta: empresa, subrubro, centro_costo, tipo_egreso | Requiere revisión manual para gestión.",20260115|NETSHARING SA|GASTO SIN COMPROBANTE|1.053.484
f7010b60-bf18-43c1-9240-29978276b30d,2026-01-15,2026-01,Sopnet Abono mensual - Capitan Sarmiento,1141272.0,,Transferencia Bancaria,Estimado,matriz_historica,revisar,401bd464-2d3e-4930-b6d4-b2ebe0063670,2c118e4e-3848-4b55-8b25-ac23a8846c7f,Gasto sin comprobante,,ARS,f,"Falta: empresa, subrubro, centro_costo, tipo_egreso | Requiere revisión manual para gestión.",20260115|NETSHARING SA|GASTO SIN COMPROBANTE|1.141.272
564c5831-6456-4c98-b651-55d0950f3f6a,2026-01-15,2026-01,Sopnet Abono mensual - Almirante Brown,1426590.0,,Transferencia Bancaria,Estimado,matriz_historica,revisar,401bd464-2d3e-4930-b6d4-b2ebe0063670,2c118e4e-3848-4b55-8b25-ac23a8846c7f,Gasto sin comprobante,,ARS,f,"Falta: empresa, subrubro, centro_costo, tipo_egreso | Requiere revisión manual para gestión.",20260115|NETSHARING SA|GASTO SIN COMPROBANTE|1.426.590
20f11f71-48f9-43cf-b17d-41bf78e45958,2026-01-16,2026-01,Factura Alfamedica - Preocupacionales,97005.2,,Transferencia Bancaria,Estimado,matriz_historica,revisar,3afe9fbe-11f8-43b3-b28e-a6ae0aff1093,00973821-e775-4164-8183-22f645d4aad6,Gasto sin comprobante,,ARS,f,"Falta: empresa, subrubro, centro_costo, tipo_egreso | Gasto operativo mensual.",20260116|AI BLOCK TECHNOLOGIES SRL|GASTO SIN COMPROBANTE|97.005
efa48765-0897-4a3c-ad51-996d288ae261,2026-01-16,2026-01,Plan Facilidades - ARCA Ct 03 de 12,312760.0,,Transferencia Bancaria,Estimado,matriz_historica,revisar,57f782a8-a815-4e51-b69b-9a2f5d619ca0,ae87331f-e6ad-4dc6-ac13-8affd74e6018,Gasto sin comprobante,,ARS,f,"Falta: empresa, subrubro, centro_costo, tipo_egreso | Requiere revisión manual para gestión.",20260116|CAPITAL ASSISTANCE SA|GASTO SIN COMPROBANTE|312.760
ba230ee4-5a72-4a8b-882a-bba77e192aed,2026-01-16,2026-01,Certificación Contrato Alquiler - FC Canera Julieta,123020.0,,Transferencia Bancaria,Estimado,matriz_historica,revisar,7d540775-8719-4ead-991c-9055dd764fef,a3831295-0538-40ff-b912-e8cc361d16fc,Gasto sin comprobante,,ARS,f,"Falta: empresa, subrubro, centro_costo, tipo_egreso | Gasto operativo de inmueble.",20260116|MORA CERO SA|GASTO SIN COMPROBANTE|123.020
181d5ae4-2d19-460c-a291-1a1ed43e2000,2026-01-16,2026-01,Factura Alfamedica - Preocupacionales,194010.4,,Transferencia Bancaria,Estimado,matriz_historica,revisar,3afe9fbe-11f8-43b3-b28e-a6ae0aff1093,2c118e4e-3848-4b55-8b25-ac23a8846c7f,Gasto sin comprobante,,ARS,f,"Falta: empresa, subrubro, centro_costo, tipo_egreso | Gasto operativo mensual.",20260116|NETSHARING SA|GASTO SIN COMPROBANTE|194.010
c7e03536-53b4-48d1-8b2a-14fbfe8864d8,2026-01-16,2026-01,Declaración Jurada IIBB: 12/2025 (estimado),3232.17,,Transferencia Bancaria,Estimado,matriz_historica,revisar,57f782a8-a815-4e51-b69b-9a2f5d619ca0,169b39f8-5b5d-4ca9-8480-43acc4095b49,Gasto sin comprobante,,ARS,f,"Falta: empresa, subrubro, centro_costo, tipo_egreso | Requiere revisión manual para gestión.",20260116|SINDEL GROUP SRL|GASTO SIN COMPROBANTE|3.232
f0328f7f-7567-4551-bb09-265f45f86625,2026-01-18,2026-01,Declaración Jurada IIBB: 12/2025,112187.85,,Transferencia Bancaria,Estimado,matriz_historica,revisar,57f782a8-a815-4e51-b69b-9a2f5d619ca0,5d1b320a-cfc6-491b-bccf-cb4ee397b256,Gasto sin comprobante,,ARS,f,"Falta: empresa, subrubro, centro_costo, tipo_egreso | Requiere revisión manual para gestión.",20260118|AKAI SA|GASTO SIN COMPROBANTE|112.188
d79a6c26-9183-4482-a458-16c709331f2e,2026-01-18,2026-01,Pago IVA - 12/2025,37482.46,,Transferencia Bancaria,Estimado,matriz_historica,revisar,57f782a8-a815-4e51-b69b-9a2f5d619ca0,d3df491b-f0f2-4b79-a73f-36fda5f2bba7,Gasto sin comprobante,,ARS,f,"Falta: empresa, subrubro, centro_costo, tipo_egreso | Requiere revisión manual para gestión.",20260118|LA EXPRESION SRL|GASTO SIN COMPROBANTE|37.482
4c8ffe87-3c2d-4827-865f-6317e51f45f4,2026-01-19,2026-01,Sueldo 1ra Quincena 12/2025 (Recibo) - Monzon Hugo,423164.54,,Transferencia Bancaria,Estimado,matriz_historica,revisar,3afe9fbe-11f8-43b3-b28e-a6ae0aff1093,00973821-e775-4164-8183-22f645d4aad6,Gasto sin comprobante,,ARS,f,"Falta: empresa, subrubro, centro_costo, tipo_egreso | Gasto operativo mensual.",20260119|AI BLOCK TECHNOLOGIES SRL|GASTO SIN COMPROBANTE|423.165
feb6af52-06ab-488a-ad6b-1dd22d46f52f,2026-01-19,2026-01,Sueldo 1ra Quincena 12/2025 (Recibo) - Nahuel Insaurralde,423164.54,,Transferencia Bancaria,Estimado,matriz_historica,revisar,3afe9fbe-11f8-43b3-b28e-a6ae0aff1093,00973821-e775-4164-8183-22f645d4aad6,Gasto sin comprobante,,ARS,f,"Falta: empresa, subrubro, centro_costo, tipo_egreso | Gasto operativo mensual.",20260119|AI BLOCK TECHNOLOGIES SRL|GASTO SIN COMPROBANTE|423.165
5c8fe2e2-d6c1-4ad7-bec4-2349aa20eda0,2026-01-19,2026-01,Sueldo 1ra Quincena 12/2025 (Recibo) - Córdoba Mauro,500103.56,,Transferencia Bancaria,Estimado,matriz_historica,revisar,3afe9fbe-11f8-43b3-b28e-a6ae0aff1093,00973821-e775-4164-8183-22f645d4aad6,Gasto sin comprobante,,ARS,f,"Falta: empresa, subrubro, centro_costo, tipo_egreso | Gasto operativo mensual.",20260119|AI BLOCK TECHNOLOGIES SRL|GASTO SIN COMPROBANTE|500.104
522ba184-0fa3-4eca-b1b8-2718355c3201,2026-01-19,2026-01,Sueldo 1ra Quincena 12/2025 (Recibo)- Gramajo Mauro,500103.56,,Transferencia Bancaria,Estimado,matriz_historica,revisar,3afe9fbe-11f8-43b3-b28e-a6ae0aff1093,00973821-e775-4164-8183-22f645d4aad6,Gasto sin comprobante,,ARS,f,"Falta: empresa, subrubro, centro_costo, tipo_egreso | Gasto operativo mensual.",20260119|AI BLOCK TECHNOLOGIES SRL|GASTO SIN COMPROBANTE|500.104
6cba7c74-c8ad-4544-8b3a-b13dad31b56a,2026-01-19,2026-01,Sueldo 1ra Quincena 12/2025 (Recibo) - Maldonado Rodolfo,519577.34,,Transferencia Bancaria,Estimado,matriz_historica,revisar,3afe9fbe-11f8-43b3-b28e-a6ae0aff1093,00973821-e775-4164-8183-22f645d4aad6,Gasto sin comprobante,,ARS,f,"Falta: empresa, subrubro, centro_costo, tipo_egreso | Gasto operativo mensual.",20260119|AI BLOCK TECHNOLOGIES SRL|GASTO SIN COMPROBANTE|519.577
34f37117-d0b2-43ce-b995-8a06e80fe935,2026-01-19,2026-01,Sueldo 1ra Quincena 12/2025 (Recibo)- Oliva Matias,519577.34,,Transferencia Bancaria,Estimado,matriz_historica,revisar,3afe9fbe-11f8-43b3-b28e-a6ae0aff1093,00973821-e775-4164-8183-22f645d4aad6,Gasto sin comprobante,,ARS,f,"Falta: empresa, subrubro, centro_costo, tipo_egreso | Gasto operativo mensual.",20260119|AI BLOCK TECHNOLOGIES SRL|GASTO SIN COMPROBANTE|519.577
1fff773c-0c92-4d6d-b678-36ea353ea7c9,2026-01-19,2026-01,Sueldo 1ra Quincena 12/2025 (Recibo) - Gallo Gonzalo,614045.96,,Transferencia Bancaria,Estimado,matriz_historica,revisar,3afe9fbe-11f8-43b3-b28e-a6ae0aff1093,00973821-e775-4164-8183-22f645d4aad6,Gasto sin comprobante,,ARS,f,"Falta: empresa, subrubro, centro_costo, tipo_egreso | Gasto operativo mensual.",20260119|AI BLOCK TECHNOLOGIES SRL|GASTO SIN COMPROBANTE|614.046
fb5f505a-daba-4b67-aa88-23157394dbbe,2026-01-19,2026-01,Declaración Jurada IIBB: 12/2025 (estimado),153.5,,Transferencia Bancaria,Estimado,matriz_historica,revisar,57f782a8-a815-4e51-b69b-9a2f5d619ca0,d8bc0e6a-dee3-49cc-ab4a-6841af77c205,Gasto sin comprobante,,ARS,f,"Falta: empresa, subrubro, centro_costo, tipo_egreso | Requiere revisión manual para gestión.",20260119|LSJ SRL|GASTO SIN COMPROBANTE|154
a5f449b8-82aa-4f89-8d28-804327afbdcd,2026-01-19,2026-01,Mudanza Capitan Sarmiento - Glew,450000.0,,Transferencia Bancaria,Estimado,matriz_historica,revisar,3afe9fbe-11f8-43b3-b28e-a6ae0aff1093,a3831295-0538-40ff-b912-e8cc361d16fc,Gasto sin comprobante,,ARS,f,"Falta: empresa, subrubro, centro_costo, tipo_egreso | Gasto operativo mensual.",20260119|MORA CERO SA|GASTO SIN COMPROBANTE|450.000
229c8dfb-4dcb-4cbf-a36e-d5bd9299d242,2026-01-19,2026-01,Compra materiales: Grampas N8 - Capitan Sarmiento,8000.0,,Efectivo,Estimado,matriz_historica,revisar,b15301ef-1ff7-4a06-9463-6486f2c5fe57,2c118e4e-3848-4b55-8b25-ac23a8846c7f,Gasto sin comprobante,,ARS,f,"Falta: empresa, subrubro, centro_costo, tipo_egreso | Regla definida: herramientas y materiales se clasifican como CAPEX.",20260119|NETSHARING SA|GASTO SIN COMPROBANTE|8.000
ec942b66-3e83-474f-8392-ab89f01c2652,2026-01-19,2026-01,Gastos Parquero Local exterior - Capitan Sarmiento,10000.0,,Efectivo,Estimado,matriz_historica,revisar,c79a1013-b175-4b93-ba18-e69908201cee,2c118e4e-3848-4b55-8b25-ac23a8846c7f,Gasto sin comprobante,,ARS,f,"Falta: empresa, subrubro, centro_costo, tipo_egreso | Requiere revisión manual para gestión.",20260119|NETSHARING SA|GASTO SIN COMPROBANTE|10.000
e94ee640-6e79-4023-9399-8fc28a2608d1,2026-01-19,2026-01,Gastos Librería (mochila Serv. Técnico) - Capitan Sarmiento,11000.0,,Efectivo,Estimado,matriz_historica,revisar,5aa4a93a-17f8-444b-ac22-b536e094bc86,2c118e4e-3848-4b55-8b25-ac23a8846c7f,Gasto sin comprobante,,ARS,f,"Falta: empresa, subrubro, centro_costo, tipo_egreso | Requiere revisión manual para gestión.",20260119|NETSHARING SA|GASTO SIN COMPROBANTE|11.000
4a815a92-f3ad-4e5c-89fa-197072baa450,2026-01-19,2026-01,Latino: compra de materiales - Echeq 03 de 03,255583.95,,ECHEQ,Estimado,matriz_historica,revisar,b15301ef-1ff7-4a06-9463-6486f2c5fe57,2c118e4e-3848-4b55-8b25-ac23a8846c7f,Gasto sin comprobante,,ARS,f,"Falta: empresa, subrubro, centro_costo, tipo_egreso | Regla definida: herramientas y materiales se clasifican como CAPEX.",20260119|NETSHARING SA|GASTO SIN COMPROBANTE|255.584
d03cac00-c7b7-4c74-a7d5-95b8aa107074,2026-01-19,2026-01,Pago ABL Of. Pellegrini 01/2026,343554.08,,Transferencia Bancaria,Estimado,matriz_historica,revisar,c79a1013-b175-4b93-ba18-e69908201cee,2c118e4e-3848-4b55-8b25-ac23a8846c7f,Gasto sin comprobante,,ARS,f,"Falta: empresa, subrubro, centro_costo, tipo_egreso | Requiere revisión manual para gestión.",20260119|NETSHARING SA|GASTO SIN COMPROBANTE|343.554
c3edcf72-bd95-495f-b95e-b4a9f7b1ae7b,2026-01-19,2026-01,Com. Ventas quincenales Capitan Sarmiento 01/2026 - Marcelo / Gaspar (1ª quincena),450000.0,,Efectivo,Estimado,matriz_historica,revisar,6f678363-205a-4081-ae32-2d2a8999f5e2,2c118e4e-3848-4b55-8b25-ac23a8846c7f,Gasto sin comprobante,,ARS,f,"Falta: empresa, subrubro, centro_costo, tipo_egreso | Requiere revisión manual para gestión.",20260119|NETSHARING SA|GASTO SIN COMPROBANTE|450.000
35cb89fd-a6b3-4279-8baf-04750164f85a,2026-01-19,2026-01,Declaración Jurada IIBB: 12/2025 (estimado),5401.0,,Transferencia Bancaria,Estimado,matriz_historica,revisar,57f782a8-a815-4e51-b69b-9a2f5d619ca0,412f3f61-3312-4bb0-ae19-e3b789145d6c,Gasto sin comprobante,,ARS,f,"Falta: empresa, subrubro, centro_costo, tipo_egreso | Requiere revisión manual para gestión.",20260119|TOOLS SOLUTION SA|GASTO SIN COMPROBANTE|5.401
e85ec424-26bb-4484-a796-1838c596a5fc,2026-01-20,2026-01,Rep. FF Sergio Araujo,204500.0,,Efectivo,Estimado,matriz_historica,revisar,bb1c15ed-e9c2-4d30-a2b8-851a5f97297b,2d1f2a4e-e4f8-4327-9230-7ee2cc10e352,Gasto sin comprobante,,ARS,f,"Falta: empresa, subrubro, centro_costo, tipo_egreso | Abrir por comprobantes: combustible/viáticos OPEX; herramientas/materiales CAPEX.",20260120|ARGENGRAFT SRL|GASTO SIN COMPROBANTE|204.500
afe5856c-f7ce-4a39-9e3d-bed2a373e27d,2026-01-20,2026-01,Rep. FF Maximiliano Bernardis,578897.0,,Efectivo,Estimado,matriz_historica,revisar,bb1c15ed-e9c2-4d30-a2b8-851a5f97297b,2d1f2a4e-e4f8-4327-9230-7ee2cc10e352,Gasto sin comprobante,,ARS,f,"Falta: empresa, subrubro, centro_costo, tipo_egreso | Abrir por comprobantes: combustible/viáticos OPEX; herramientas/materiales CAPEX.",20260120|ARGENGRAFT SRL|GASTO SIN COMPROBANTE|578.897
defde131-5772-4d47-a047-f19d3597a77a,2026-01-20,2026-01,Pago FC Eden - Capitan Sarmiento Casa,86836.28,,Transferencia Bancaria,Estimado,matriz_historica,revisar,c79a1013-b175-4b93-ba18-e69908201cee,ae87331f-e6ad-4dc6-ac13-8affd74e6018,Gasto sin comprobante,,ARS,f,"Falta: empresa, subrubro, centro_costo, tipo_egreso | Requiere revisión manual para gestión.",20260120|CAPITAL ASSISTANCE SA|GASTO SIN COMPROBANTE|86.836
26df1d5d-bc16-4af4-b5ec-4325c0423528,2026-01-20,2026-01,Pago FC Eden - Capitan Sarmiento Local,537061.84,,Transferencia Bancaria,Estimado,matriz_historica,revisar,c79a1013-b175-4b93-ba18-e69908201cee,ae87331f-e6ad-4dc6-ac13-8affd74e6018,Gasto sin comprobante,,ARS,f,"Falta: empresa, subrubro, centro_costo, tipo_egreso | Requiere revisión manual para gestión.",20260120|CAPITAL ASSISTANCE SA|GASTO SIN COMPROBANTE|537.062
ad2996e8-2a0e-4356-94cd-140d30c5b5c0,2026-01-20,2026-01,Rep. FF Raul Acevedo,92000.0,,Efectivo,Estimado,matriz_historica,revisar,bb1c15ed-e9c2-4d30-a2b8-851a5f97297b,8160b26b-70a5-45df-b09f-98f2365f7b61,Gasto sin comprobante,,ARS,f,"Falta: empresa, subrubro, centro_costo, tipo_egreso | Abrir por comprobantes: combustible/viáticos OPEX; herramientas/materiales CAPEX.",20260120|FIBER UP SA|GASTO SIN COMPROBANTE|92.000
14276263-d84e-410b-a0c9-e3c37a22e727,2026-01-20,2026-01,Compra Supermercado Of. Carlos Pellegrini 887 y ferreteria,28800.0,,Efectivo,Estimado,matriz_historica,revisar,c79a1013-b175-4b93-ba18-e69908201cee,2c118e4e-3848-4b55-8b25-ac23a8846c7f,Gasto sin comprobante,,ARS,f,"Falta: empresa, subrubro, centro_costo, tipo_egreso | Requiere revisión manual para gestión.",20260120|NETSHARING SA|GASTO SIN COMPROBANTE|28.800
f5605ba7-8a83-4259-9ca0-031684fd2eb4,2026-01-20,2026-01,Gastos Libreria - CABA,78999.0,,Transferencia Bancaria,Estimado,matriz_historica,revisar,5aa4a93a-17f8-444b-ac22-b536e094bc86,2c118e4e-3848-4b55-8b25-ac23a8846c7f,Gasto sin comprobante,,ARS,f,"Falta: empresa, subrubro, centro_costo, tipo_egreso | Requiere revisión manual para gestión.",20260120|NETSHARING SA|GASTO SIN COMPROBANTE|78.999
5263a2f7-6b51-4b33-81c1-a3b730d662a7,2026-01-20,2026-01,Retiro de ONU - Reconexión de ONU - Candela,84000.0,,Efectivo,Estimado,matriz_historica,revisar,8ac1dd5b-a9a7-4236-ae0d-85fa08133eaa,2c118e4e-3848-4b55-8b25-ac23a8846c7f,Gasto sin comprobante,,ARS,f,"Falta: empresa, subrubro, centro_costo, tipo_egreso | Regla definida: herramientas y materiales se clasifican como CAPEX.",20260120|NETSHARING SA|GASTO SIN COMPROBANTE|84.000
c179dfab-4c14-4372-ad4f-88e7171b2d1c,2026-01-20,2026-01,Com. Ventas semanales Almirante Brown,160500.0,,Efectivo,Estimado,matriz_historica,revisar,6f678363-205a-4081-ae32-2d2a8999f5e2,2c118e4e-3848-4b55-8b25-ac23a8846c7f,Gasto sin comprobante,,ARS,f,"Falta: empresa, subrubro, centro_costo, tipo_egreso | Requiere revisión manual para gestión.",20260120|NETSHARING SA|GASTO SIN COMPROBANTE|160.500
472a3975-5c2c-4901-975c-c8dc453e0e2c,2026-01-20,2026-01,Rep. FF Julio Chung,301640.0,,Efectivo,Estimado,matriz_historica,revisar,bb1c15ed-e9c2-4d30-a2b8-851a5f97297b,2c118e4e-3848-4b55-8b25-ac23a8846c7f,Gasto sin comprobante,,ARS,f,"Falta: empresa, subrubro, centro_costo, tipo_egreso | Abrir por comprobantes: combustible/viáticos OPEX; herramientas/materiales CAPEX.",20260120|NETSHARING SA|GASTO SIN COMPROBANTE|301.640
ac6ea26e-7b8d-4fc9-b68c-d31e870cb83a,2026-01-20,2026-01,Arreglo FIAT JBB-678,402000.0,,Efectivo,Estimado,matriz_historica,revisar,f457200b-42b2-4dd7-8d1e-7912fd4592e3,2c118e4e-3848-4b55-8b25-ac23a8846c7f,Gasto sin comprobante,,ARS,f,"Falta: empresa, subrubro, centro_costo, tipo_egreso | Requiere revisión manual para gestión.",20260120|NETSHARING SA|GASTO SIN COMPROBANTE|402.000
f8532aeb-1169-4eaa-83c5-ba1c543fafd3,2026-01-20,2026-01,Instalaciones - Maximiliano Semana: 11/01 - 17/01,450000.0,,Efectivo,Estimado,matriz_historica,revisar,8ac1dd5b-a9a7-4236-ae0d-85fa08133eaa,2c118e4e-3848-4b55-8b25-ac23a8846c7f,Gasto sin comprobante,,ARS,f,"Falta: empresa, subrubro, centro_costo, tipo_egreso | Requiere revisión manual para gestión.",20260120|NETSHARING SA|GASTO SIN COMPROBANTE|450.000
3bc460cc-897d-463f-b628-4552afb45f45,2026-01-20,2026-01,Instalaciones - Antonio Semana: 11/01 - 17/01,690000.0,,Efectivo,Estimado,matriz_historica,revisar,8ac1dd5b-a9a7-4236-ae0d-85fa08133eaa,2c118e4e-3848-4b55-8b25-ac23a8846c7f,Gasto sin comprobante,,ARS,f,"Falta: empresa, subrubro, centro_costo, tipo_egreso | Requiere revisión manual para gestión.",20260120|NETSHARING SA|GASTO SIN COMPROBANTE|690.000
fb143051-3ab7-4281-92dc-b25b061ab8c2,2026-01-20,2026-01,Pago Servicio de Postes Mensual - Edea Capitan Sarmiento,1078026.92,,Transferencia Bancaria,Estimado,matriz_historica,revisar,2f73bc60-4eb7-48f6-a0da-57197bcf63bf,2c118e4e-3848-4b55-8b25-ac23a8846c7f,Gasto sin comprobante,,ARS,f,"Falta: empresa, subrubro, centro_costo, tipo_egreso | Requiere revisión manual para gestión.",20260120|NETSHARING SA|GASTO SIN COMPROBANTE|1.078.027
b6d21baf-09cc-46a9-9f75-28f052f24e07,2026-01-20,2026-01,Pago Expensas C. Pellegrini 887 01/2026,1720261.5,,Transferencia Bancaria,Estimado,matriz_historica,revisar,c79a1013-b175-4b93-ba18-e69908201cee,2c118e4e-3848-4b55-8b25-ac23a8846c7f,Gasto sin comprobante,,ARS,f,"Falta: empresa, subrubro, centro_costo, tipo_egreso | Requiere revisión manual para gestión.",20260120|NETSHARING SA|GASTO SIN COMPROBANTE|1.720.262
ea9fa43f-92ee-4759-b3a5-2d895533bea0,2026-01-20,2026-01,Construcción Etapa I - Mano de Obra,8000000.0,,Efectivo,Estimado,matriz_historica,revisar,e3df9d7b-9370-44e2-82e3-381be887ef77,2c118e4e-3848-4b55-8b25-ac23a8846c7f,Gasto sin comprobante,,ARS,f,"Falta: empresa, subrubro, centro_costo, tipo_egreso | Requiere revisión manual para gestión.",20260120|NETSHARING SA|GASTO SIN COMPROBANTE|8.000.000
c6a91abb-df22-4a31-8b4e-b4b9f94a8eee,2026-01-20,2026-01,Factura Lusso SRL - Echeq 01 - 05,10874050.62,,Transferencia Bancaria,Estimado,matriz_historica,revisar,35b84597-b6c6-4da9-ba8c-d5cb02c5485f,2c118e4e-3848-4b55-8b25-ac23a8846c7f,Gasto sin comprobante,,ARS,f,"Falta: empresa, subrubro, centro_costo, tipo_egreso | Requiere revisión manual para gestión.",20260120|NETSHARING SA|GASTO SIN COMPROBANTE|10.874.051
97e6e155-a039-40a8-9999-7894a43d510e,2026-01-20,2026-01,Declaración Jurada IVA: 12/2025 (estimado),17703.9,,Transferencia Bancaria,Estimado,matriz_historica,revisar,57f782a8-a815-4e51-b69b-9a2f5d619ca0,169b39f8-5b5d-4ca9-8480-43acc4095b49,Gasto sin comprobante,,ARS,f,"Falta: empresa, subrubro, centro_costo, tipo_egreso | Requiere revisión manual para gestión.",20260120|SINDEL GROUP SRL|GASTO SIN COMPROBANTE|17.704
2ded1674-45b5-4f85-948a-4f6a7a7c408b,2026-01-21,2026-01,Certificación Balances: 2023 - 2024 y 2025,5500500.0,,Transferencia Bancaria,Estimado,matriz_historica,revisar,7d540775-8719-4ead-991c-9055dd764fef,d8bc0e6a-dee3-49cc-ab4a-6841af77c205,Gasto sin comprobante,,ARS,f,"Falta: empresa, subrubro, centro_costo, tipo_egreso | Requiere revisión manual para gestión.",20260121|LSJ SRL|GASTO SIN COMPROBANTE|5.500.500
62e026af-c3a6-4743-910e-8c8676640194,2026-01-22,2026-01,Declaración Jurada IVA: 12/2025,879286.95,,Transferencia Bancaria,Estimado,matriz_historica,revisar,57f782a8-a815-4e51-b69b-9a2f5d619ca0,00973821-e775-4164-8183-22f645d4aad6,Gasto sin comprobante,,ARS,f,"Falta: empresa, subrubro, centro_costo, tipo_egreso | Requiere revisión manual para gestión.",20260122|AI BLOCK TECHNOLOGIES SRL|GASTO SIN COMPROBANTE|879.287
f107d8c3-defb-451a-af82-1c399476cfad,2026-01-22,2026-01,Tasa de Control y Servicio Universal,112908.89,,Transferencia Bancaria,Estimado,matriz_historica,revisar,79b49007-c36a-4120-af17-31d6e8776c0a,5d1b320a-cfc6-491b-bccf-cb4ee397b256,Gasto sin comprobante,,ARS,f,"Falta: empresa, subrubro, centro_costo, tipo_egreso | Requiere revisión manual para gestión.",20260122|AKAI SA|GASTO SIN COMPROBANTE|112.909
a93739b2-d15a-4a70-ae08-ce83c9c08627,2026-01-22,2026-01,Declaración Jurada IVA: 12/2025 (estimado),33413.81,,Transferencia Bancaria,Estimado,matriz_historica,revisar,57f782a8-a815-4e51-b69b-9a2f5d619ca0,d8bc0e6a-dee3-49cc-ab4a-6841af77c205,Gasto sin comprobante,,ARS,f,"Falta: empresa, subrubro, centro_costo, tipo_egreso | Requiere revisión manual para gestión.",20260122|LSJ SRL|GASTO SIN COMPROBANTE|33.414
08a0fa25-f5e1-491b-9baf-6980d1fcbb1a,2026-01-22,2026-01,Combustible Autos - Capitan Sarmiento - Auto Benitez,40000.0,,Efectivo,Estimado,matriz_historica,revisar,f457200b-42b2-4dd7-8d1e-7912fd4592e3,2c118e4e-3848-4b55-8b25-ac23a8846c7f,Gasto sin comprobante,,ARS,f,"Falta: empresa, subrubro, centro_costo, tipo_egreso | Requiere revisión manual para gestión.",20260122|NETSHARING SA|GASTO SIN COMPROBANTE|40.000
8fbe1cde-4d5f-42ff-b84c-a3b8ac1716b3,2026-01-22,2026-01,Pago Esposito,17046000.0,,Efectivo,Estimado,matriz_historica,revisar,3c3bb2a6-f9de-4d9d-b1fa-b254b6851eb3,2c118e4e-3848-4b55-8b25-ac23a8846c7f,Gasto sin comprobante,,ARS,f,"Falta: empresa, subrubro, centro_costo, tipo_egreso | Requiere revisión manual para gestión.",20260122|NETSHARING SA|GASTO SIN COMPROBANTE|17.046.000
b7b1499d-f0b2-4ac7-b883-36c60da983b8,2026-01-22,2026-01,Declaración Jurada IVA: 12/2025 (estimado),28028.77,,Transferencia Bancaria,Estimado,matriz_historica,revisar,57f782a8-a815-4e51-b69b-9a2f5d619ca0,0a184561-fd10-43ac-9fab-2d691a0ab10a,Gasto sin comprobante,,ARS,f,"Falta: empresa, subrubro, centro_costo, tipo_egreso | Requiere revisión manual para gestión.",20260122|PERMAWE SRL|GASTO SIN COMPROBANTE|28.029
a001613a-6d75-46d4-8978-705c4897e287,2026-01-22,2026-01,Declaración Jurada IVA: 12/2025,21827.91,,Transferencia Bancaria,Estimado,matriz_historica,revisar,57f782a8-a815-4e51-b69b-9a2f5d619ca0,d5d2b619-687e-46f2-b516-f2b3ac4d0301,Gasto sin comprobante,,ARS,f,"Falta: empresa, subrubro, centro_costo, tipo_egreso | Requiere revisión manual para gestión.",20260122|ZELED SA|GASTO SIN COMPROBANTE|21.828
e0d27803-d330-483b-9901-c4a212f78da0,2026-01-23,2026-01,Pago FC Naturgy: Capitan Sarmiento - Local,13923.79,,Transferencia Bancaria,Estimado,matriz_historica,revisar,c79a1013-b175-4b93-ba18-e69908201cee,ae87331f-e6ad-4dc6-ac13-8affd74e6018,Gasto sin comprobante,,ARS,f,"Falta: empresa, subrubro, centro_costo, tipo_egreso | Requiere revisión manual para gestión.",20260123|CAPITAL ASSISTANCE SA|GASTO SIN COMPROBANTE|13.924
6583d8b6-a7f0-4be8-b357-385ef7d6def8,2026-01-23,2026-01,Pago FC Naturgy: Capitan Sarmiento - Casa,16469.15,,Transferencia Bancaria,Estimado,matriz_historica,revisar,c79a1013-b175-4b93-ba18-e69908201cee,ae87331f-e6ad-4dc6-ac13-8affd74e6018,Gasto sin comprobante,,ARS,f,"Falta: empresa, subrubro, centro_costo, tipo_egreso | Requiere revisión manual para gestión.",20260123|CAPITAL ASSISTANCE SA|GASTO SIN COMPROBANTE|16469.15
f1c69057-4752-4e75-9088-d9ce655d5951,2026-01-23,2026-01,Plus Vacacional (Diferencial) - Camila Gomez,30700.0,,Efectivo,Estimado,matriz_historica,revisar,3afe9fbe-11f8-43b3-b28e-a6ae0aff1093,2c118e4e-3848-4b55-8b25-ac23a8846c7f,Gasto sin comprobante,,ARS,f,"Falta: empresa, subrubro, centro_costo, tipo_egreso | Gasto operativo mensual.",20260123|NETSHARING SA|GASTO SIN COMPROBANTE|30.700
006c5f15-6a66-46c4-8809-0c9474b78124,2026-01-23,2026-01,Plus Vacacional (Recibo) - Gomez Camila,45248.04,,Transferencia Bancaria,Estimado,matriz_historica,revisar,3afe9fbe-11f8-43b3-b28e-a6ae0aff1093,2c118e4e-3848-4b55-8b25-ac23a8846c7f,Gasto sin comprobante,,ARS,f,"Falta: empresa, subrubro, centro_costo, tipo_egreso | Gasto operativo mensual.",20260123|NETSHARING SA|GASTO SIN COMPROBANTE|45.248
5047751e-c204-49f0-8e1b-ea0557f3a29e,2026-01-23,2026-01,Compra Materiales - Tubo Spaguetti ( 2 x 100 mts),126396.0,,Transferencia Bancaria,Estimado,matriz_historica,revisar,b15301ef-1ff7-4a06-9463-6486f2c5fe57,2c118e4e-3848-4b55-8b25-ac23a8846c7f,Gasto sin comprobante,,ARS,f,"Falta: empresa, subrubro, centro_costo, tipo_egreso | Regla definida: herramientas y materiales se clasifican como CAPEX.",20260123|NETSHARING SA|GASTO SIN COMPROBANTE|126.396
e9cd8606-1925-4e7e-b610-90dac6bc27a3,2026-01-23,2026-01,Pago FC Aysa C. Pellegrini 887,256659.0,,Transferencia Bancaria,Estimado,matriz_historica,revisar,c79a1013-b175-4b93-ba18-e69908201cee,2c118e4e-3848-4b55-8b25-ac23a8846c7f,Gasto sin comprobante,,ARS,f,"Falta: empresa, subrubro, centro_costo, tipo_egreso | Requiere revisión manual para gestión.",20260123|NETSHARING SA|GASTO SIN COMPROBANTE|256.659
9bb34fbf-fcf0-4430-a52c-f0995bca9580,2026-01-23,2026-01,Carteles - Publicidad: Weconnect - Postes - Ct 01 de 02,648500.0,,Transferencia Bancaria,Estimado,matriz_historica,revisar,bee3671b-e640-4c7b-b015-5d2ace3a2cf4,2c118e4e-3848-4b55-8b25-ac23a8846c7f,Gasto sin comprobante,,ARS,f,"Falta: empresa, subrubro, centro_costo, tipo_egreso | Requiere revisión manual para gestión.",20260123|NETSHARING SA|GASTO SIN COMPROBANTE|648.500
d556f454-23bb-4b98-99df-893693f85422,2026-01-23,2026-01,IPSERVICES Echeq - Echeq 01 de 05,3269664.36,,ECHEQ,Estimado,matriz_historica,revisar,802af493-2f23-4d62-becc-e13951069416,2c118e4e-3848-4b55-8b25-ac23a8846c7f,Gasto sin comprobante,,ARS,f,"Falta: empresa, subrubro, centro_costo, tipo_egreso | Compra de equipos; no impactar como gasto operativo mensual.",20260123|NETSHARING SA|GASTO SIN COMPROBANTE|3.269.664
986b3950-9e6b-4532-9649-320aa5814039,2026-01-23,2026-01,Declaración Jurada IVA: 12/2025 (estimado),297708.25,,Transferencia Bancaria,Estimado,matriz_historica,revisar,57f782a8-a815-4e51-b69b-9a2f5d619ca0,412f3f61-3312-4bb0-ae19-e3b789145d6c,Gasto sin comprobante,,ARS,f,"Falta: empresa, subrubro, centro_costo, tipo_egreso | Requiere revisión manual para gestión.",20260123|TOOLS SOLUTION SA|GASTO SIN COMPROBANTE|297.708
9f6abf71-2caf-4a47-8dc0-4a52dedc0e72,2026-01-25,2026-01,Pago Factura abono: Movistar,152617.57,,Transferencia Bancaria,Estimado,matriz_historica,revisar,c79a1013-b175-4b93-ba18-e69908201cee,2c118e4e-3848-4b55-8b25-ac23a8846c7f,Gasto sin comprobante,,ARS,f,"Falta: empresa, subrubro, centro_costo, tipo_egreso | Requiere revisión manual para gestión.",20260125|NETSHARING SA|GASTO SIN COMPROBANTE|152.618
4e08d030-2f19-4678-a250-d1faaa21cd73,2026-01-25,2026-01,Declaración Jurada IIBB: 12/2025 (estimado),13530.0,,Transferencia Bancaria,Estimado,matriz_historica,revisar,57f782a8-a815-4e51-b69b-9a2f5d619ca0,0a184561-fd10-43ac-9fab-2d691a0ab10a,Gasto sin comprobante,,ARS,f,"Falta: empresa, subrubro, centro_costo, tipo_egreso | Requiere revisión manual para gestión.",20260125|PERMAWE SRL|GASTO SIN COMPROBANTE|13.530
ee3b4a3b-bc69-4481-8007-05b2cb6c2816,2026-01-26,2026-01,Abono: Postes Edea,136763.1,,Transferencia Bancaria,Estimado,matriz_historica,revisar,2f73bc60-4eb7-48f6-a0da-57197bcf63bf,8160b26b-70a5-45df-b09f-98f2365f7b61,Gasto sin comprobante,,ARS,f,"Falta: empresa, subrubro, centro_costo, tipo_egreso | Requiere revisión manual para gestión.",20260126|FIBER UP SA|GASTO SIN COMPROBANTE|136.763
852bb396-160c-4364-940e-cf3c97bcf5cf,2026-01-26,2026-01,Combustible Autos - Capitan Sarmiento - MMF-327,40000.0,,Efectivo,Estimado,matriz_historica,revisar,f457200b-42b2-4dd7-8d1e-7912fd4592e3,2c118e4e-3848-4b55-8b25-ac23a8846c7f,Gasto sin comprobante,,ARS,f,"Falta: empresa, subrubro, centro_costo, tipo_egreso | Requiere revisión manual para gestión.",20260126|NETSHARING SA|GASTO SIN COMPROBANTE|40.000
e464b1b5-8fb9-46b6-9020-1338d2349a88,2026-01-26,2026-01,Pago Factura Cogent- Abono Mensual,288347.06,,Transferencia Bancaria,Estimado,matriz_historica,revisar,ae0132e4-b3ec-4a9c-be89-84129a7b55c6,2c118e4e-3848-4b55-8b25-ac23a8846c7f,Gasto sin comprobante,,ARS,f,"Falta: empresa, subrubro, centro_costo, tipo_egreso | Requiere revisión manual para gestión.",20260126|NETSHARING SA|GASTO SIN COMPROBANTE|288.347
3d911a2c-3eda-4b3b-8814-a7643c2e9e9b,2026-01-27,2026-01,Ropa de trabajo AB - Texwork,634350.0,,Efectivo,Estimado,matriz_historica,revisar,3afe9fbe-11f8-43b3-b28e-a6ae0aff1093,00973821-e775-4164-8183-22f645d4aad6,Gasto sin comprobante,,ARS,f,"Falta: empresa, subrubro, centro_costo, tipo_egreso | Gasto operativo mensual.",20260127|AI BLOCK TECHNOLOGIES SRL|GASTO SIN COMPROBANTE|634.350
2ca17ac5-3baf-4e5b-8e4c-fd1a25cdf52b,2026-01-27,2026-01,Rep. FF Sergio Araujo,252100.0,,Efectivo,Estimado,matriz_historica,revisar,bb1c15ed-e9c2-4d30-a2b8-851a5f97297b,2d1f2a4e-e4f8-4327-9230-7ee2cc10e352,Gasto sin comprobante,,ARS,f,"Falta: empresa, subrubro, centro_costo, tipo_egreso | Abrir por comprobantes: combustible/viáticos OPEX; herramientas/materiales CAPEX.",20260127|ARGENGRAFT SRL|GASTO SIN COMPROBANTE|252.100
7eb1c618-5d36-4dab-bbb0-a110dc0f1981,2026-01-27,2026-01,Rep. FF Maximiliano Bernardis,655000.0,,Efectivo,Estimado,matriz_historica,revisar,bb1c15ed-e9c2-4d30-a2b8-851a5f97297b,2d1f2a4e-e4f8-4327-9230-7ee2cc10e352,Gasto sin comprobante,,ARS,f,"Falta: empresa, subrubro, centro_costo, tipo_egreso | Abrir por comprobantes: combustible/viáticos OPEX; herramientas/materiales CAPEX.",20260127|ARGENGRAFT SRL|GASTO SIN COMPROBANTE|655.000
56ff369e-ec9a-4244-b552-efa973638aa2,2026-01-27,2026-01,Rep. FF Raul Acevedo,106000.0,,Efectivo,Estimado,matriz_historica,revisar,bb1c15ed-e9c2-4d30-a2b8-851a5f97297b,8160b26b-70a5-45df-b09f-98f2365f7b61,Gasto sin comprobante,,ARS,f,"Falta: empresa, subrubro, centro_costo, tipo_egreso | Abrir por comprobantes: combustible/viáticos OPEX; herramientas/materiales CAPEX.",20260127|FIBER UP SA|GASTO SIN COMPROBANTE|106.000
53421dbb-1555-4198-84f6-215b1e57c947,2026-01-27,2026-01,Gastos Librería,17000.0,,Efectivo,Estimado,matriz_historica,revisar,5aa4a93a-17f8-444b-ac22-b536e094bc86,2c118e4e-3848-4b55-8b25-ac23a8846c7f,Gasto sin comprobante,,ARS,f,"Falta: empresa, subrubro, centro_costo, tipo_egreso | Requiere revisión manual para gestión.",20260127|NETSHARING SA|GASTO SIN COMPROBANTE|17.000
ca4c6364-eadb-4fd5-bee2-bd46e72431ea,2026-01-27,2026-01,Combustible Autos - Capitan Sarmiento - KUJ-458,40000.0,,Efectivo,Estimado,matriz_historica,revisar,f457200b-42b2-4dd7-8d1e-7912fd4592e3,2c118e4e-3848-4b55-8b25-ac23a8846c7f,Gasto sin comprobante,,ARS,f,"Falta: empresa, subrubro, centro_costo, tipo_egreso | Requiere revisión manual para gestión.",20260127|NETSHARING SA|GASTO SIN COMPROBANTE|40.000
a3fdf33b-a332-4c58-8bfb-8c40dc75226c,2026-01-27,2026-01,Rep. FF Chung Julio,90601.0,,Efectivo,Estimado,matriz_historica,revisar,bb1c15ed-e9c2-4d30-a2b8-851a5f97297b,2c118e4e-3848-4b55-8b25-ac23a8846c7f,Gasto sin comprobante,,ARS,f,"Falta: empresa, subrubro, centro_costo, tipo_egreso | Abrir por comprobantes: combustible/viáticos OPEX; herramientas/materiales CAPEX.",20260127|NETSHARING SA|GASTO SIN COMPROBANTE|90.601
ecc96bca-65f2-465a-a414-d4087d957e96,2026-01-27,2026-01,Retiro de ONU - Reconexión de ONU - Candela,214000.0,,Efectivo,Estimado,matriz_historica,revisar,8ac1dd5b-a9a7-4236-ae0d-85fa08133eaa,2c118e4e-3848-4b55-8b25-ac23a8846c7f,Gasto sin comprobante,,ARS,f,"Falta: empresa, subrubro, centro_costo, tipo_egreso | Regla definida: herramientas y materiales se clasifican como CAPEX.",20260127|NETSHARING SA|GASTO SIN COMPROBANTE|214.000
a34ba7ec-cd05-4240-95f8-bbc87591941f,2026-01-27,2026-01,Com. Ventas Mensual Almirante Brown,253000.0,,Efectivo,Estimado,matriz_historica,revisar,6f678363-205a-4081-ae32-2d2a8999f5e2,2c118e4e-3848-4b55-8b25-ac23a8846c7f,Gasto sin comprobante,,ARS,f,"Falta: empresa, subrubro, centro_costo, tipo_egreso | Requiere revisión manual para gestión.",20260127|NETSHARING SA|GASTO SIN COMPROBANTE|253.000
d69dca5e-30ee-460b-9ef0-733a9315338b,2026-01-27,2026-01,Maximiliano - Instalaciones Semana: 19/01 - 24/01,891000.0,,Efectivo,Estimado,matriz_historica,revisar,8ac1dd5b-a9a7-4236-ae0d-85fa08133eaa,2c118e4e-3848-4b55-8b25-ac23a8846c7f,Gasto sin comprobante,,ARS,f,"Falta: empresa, subrubro, centro_costo, tipo_egreso | Requiere revisión manual para gestión.",20260127|NETSHARING SA|GASTO SIN COMPROBANTE|891.000
c25b4883-5b90-4866-8101-5d522895a76f,2026-01-27,2026-01,Antonio Instalaciones Semana: 18/01 - 24/01,957000.0,,Efectivo,Estimado,matriz_historica,revisar,8ac1dd5b-a9a7-4236-ae0d-85fa08133eaa,2c118e4e-3848-4b55-8b25-ac23a8846c7f,Gasto sin comprobante,,ARS,f,"Falta: empresa, subrubro, centro_costo, tipo_egreso | Requiere revisión manual para gestión.",20260127|NETSHARING SA|GASTO SIN COMPROBANTE|957.000
6b1db092-67ad-4659-a193-da3a4a3df11c,2026-01-27,2026-01,Pago abono mensual Dodolink - 12/2025 - NOC Burzaco (estimado),2331000.0,,Efectivo,Estimado,matriz_historica,revisar,74d83cac-df0b-4413-b160-92e262a61fcb,2c118e4e-3848-4b55-8b25-ac23a8846c7f,Gasto sin comprobante,,ARS,f,"Falta: empresa, subrubro, centro_costo, tipo_egreso | Proveedor mayorista recurrente.",20260127|NETSHARING SA|GASTO SIN COMPROBANTE|2.331.000
d76fed29-daa6-4a2a-95d4-bed6bf6e0d9c,2026-01-27,2026-01,IPSERVICES Echeq - Echeq 04 de 05,2641380.0,,ECHEQ,Estimado,matriz_historica,revisar,802af493-2f23-4d62-becc-e13951069416,2c118e4e-3848-4b55-8b25-ac23a8846c7f,Gasto sin comprobante,,ARS,f,"Falta: empresa, subrubro, centro_costo, tipo_egreso | Compra de equipos; no impactar como gasto operativo mensual.",20260127|NETSHARING SA|GASTO SIN COMPROBANTE|2.641.380
98899d7f-db7f-48bc-9275-3eb5bd8a8c00,2026-01-28,2026-01,Destin SA - Materiales - Etapa I - Echeq 01 de 04,1229775.93,,ECHEQ,Estimado,matriz_historica,revisar,b15301ef-1ff7-4a06-9463-6486f2c5fe57,00973821-e775-4164-8183-22f645d4aad6,Gasto sin comprobante,,ARS,f,"Falta: empresa, subrubro, centro_costo, tipo_egreso | Regla definida: herramientas y materiales se clasifican como CAPEX.",20260128|AI BLOCK TECHNOLOGIES SRL|GASTO SIN COMPROBANTE|1.229.776
7add263c-f2a7-4965-8fd2-518ef409e23f,2026-01-28,2026-01,Pago Canon - Proyecto Presidente Peron,92156525.0,,Efectivo,Estimado,matriz_historica,revisar,5b9a35f7-866b-474c-bc5b-1ba642eb414c,5d1b320a-cfc6-491b-bccf-cb4ee397b256,Gasto sin comprobante,,ARS,f,"Falta: empresa, subrubro, centro_costo, tipo_egreso | Requiere revisión manual para gestión.",20260128|AKAI SA|GASTO SIN COMPROBANTE|92.156.525
7490a0ee-9b92-48cf-b454-db07bccf99f4,2026-01-28,2026-01,Gastos productos Limpieza - Capitan Sarmiento,25600.0,,Efectivo,Estimado,matriz_historica,revisar,c79a1013-b175-4b93-ba18-e69908201cee,2c118e4e-3848-4b55-8b25-ac23a8846c7f,Gasto sin comprobante,,ARS,f,"Falta: empresa, subrubro, centro_costo, tipo_egreso | Requiere revisión manual para gestión.",20260128|NETSHARING SA|GASTO SIN COMPROBANTE|25.600
62abd2cd-495d-4d80-8e2d-ec8ac4c528c9,2026-01-28,2026-01,Gastos Libreria - Capitan Sarmiento,44670.0,,Efectivo,Estimado,matriz_historica,revisar,5aa4a93a-17f8-444b-ac22-b536e094bc86,2c118e4e-3848-4b55-8b25-ac23a8846c7f,Gasto sin comprobante,,ARS,f,"Falta: empresa, subrubro, centro_costo, tipo_egreso | Requiere revisión manual para gestión.",20260128|NETSHARING SA|GASTO SIN COMPROBANTE|44.670
eee3552c-3a68-4bfd-a78f-f532908a6f32,2026-01-28,2026-01,Tasa de Control y Servicio Universal,54524.02,,Transferencia Bancaria,Estimado,matriz_historica,revisar,79b49007-c36a-4120-af17-31d6e8776c0a,2c118e4e-3848-4b55-8b25-ac23a8846c7f,Gasto sin comprobante,,ARS,f,"Falta: empresa, subrubro, centro_costo, tipo_egreso | Requiere revisión manual para gestión.",20260128|NETSHARING SA|GASTO SIN COMPROBANTE|54.524
20eb39c1-92de-4c5a-bdce-5c301af9c628,2026-01-28,2026-01,Instalaciones - Nahuel Reyes Semana: 19/01 - 24/01,420000.0,,Efectivo,Estimado,matriz_historica,revisar,8ac1dd5b-a9a7-4236-ae0d-85fa08133eaa,2c118e4e-3848-4b55-8b25-ac23a8846c7f,Gasto sin comprobante,,ARS,f,"Falta: empresa, subrubro, centro_costo, tipo_egreso | Requiere revisión manual para gestión.",20260128|NETSHARING SA|GASTO SIN COMPROBANTE|420.000
6f66df87-2d97-4463-b1b3-388f719fab40,2026-01-29,2026-01,Ipcall`s - Materiales - Etapa I - Echeq 01 de 04,1040549.98,,ECHEQ,Estimado,matriz_historica,revisar,b15301ef-1ff7-4a06-9463-6486f2c5fe57,00973821-e775-4164-8183-22f645d4aad6,Gasto sin comprobante,,ARS,f,"Falta: empresa, subrubro, centro_costo, tipo_egreso | Regla definida: herramientas y materiales se clasifican como CAPEX.",20260129|AI BLOCK TECHNOLOGIES SRL|GASTO SIN COMPROBANTE|1.040.550
e5b103d8-3db7-4cb1-afcb-23ccb6d37b4d,2026-01-29,2026-01,Compra materiales: Prescintos y cinta Aisladora - Capitan Sarmiento,5500.0,,Efectivo,Estimado,matriz_historica,revisar,b15301ef-1ff7-4a06-9463-6486f2c5fe57,2c118e4e-3848-4b55-8b25-ac23a8846c7f,Gasto sin comprobante,,ARS,f,"Falta: empresa, subrubro, centro_costo, tipo_egreso | Regla definida: herramientas y materiales se clasifican como CAPEX.",20260129|NETSHARING SA|GASTO SIN COMPROBANTE|5.500
f7333488-11d1-41a6-b456-96d9952c76c2,2026-01-29,2026-01,Pago FC Edesur Varela,283307.31,,Transferencia Bancaria,Estimado,matriz_historica,revisar,c79a1013-b175-4b93-ba18-e69908201cee,2c118e4e-3848-4b55-8b25-ac23a8846c7f,Gasto sin comprobante,,ARS,f,"Falta: empresa, subrubro, centro_costo, tipo_egreso | Requiere revisión manual para gestión.",20260129|NETSHARING SA|GASTO SIN COMPROBANTE|283.307
c00b2d84-3ed1-4586-9d27-0663ad61c921,2026-01-30,2026-01,Combustible Autos - Capitan Sarmiento - MMF-327 (Viaje a Buenos Aires),49000.0,,Efectivo,Estimado,matriz_historica,revisar,f457200b-42b2-4dd7-8d1e-7912fd4592e3,2c118e4e-3848-4b55-8b25-ac23a8846c7f,Gasto sin comprobante,,ARS,f,"Falta: empresa, subrubro, centro_costo, tipo_egreso | Requiere revisión manual para gestión.",20260130|NETSHARING SA|GASTO SIN COMPROBANTE|49.000
33509a9f-0c24-4f64-a6f3-969fdf08ed1a,2026-01-30,2026-01,Refrigerios x 2 ( viaje a Buenos Aires),51200.0,,Transferencia Bancaria,Estimado,matriz_historica,revisar,85e6259a-c667-477a-b174-a438c347208a,2c118e4e-3848-4b55-8b25-ac23a8846c7f,Gasto sin comprobante,,ARS,f,"Falta: empresa, subrubro, centro_costo, tipo_egreso | Requiere revisión manual para gestión.",20260130|NETSHARING SA|GASTO SIN COMPROBANTE|51.200
0da99f53-3419-4045-821b-3092bda010da,2026-01-30,2026-01,Comisión Siro - Cobranzas ID - Enero 2026,66728.75,,Débito Automático,Estimado,matriz_historica,revisar,45e7954d-60f2-4a28-95d7-e93dbaa300e2,2c118e4e-3848-4b55-8b25-ac23a8846c7f,Gasto sin comprobante,,ARS,f,"Falta: empresa, subrubro, centro_costo, tipo_egreso | Requiere revisión manual para gestión.",20260130|NETSHARING SA|GASTO SIN COMPROBANTE|66.729
f4bcaf0c-9069-4d24-881b-9765be22703c,2026-01-30,2026-01,Limpieza Capitan Sarmiento,128000.0,,Transferencia Bancaria,Estimado,matriz_historica,revisar,3afe9fbe-11f8-43b3-b28e-a6ae0aff1093,2c118e4e-3848-4b55-8b25-ac23a8846c7f,Gasto sin comprobante,,ARS,f,"Falta: empresa, subrubro, centro_costo, tipo_egreso | Gasto operativo mensual.",20260130|NETSHARING SA|GASTO SIN COMPROBANTE|128.000
1a5f5802-52bc-4b48-a1ce-bbf39a6fce80,2026-01-30,2026-01,Comisión Pago Fácil - Cobranzas ID - Enero 2026,199770.36,,Débito Automático,Estimado,matriz_historica,revisar,e993d972-cd5a-448c-b9a5-92781f62186c,2c118e4e-3848-4b55-8b25-ac23a8846c7f,Gasto sin comprobante,,ARS,f,"Falta: empresa, subrubro, centro_costo, tipo_egreso | Requiere revisión manual para gestión.",20260130|NETSHARING SA|GASTO SIN COMPROBANTE|199.770
b94bae78-0732-4eb2-b6cc-9d41795036e4,2026-01-30,2026-01,Comisión Prisma - Cobranzas ID - Enero 2026,351976.27,,Débito Automático,Estimado,matriz_historica,revisar,45e7954d-60f2-4a28-95d7-e93dbaa300e2,2c118e4e-3848-4b55-8b25-ac23a8846c7f,Gasto sin comprobante,,ARS,f,"Falta: empresa, subrubro, centro_costo, tipo_egreso | Requiere revisión manual para gestión.",20260130|NETSHARING SA|GASTO SIN COMPROBANTE|351.976
27512ecb-7f40-489d-955a-63ebf0621105,2026-01-30,2026-01,Comisión Mercado Pago - Cobranzas ID - Enero 2026,4920129.31,,Débito Automático,Estimado,matriz_historica,revisar,ae2a7b81-b5a3-408d-9f55-126c962deeab,2c118e4e-3848-4b55-8b25-ac23a8846c7f,Gasto sin comprobante,,ARS,f,"Falta: empresa, subrubro, centro_costo, tipo_egreso | Requiere revisión manual para gestión.",20260130|NETSHARING SA|GASTO SIN COMPROBANTE|4.920.129
075f9b2f-5ed6-4de0-b461-a47042bb002f,2026-01-30,2026-01,Poliza vida colectivo,397.0,,Débito Automático,Estimado,matriz_historica,revisar,3afe9fbe-11f8-43b3-b28e-a6ae0aff1093,412f3f61-3312-4bb0-ae19-e3b789145d6c,Gasto sin comprobante,,ARS,f,"Falta: empresa, subrubro, centro_costo, tipo_egreso | Gasto operativo mensual.",20260130|TOOLS SOLUTION SA|GASTO SIN COMPROBANTE|397
281739f4-f49b-444d-884c-88780ab4450c,2026-02-02,2026-02,Sueldo 2da Quincena 01/2026 (Recibo) - Cordoba Mauro,485898.6,,Transferencia Bancaria,Estimado,matriz_historica,revisar,3afe9fbe-11f8-43b3-b28e-a6ae0aff1093,00973821-e775-4164-8183-22f645d4aad6,Gasto sin comprobante,,ARS,f,"Falta: empresa, subrubro, centro_costo, tipo_egreso | Gasto operativo mensual.",20260202|AI BLOCK TECHNOLOGIES SRL|GASTO SIN COMPROBANTE|485.899
ccea6fce-bc35-479d-8dd6-72e108fd4328,2026-02-02,2026-02,Sueldo 2da Quincena 01/2026 (Recibo) - Chavez Esteban,178421.1,,Transferencia Bancaria,Estimado,matriz_historica,revisar,3afe9fbe-11f8-43b3-b28e-a6ae0aff1093,00973821-e775-4164-8183-22f645d4aad6,Gasto sin comprobante,,ARS,f,"Falta: empresa, subrubro, centro_costo, tipo_egreso | Gasto operativo mensual.",20260202|AI BLOCK TECHNOLOGIES SRL|GASTO SIN COMPROBANTE|178.421
df3010c5-23a5-45ba-bf56-6d95b1865b31,2026-02-02,2026-02,Sueldo 2da Quincena 01/2026 (Recibo) - Gallo Gonzalo,599841.0,,Transferencia Bancaria,Estimado,matriz_historica,revisar,3afe9fbe-11f8-43b3-b28e-a6ae0aff1093,00973821-e775-4164-8183-22f645d4aad6,Gasto sin comprobante,,ARS,f,"Falta: empresa, subrubro, centro_costo, tipo_egreso | Gasto operativo mensual.",20260202|AI BLOCK TECHNOLOGIES SRL|GASTO SIN COMPROBANTE|599.841
eb02d69c-afd2-4559-9b69-70c1fbaca563,2026-02-02,2026-02,Sueldo 2da Quincena 01/2026 (Recibo) - Maidana Alexis Josias,88080.25,,Transferencia Bancaria,Estimado,matriz_historica,revisar,3afe9fbe-11f8-43b3-b28e-a6ae0aff1093,00973821-e775-4164-8183-22f645d4aad6,Gasto sin comprobante,,ARS,f,"Falta: empresa, subrubro, centro_costo, tipo_egreso | Gasto operativo mensual.",20260202|AI BLOCK TECHNOLOGIES SRL|GASTO SIN COMPROBANTE|88.080
f764d445-eb9b-4f74-9642-18f6cf68e7b5,2026-02-02,2026-02,Sueldo 2da Quincena 01/2026 (Recibo) - Maldonado Rodolfo,462062.66,,Transferencia Bancaria,Estimado,matriz_historica,revisar,3afe9fbe-11f8-43b3-b28e-a6ae0aff1093,00973821-e775-4164-8183-22f645d4aad6,Gasto sin comprobante,,ARS,f,"Falta: empresa, subrubro, centro_costo, tipo_egreso | Gasto operativo mensual.",20260202|AI BLOCK TECHNOLOGIES SRL|GASTO SIN COMPROBANTE|462.063
9f655ad3-71cc-436f-915d-ad78a4c880f4,2026-02-02,2026-02,Sueldo 2da Quincena 01/2026 (Recibo) - Monzon Hugo,511923.47,,Transferencia Bancaria,Estimado,matriz_historica,revisar,3afe9fbe-11f8-43b3-b28e-a6ae0aff1093,00973821-e775-4164-8183-22f645d4aad6,Gasto sin comprobante,,ARS,f,"Falta: empresa, subrubro, centro_costo, tipo_egreso | Gasto operativo mensual.",20260202|AI BLOCK TECHNOLOGIES SRL|GASTO SIN COMPROBANTE|511.923
1e479632-67cb-4e33-9ae5-91705d42d572,2026-02-02,2026-02,Sueldo 2da Quincena 01/2026 (Recibo) - Nahuel Insaurralde,437035.45,,Transferencia Bancaria,Estimado,matriz_historica,revisar,3afe9fbe-11f8-43b3-b28e-a6ae0aff1093,00973821-e775-4164-8183-22f645d4aad6,Gasto sin comprobante,,ARS,f,"Falta: empresa, subrubro, centro_costo, tipo_egreso | Gasto operativo mensual.",20260202|AI BLOCK TECHNOLOGIES SRL|GASTO SIN COMPROBANTE|437.035
85206f2e-eb74-454a-b5a7-a6f552488722,2026-02-02,2026-02,Sueldo 2da Quincena 01/2026 (Recibo) - Oliva Matias,647075.3,,Transferencia Bancaria,Estimado,matriz_historica,revisar,3afe9fbe-11f8-43b3-b28e-a6ae0aff1093,00973821-e775-4164-8183-22f645d4aad6,Gasto sin comprobante,,ARS,f,"Falta: empresa, subrubro, centro_costo, tipo_egreso | Gasto operativo mensual.",20260202|AI BLOCK TECHNOLOGIES SRL|GASTO SIN COMPROBANTE|647.075
8875bfd9-583b-460c-a449-a8d3a0cdfe4e,2026-02-02,2026-02,Sueldo 2da Quincena 01/2026 (Recibo) - Sepulveda Manuel,408959.59,,Transferencia Bancaria,Estimado,matriz_historica,revisar,3afe9fbe-11f8-43b3-b28e-a6ae0aff1093,00973821-e775-4164-8183-22f645d4aad6,Gasto sin comprobante,,ARS,f,"Falta: empresa, subrubro, centro_costo, tipo_egreso | Gasto operativo mensual.",20260202|AI BLOCK TECHNOLOGIES SRL|GASTO SIN COMPROBANTE|408.960
db414787-55df-4a53-9180-a5958b69a0c7,2026-02-02,2026-02,Sueldo 2da Quincena 01/2026 (Recibo)- Gramajo Mauro,408959.58,,Transferencia Bancaria,Estimado,matriz_historica,revisar,3afe9fbe-11f8-43b3-b28e-a6ae0aff1093,00973821-e775-4164-8183-22f645d4aad6,Gasto sin comprobante,,ARS,f,"Falta: empresa, subrubro, centro_costo, tipo_egreso | Gasto operativo mensual.",20260202|AI BLOCK TECHNOLOGIES SRL|GASTO SIN COMPROBANTE|408.960
d0f42b11-94de-4028-85f0-7a74bb45d7b8,2026-02-02,2026-02,Sueldo 2da Quincena 01/2026 (Recibo)- Gutierrez Marcelo,88080.25,,Transferencia Bancaria,Estimado,matriz_historica,revisar,3afe9fbe-11f8-43b3-b28e-a6ae0aff1093,00973821-e775-4164-8183-22f645d4aad6,Gasto sin comprobante,,ARS,f,"Falta: empresa, subrubro, centro_costo, tipo_egreso | Gasto operativo mensual.",20260202|AI BLOCK TECHNOLOGIES SRL|GASTO SIN COMPROBANTE|88.080
c731702e-58d2-490d-b49f-335b7562fcd0,2026-02-02,2026-02,Gastos bancarios 02/2026,65000.0,,Débito Automático,Estimado,matriz_historica,revisar,c79a1013-b175-4b93-ba18-e69908201cee,00973821-e775-4164-8183-22f645d4aad6,Gasto sin comprobante,,ARS,f,"Falta: empresa, subrubro, centro_costo, tipo_egreso | Requiere revisión manual para gestión.",20260202|AI BLOCK TECHNOLOGIES SRL|GASTO SIN COMPROBANTE|65.000
f1e27853-82ae-430a-a160-ecb366d1efa9,2026-02-02,2026-02,Sueldos 01/2026 Chaju Gabriel (Recibo),1113199.0,,Transferencia Bancaria,Estimado,matriz_historica,revisar,3afe9fbe-11f8-43b3-b28e-a6ae0aff1093,5d1b320a-cfc6-491b-bccf-cb4ee397b256,Gasto sin comprobante,,ARS,f,"Falta: empresa, subrubro, centro_costo, tipo_egreso | Gasto operativo mensual.",20260202|AKAI SA|GASTO SIN COMPROBANTE|1.113.199
da921d3a-6f07-407b-9d60-d5f579611656,2026-02-02,2026-02,Sueldos 01/2026 Piermartini (Recibo),1900872.0,,Transferencia Bancaria,Estimado,matriz_historica,revisar,3afe9fbe-11f8-43b3-b28e-a6ae0aff1093,5d1b320a-cfc6-491b-bccf-cb4ee397b256,Gasto sin comprobante,,ARS,f,"Falta: empresa, subrubro, centro_costo, tipo_egreso | Gasto operativo mensual.",20260202|AKAI SA|GASTO SIN COMPROBANTE|1.900.872
49295b6f-b52c-4ead-ab7c-d296545de552,2026-02-02,2026-02,Gastos bancarios 02/2026,65000.0,,Débito Automático,Estimado,matriz_historica,revisar,c79a1013-b175-4b93-ba18-e69908201cee,5d1b320a-cfc6-491b-bccf-cb4ee397b256,Gasto sin comprobante,,ARS,f,"Falta: empresa, subrubro, centro_costo, tipo_egreso | Requiere revisión manual para gestión.",20260202|AKAI SA|GASTO SIN COMPROBANTE|65.000
4ecee39c-e9fb-4c19-86da-6a143788c36a,2026-02-02,2026-02,Poliza vida colectivo,7713.0,,Débito Automático,Estimado,matriz_historica,revisar,3afe9fbe-11f8-43b3-b28e-a6ae0aff1093,2d1f2a4e-e4f8-4327-9230-7ee2cc10e352,Gasto sin comprobante,,ARS,f,"Falta: empresa, subrubro, centro_costo, tipo_egreso | Gasto operativo mensual.",20260202|ARGENGRAFT SRL|GASTO SIN COMPROBANTE|7.713
2d96d22d-f253-4182-b6a8-fd000d42b522,2026-02-02,2026-02,Sueldo 01/2026 (Recibo) - Bernardis Maximiliano,549707.15,,Transferencia Bancaria,Estimado,matriz_historica,revisar,3afe9fbe-11f8-43b3-b28e-a6ae0aff1093,2d1f2a4e-e4f8-4327-9230-7ee2cc10e352,Gasto sin comprobante,,ARS,f,"Falta: empresa, subrubro, centro_costo, tipo_egreso | Gasto operativo mensual.",20260202|ARGENGRAFT SRL|GASTO SIN COMPROBANTE|549.707
de0e5ec0-94d1-422d-8e5a-9f08bd91f3af,2026-02-02,2026-02,Sueldo 01/2026 (Recibo) - Araujo Sergio,733802.18,,Transferencia Bancaria,Estimado,matriz_historica,revisar,3afe9fbe-11f8-43b3-b28e-a6ae0aff1093,2d1f2a4e-e4f8-4327-9230-7ee2cc10e352,Gasto sin comprobante,,ARS,f,"Falta: empresa, subrubro, centro_costo, tipo_egreso | Gasto operativo mensual.",20260202|ARGENGRAFT SRL|GASTO SIN COMPROBANTE|733.802
2acd0b46-5134-4a27-9492-e1df681ddbc8,2026-02-02,2026-02,Gastos bancarios 02/2026,65000.0,,Débito Automático,Estimado,matriz_historica,revisar,c79a1013-b175-4b93-ba18-e69908201cee,2d1f2a4e-e4f8-4327-9230-7ee2cc10e352,Gasto sin comprobante,,ARS,f,"Falta: empresa, subrubro, centro_costo, tipo_egreso | Requiere revisión manual para gestión.",20260202|ARGENGRAFT SRL|GASTO SIN COMPROBANTE|65.000
53258926-8a5c-4d66-99f9-845c60bad338,2026-02-02,2026-02,Gastos bancarios 02/2026,65000.0,,Débito Automático,Estimado,matriz_historica,revisar,c79a1013-b175-4b93-ba18-e69908201cee,ae87331f-e6ad-4dc6-ac13-8affd74e6018,Gasto sin comprobante,,ARS,f,"Falta: empresa, subrubro, centro_costo, tipo_egreso | Requiere revisión manual para gestión.",20260202|CAPITAL ASSISTANCE SA|GASTO SIN COMPROBANTE|65.000
261b52cc-8715-4583-9979-284083574e20,2026-02-02,2026-02,Poliza Capitan sarmiento incendio,35614.55,,Débito Automático,Estimado,matriz_historica,revisar,c79a1013-b175-4b93-ba18-e69908201cee,ae87331f-e6ad-4dc6-ac13-8affd74e6018,Gasto sin comprobante,,ARS,f,"Falta: empresa, subrubro, centro_costo, tipo_egreso | Requiere revisión manual para gestión.",20260202|CAPITAL ASSISTANCE SA|GASTO SIN COMPROBANTE|35.615
057c14ef-b3d2-4332-928b-0270ccac5006,2026-02-02,2026-02,Seguro Resp Civil,4076.0,,Débito Automático,Estimado,matriz_historica,revisar,c79a1013-b175-4b93-ba18-e69908201cee,ae87331f-e6ad-4dc6-ac13-8affd74e6018,Gasto sin comprobante,,ARS,f,"Falta: empresa, subrubro, centro_costo, tipo_egreso | Requiere revisión manual para gestión.",20260202|CAPITAL ASSISTANCE SA|GASTO SIN COMPROBANTE|4076.00
5a84f337-dba0-479b-baec-f807e07821de,2026-02-02,2026-02,Gastos bancarios 02/2026,65000.0,,Débito Automático,Estimado,matriz_historica,revisar,c79a1013-b175-4b93-ba18-e69908201cee,67fac871-99ff-4c10-8001-fe2a398c1763,Gasto sin comprobante,,ARS,f,"Falta: empresa, subrubro, centro_costo, tipo_egreso | Requiere revisión manual para gestión.",20260202|ENVECO SRL|GASTO SIN COMPROBANTE|65.000
1ad25a60-956d-4704-a1d4-a41c600b2de4,2026-02-02,2026-02,Pago Sueldo 01/2026 (Recibo) - Acevedo Raul,708299.68,,Transferencia Bancaria,Estimado,matriz_historica,revisar,3afe9fbe-11f8-43b3-b28e-a6ae0aff1093,8160b26b-70a5-45df-b09f-98f2365f7b61,Gasto sin comprobante,,ARS,f,"Falta: empresa, subrubro, centro_costo, tipo_egreso | Gasto operativo mensual.",20260202|FIBER UP SA|GASTO SIN COMPROBANTE|708.300
fb8bb351-5883-458b-8620-b5119059e7c9,2026-02-02,2026-02,Pago Sueldo 01/2026 (Recibo) - Hernandez Salazar Anais,547970.75,,Transferencia Bancaria,Estimado,matriz_historica,revisar,3afe9fbe-11f8-43b3-b28e-a6ae0aff1093,8160b26b-70a5-45df-b09f-98f2365f7b61,Gasto sin comprobante,,ARS,f,"Falta: empresa, subrubro, centro_costo, tipo_egreso | Gasto operativo mensual.",20260202|FIBER UP SA|GASTO SIN COMPROBANTE|547.971
a10d4302-9b05-4b7b-ba5b-f361d5c32fab,2026-02-02,2026-02,Pago Sueldo 01/2026 (Recibo) - Sanchez Agustin,708299.68,,Transferencia Bancaria,Estimado,matriz_historica,revisar,3afe9fbe-11f8-43b3-b28e-a6ae0aff1093,8160b26b-70a5-45df-b09f-98f2365f7b61,Gasto sin comprobante,,ARS,f,"Falta: empresa, subrubro, centro_costo, tipo_egreso | Gasto operativo mensual.",20260202|FIBER UP SA|GASTO SIN COMPROBANTE|708.300
fdd10880-7113-4405-94c1-4018c2e9adf9,2026-02-02,2026-02,Poliza vida colectivo,3728.0,,Débito Automático,Estimado,matriz_historica,revisar,3afe9fbe-11f8-43b3-b28e-a6ae0aff1093,8160b26b-70a5-45df-b09f-98f2365f7b61,Gasto sin comprobante,,ARS,f,"Falta: empresa, subrubro, centro_costo, tipo_egreso | Gasto operativo mensual.",20260202|FIBER UP SA|GASTO SIN COMPROBANTE|3.728
e14dfdf0-4d2b-473a-9bb8-caaa14bf332f,2026-02-02,2026-02,Gastos bancarios 02/2026,65000.0,,Débito Automático,Estimado,matriz_historica,revisar,c79a1013-b175-4b93-ba18-e69908201cee,8160b26b-70a5-45df-b09f-98f2365f7b61,Gasto sin comprobante,,ARS,f,"Falta: empresa, subrubro, centro_costo, tipo_egreso | Requiere revisión manual para gestión.",20260202|FIBER UP SA|GASTO SIN COMPROBANTE|65.000
3f93789d-4ce0-487e-a7e7-f3c16ae5f147,2026-02-02,2026-02,Gastos bancarios 02/2026,65000.0,,Débito Automático,Estimado,matriz_historica,revisar,c79a1013-b175-4b93-ba18-e69908201cee,d3df491b-f0f2-4b79-a73f-36fda5f2bba7,Gasto sin comprobante,,ARS,f,"Falta: empresa, subrubro, centro_costo, tipo_egreso | Requiere revisión manual para gestión.",20260202|LA EXPRESION SRL|GASTO SIN COMPROBANTE|65.000
4197f166-f751-46d7-ab84-00e206064d64,2026-02-02,2026-02,Gastos bancarios 02/2026,65000.0,,Débito Automático,Estimado,matriz_historica,revisar,c79a1013-b175-4b93-ba18-e69908201cee,d8bc0e6a-dee3-49cc-ab4a-6841af77c205,Gasto sin comprobante,,ARS,f,"Falta: empresa, subrubro, centro_costo, tipo_egreso | Requiere revisión manual para gestión.",20260202|LSJ SRL|GASTO SIN COMPROBANTE|65.000
83c484dd-93cc-46a9-afef-68f586623d02,2026-02-02,2026-02,Pago Sueldo 01/2026 (Recibo) - Grimalde Lucas,623039.29,,Transferencia Bancaria,Estimado,matriz_historica,revisar,3afe9fbe-11f8-43b3-b28e-a6ae0aff1093,a3831295-0538-40ff-b912-e8cc361d16fc,Gasto sin comprobante,,ARS,f,"Falta: empresa, subrubro, centro_costo, tipo_egreso | Gasto operativo mensual.",20260202|MORA CERO SA|GASTO SIN COMPROBANTE|623.039
6d0fd4cf-f3a8-4291-a748-d91de4adc133,2026-02-02,2026-02,Pago Sueldo 01/2026 (Recibo)- Sucheyre Delfina,764623.44,,Transferencia Bancaria,Estimado,matriz_historica,revisar,3afe9fbe-11f8-43b3-b28e-a6ae0aff1093,a3831295-0538-40ff-b912-e8cc361d16fc,Gasto sin comprobante,,ARS,f,"Falta: empresa, subrubro, centro_costo, tipo_egreso | Gasto operativo mensual.",20260202|MORA CERO SA|GASTO SIN COMPROBANTE|764.623
4c481d5d-6764-4055-b6a1-ac49bd0ff9eb,2026-02-02,2026-02,Gastos bancarios 02/2026,65000.0,,Débito Automático,Estimado,matriz_historica,revisar,c79a1013-b175-4b93-ba18-e69908201cee,a3831295-0538-40ff-b912-e8cc361d16fc,Gasto sin comprobante,,ARS,f,"Falta: empresa, subrubro, centro_costo, tipo_egreso | Requiere revisión manual para gestión.",20260202|MORA CERO SA|GASTO SIN COMPROBANTE|65.000
35a5b9a0-6936-40ad-9c9f-c2ebec1f0afb,2026-02-02,2026-02,Abono mensual BircleAI - Enero 2026,2070685.0,,Efectivo,Estimado,matriz_historica,revisar,bee3671b-e640-4c7b-b015-5d2ace3a2cf4,2c118e4e-3848-4b55-8b25-ac23a8846c7f,Gasto sin comprobante,,ARS,f,"Falta: empresa, subrubro, centro_costo, tipo_egreso | Requiere revisión manual para gestión.",20260202|NETSHARING SA|GASTO SIN COMPROBANTE|2.070.685
8b2929ce-e958-40f5-866d-587ea61a0173,2026-02-02,2026-02,Radares Logans mensual,184462.77,,Débito Automático,Estimado,matriz_historica,revisar,f457200b-42b2-4dd7-8d1e-7912fd4592e3,2c118e4e-3848-4b55-8b25-ac23a8846c7f,Gasto sin comprobante,,ARS,f,"Falta: empresa, subrubro, centro_costo, tipo_egreso | Requiere revisión manual para gestión.",20260202|NETSHARING SA|GASTO SIN COMPROBANTE|184.463
f0607cda-0f96-4388-be15-27564597c2b9,2026-02-02,2026-02,Sueldo 01/2026 (Recibo) - Sacco Alexis,858500.0,,Transferencia Bancaria,Estimado,matriz_historica,revisar,3afe9fbe-11f8-43b3-b28e-a6ae0aff1093,2c118e4e-3848-4b55-8b25-ac23a8846c7f,Gasto sin comprobante,,ARS,f,"Falta: empresa, subrubro, centro_costo, tipo_egreso | Gasto operativo mensual.",20260202|NETSHARING SA|GASTO SIN COMPROBANTE|858.500
b6e2c252-b261-444d-a7f5-6d70fb989d7d,2026-02-02,2026-02,Sueldo 01/2026 (Recibo) - Benitez Alejandro,753957.39,,Transferencia Bancaria,Estimado,matriz_historica,revisar,3afe9fbe-11f8-43b3-b28e-a6ae0aff1093,2c118e4e-3848-4b55-8b25-ac23a8846c7f,Gasto sin comprobante,,ARS,f,"Falta: empresa, subrubro, centro_costo, tipo_egreso | Gasto operativo mensual.",20260202|NETSHARING SA|GASTO SIN COMPROBANTE|753.957
316de8bd-91a8-45b2-87a3-448bf65b6b49,2026-02-02,2026-02,Sueldo 01/2026 (Recibo) - Carballo Ariel,759159.77,,Transferencia Bancaria,Estimado,matriz_historica,revisar,3afe9fbe-11f8-43b3-b28e-a6ae0aff1093,2c118e4e-3848-4b55-8b25-ac23a8846c7f,Gasto sin comprobante,,ARS,f,"Falta: empresa, subrubro, centro_costo, tipo_egreso | Gasto operativo mensual.",20260202|NETSHARING SA|GASTO SIN COMPROBANTE|759.160
e69eb8ff-7196-422e-a3fb-3ac08f20d2fe,2026-02-02,2026-02,Sueldo 01/2026 (Recibo) - Cavicchia Juan Jose,521027.81,,Transferencia Bancaria,Estimado,matriz_historica,revisar,3afe9fbe-11f8-43b3-b28e-a6ae0aff1093,2c118e4e-3848-4b55-8b25-ac23a8846c7f,Gasto sin comprobante,,ARS,f,"Falta: empresa, subrubro, centro_costo, tipo_egreso | Gasto operativo mensual.",20260202|NETSHARING SA|GASTO SIN COMPROBANTE|521.028
6f19c9fa-2abf-40ad-b240-39caa27fee6c,2026-02-02,2026-02,Sueldo 01/2026 (Recibo) - Chung Taquia Julio,1313000.0,,Transferencia Bancaria,Estimado,matriz_historica,revisar,3afe9fbe-11f8-43b3-b28e-a6ae0aff1093,2c118e4e-3848-4b55-8b25-ac23a8846c7f,Gasto sin comprobante,,ARS,f,"Falta: empresa, subrubro, centro_costo, tipo_egreso | Gasto operativo mensual.",20260202|NETSHARING SA|GASTO SIN COMPROBANTE|1.313.000
ad0455bf-2e87-430c-b722-6d34c7cffa9d,2026-02-02,2026-02,Sueldo 01/2026 (Recibo) - Couselo Julio,1075000.0,,Transferencia Bancaria,Estimado,matriz_historica,revisar,3afe9fbe-11f8-43b3-b28e-a6ae0aff1093,2c118e4e-3848-4b55-8b25-ac23a8846c7f,Gasto sin comprobante,,ARS,f,"Falta: empresa, subrubro, centro_costo, tipo_egreso | Gasto operativo mensual.",20260202|NETSHARING SA|GASTO SIN COMPROBANTE|1.075.000
f784a343-0d2e-4946-8598-6820150b7878,2026-02-02,2026-02,Sueldo 01/2026 (Recibo) - Fiorante Camila,723199.05,,Transferencia Bancaria,Estimado,matriz_historica,revisar,3afe9fbe-11f8-43b3-b28e-a6ae0aff1093,2c118e4e-3848-4b55-8b25-ac23a8846c7f,Gasto sin comprobante,,ARS,f,"Falta: empresa, subrubro, centro_costo, tipo_egreso | Gasto operativo mensual.",20260202|NETSHARING SA|GASTO SIN COMPROBANTE|723.199
766a4130-1c70-43d8-a1db-aa5a4e888199,2026-02-02,2026-02,Sueldo 01/2026 (Recibo) - Gomez Camila Ayelen,535392.44,,Transferencia Bancaria,Estimado,matriz_historica,revisar,3afe9fbe-11f8-43b3-b28e-a6ae0aff1093,2c118e4e-3848-4b55-8b25-ac23a8846c7f,Gasto sin comprobante,,ARS,f,"Falta: empresa, subrubro, centro_costo, tipo_egreso | Gasto operativo mensual.",20260202|NETSHARING SA|GASTO SIN COMPROBANTE|535.392
5c8d5796-5fbe-4781-9f4d-916c74dfea5d,2026-02-02,2026-02,Sueldo 01/2026 (Recibo) - La Cruz Victor,521027.81,,Transferencia Bancaria,Estimado,matriz_historica,revisar,3afe9fbe-11f8-43b3-b28e-a6ae0aff1093,2c118e4e-3848-4b55-8b25-ac23a8846c7f,Gasto sin comprobante,,ARS,f,"Falta: empresa, subrubro, centro_costo, tipo_egreso | Gasto operativo mensual.",20260202|NETSHARING SA|GASTO SIN COMPROBANTE|521.028
b3497b35-d386-4ae5-9a68-beeeb52fc13b,2026-02-02,2026-02,Sueldo 01/2026 (Recibo) - Quipildor Aylen,535492.44,,Transferencia Bancaria,Estimado,matriz_historica,revisar,3afe9fbe-11f8-43b3-b28e-a6ae0aff1093,2c118e4e-3848-4b55-8b25-ac23a8846c7f,Gasto sin comprobante,,ARS,f,"Falta: empresa, subrubro, centro_costo, tipo_egreso | Gasto operativo mensual.",20260202|NETSHARING SA|GASTO SIN COMPROBANTE|535.492
123e411e-d0ad-4c31-b37f-d4f5fde69e6b,2026-02-02,2026-02,Sueldo 01/2026 (Recibo) - Vega Camila,535392.44,,Transferencia Bancaria,Estimado,matriz_historica,revisar,3afe9fbe-11f8-43b3-b28e-a6ae0aff1093,2c118e4e-3848-4b55-8b25-ac23a8846c7f,Gasto sin comprobante,,ARS,f,"Falta: empresa, subrubro, centro_costo, tipo_egreso | Gasto operativo mensual.",20260202|NETSHARING SA|GASTO SIN COMPROBANTE|535.392
a6af44a9-82ad-4425-a81a-1df2aa6ac03a,2026-02-02,2026-02,Gastos bancarios 02/2026,65000.0,,Débito Automático,Estimado,matriz_historica,revisar,c79a1013-b175-4b93-ba18-e69908201cee,0a184561-fd10-43ac-9fab-2d691a0ab10a,Gasto sin comprobante,,ARS,f,"Falta: empresa, subrubro, centro_costo, tipo_egreso | Requiere revisión manual para gestión.",20260202|PERMAWE SRL|GASTO SIN COMPROBANTE|65.000
80b53a40-49b0-444d-b223-01f24fbb7ac6,2026-02-02,2026-02,Gastos bancarios 02/2026,65000.0,,Débito Automático,Estimado,matriz_historica,revisar,c79a1013-b175-4b93-ba18-e69908201cee,ca6aa897-f6de-4ef0-aaaf-03b48d6707b4,Gasto sin comprobante,,ARS,f,"Falta: empresa, subrubro, centro_costo, tipo_egreso | Requiere revisión manual para gestión.",20260202|SINAPSIS CONNECT SRL|GASTO SIN COMPROBANTE|65.000
5a652bc7-732f-4a71-a70d-b64411fb93a5,2026-02-02,2026-02,Gastos bancarios 02/2026,65000.0,,Débito Automático,Estimado,matriz_historica,revisar,c79a1013-b175-4b93-ba18-e69908201cee,169b39f8-5b5d-4ca9-8480-43acc4095b49,Gasto sin comprobante,,ARS,f,"Falta: empresa, subrubro, centro_costo, tipo_egreso | Requiere revisión manual para gestión.",20260202|SINDEL GROUP SRL|GASTO SIN COMPROBANTE|65.000
9c957e26-707c-48be-9cea-3c2e2ada6f53,2026-02-02,2026-02,Pago Sueldo 01/2026 (Recibo) - Perez Lucas,705407.14,,Transferencia Bancaria,Estimado,matriz_historica,revisar,3afe9fbe-11f8-43b3-b28e-a6ae0aff1093,412f3f61-3312-4bb0-ae19-e3b789145d6c,Gasto sin comprobante,,ARS,f,"Falta: empresa, subrubro, centro_costo, tipo_egreso | Gasto operativo mensual.",20260202|TOOLS SOLUTION SA|GASTO SIN COMPROBANTE|705.407
ecea7a73-5f90-49be-bb30-5faf4030bceb,2026-02-02,2026-02,Poliza vida colectivo,397.0,,Débito Automático,Estimado,matriz_historica,revisar,3afe9fbe-11f8-43b3-b28e-a6ae0aff1093,412f3f61-3312-4bb0-ae19-e3b789145d6c,Gasto sin comprobante,,ARS,f,"Falta: empresa, subrubro, centro_costo, tipo_egreso | Gasto operativo mensual.",20260202|TOOLS SOLUTION SA|GASTO SIN COMPROBANTE|397
b7418de5-547c-4516-9b08-736f8d58f4bc,2026-02-02,2026-02,Gastos bancarios 02/2026,65000.0,,Débito Automático,Estimado,matriz_historica,revisar,c79a1013-b175-4b93-ba18-e69908201cee,412f3f61-3312-4bb0-ae19-e3b789145d6c,Gasto sin comprobante,,ARS,f,"Falta: empresa, subrubro, centro_costo, tipo_egreso | Requiere revisión manual para gestión.",20260202|TOOLS SOLUTION SA|GASTO SIN COMPROBANTE|65.000
14e12e22-cc6c-4288-b661-b39120844812,2026-02-02,2026-02,Gastos bancarios 02/2026,65000.0,,Débito Automático,Estimado,matriz_historica,revisar,c79a1013-b175-4b93-ba18-e69908201cee,d5d2b619-687e-46f2-b516-f2b3ac4d0301,Gasto sin comprobante,,ARS,f,"Falta: empresa, subrubro, centro_costo, tipo_egreso | Requiere revisión manual para gestión.",20260202|ZELED SA|GASTO SIN COMPROBANTE|65.000
a1f1a312-db19-4ea4-a297-1bee4a230626,2026-02-03,2026-02,Guardias 01/2026 - Cordoba Mauro,120000.0,,Efectivo,Estimado,matriz_historica,revisar,3afe9fbe-11f8-43b3-b28e-a6ae0aff1093,00973821-e775-4164-8183-22f645d4aad6,Gasto sin comprobante,,ARS,f,"Falta: empresa, subrubro, centro_costo, tipo_egreso | Gasto operativo mensual.",20260203|AI BLOCK TECHNOLOGIES SRL|GASTO SIN COMPROBANTE|120.000
f91f2e0c-d3e4-41b5-b5c4-99ab09d1d739,2026-02-03,2026-02,Guardias 01/2026 - Gallo Gonzalo,90000.0,,Efectivo,Estimado,matriz_historica,revisar,3afe9fbe-11f8-43b3-b28e-a6ae0aff1093,00973821-e775-4164-8183-22f645d4aad6,Gasto sin comprobante,,ARS,f,"Falta: empresa, subrubro, centro_costo, tipo_egreso | Gasto operativo mensual.",20260203|AI BLOCK TECHNOLOGIES SRL|GASTO SIN COMPROBANTE|90.000
e1d64f59-7555-40c9-8e28-42fbd17a5fd9,2026-02-03,2026-02,Guardias 01/2026 - Maldonado Rodolfo,90000.0,,Efectivo,Estimado,matriz_historica,revisar,3afe9fbe-11f8-43b3-b28e-a6ae0aff1093,00973821-e775-4164-8183-22f645d4aad6,Gasto sin comprobante,,ARS,f,"Falta: empresa, subrubro, centro_costo, tipo_egreso | Gasto operativo mensual.",20260203|AI BLOCK TECHNOLOGIES SRL|GASTO SIN COMPROBANTE|90.000
e9a5c7b7-22f5-4653-b69a-9a7a6acaf531,2026-02-03,2026-02,Guardias 01/2026 - Monzon Hugo,138800.0,,Efectivo,Estimado,matriz_historica,revisar,3afe9fbe-11f8-43b3-b28e-a6ae0aff1093,00973821-e775-4164-8183-22f645d4aad6,Gasto sin comprobante,,ARS,f,"Falta: empresa, subrubro, centro_costo, tipo_egreso | Gasto operativo mensual.",20260203|AI BLOCK TECHNOLOGIES SRL|GASTO SIN COMPROBANTE|138.800
c75f0dd0-e534-494d-a4df-111f9a01c89b,2026-02-03,2026-02,Guardias 01/2026 - Nahuel Insaurralde,240000.0,,Efectivo,Estimado,matriz_historica,revisar,3afe9fbe-11f8-43b3-b28e-a6ae0aff1093,00973821-e775-4164-8183-22f645d4aad6,Gasto sin comprobante,,ARS,f,"Falta: empresa, subrubro, centro_costo, tipo_egreso | Gasto operativo mensual.",20260203|AI BLOCK TECHNOLOGIES SRL|GASTO SIN COMPROBANTE|240.000
59d6b65a-1bac-4504-913f-948cb6e7e8f0,2026-02-03,2026-02,Guardias 01/2026 - Oliva Matias,60000.0,,Efectivo,Estimado,matriz_historica,revisar,3afe9fbe-11f8-43b3-b28e-a6ae0aff1093,00973821-e775-4164-8183-22f645d4aad6,Gasto sin comprobante,,ARS,f,"Falta: empresa, subrubro, centro_costo, tipo_egreso | Gasto operativo mensual.",20260203|AI BLOCK TECHNOLOGIES SRL|GASTO SIN COMPROBANTE|60.000
38513686-f24b-4999-8e4e-b9425b596c50,2026-02-03,2026-02,Guardias 01/2026- Gramajo Mauro,90000.0,,Efectivo,Estimado,matriz_historica,revisar,3afe9fbe-11f8-43b3-b28e-a6ae0aff1093,00973821-e775-4164-8183-22f645d4aad6,Gasto sin comprobante,,ARS,f,"Falta: empresa, subrubro, centro_costo, tipo_egreso | Gasto operativo mensual.",20260203|AI BLOCK TECHNOLOGIES SRL|GASTO SIN COMPROBANTE|90.000
4ba25987-28bf-450a-8ff0-3f41d3411028,2026-02-03,2026-02,Guardias 01/2026- Gutierrez Marcelo Alejandro,52000.0,,Efectivo,Estimado,matriz_historica,revisar,3afe9fbe-11f8-43b3-b28e-a6ae0aff1093,00973821-e775-4164-8183-22f645d4aad6,Gasto sin comprobante,,ARS,f,"Falta: empresa, subrubro, centro_costo, tipo_egreso | Gasto operativo mensual.",20260203|AI BLOCK TECHNOLOGIES SRL|GASTO SIN COMPROBANTE|52.000
978ae49c-e3ab-4b26-92e4-85082fa55c5d,2026-02-03,2026-02,Guardias 01/2026- Maidana Alexis Josias,82000.0,,Efectivo,Estimado,matriz_historica,revisar,3afe9fbe-11f8-43b3-b28e-a6ae0aff1093,00973821-e775-4164-8183-22f645d4aad6,Gasto sin comprobante,,ARS,f,"Falta: empresa, subrubro, centro_costo, tipo_egreso | Gasto operativo mensual.",20260203|AI BLOCK TECHNOLOGIES SRL|GASTO SIN COMPROBANTE|82.000
72393635-5a14-46d8-9697-1afad0206cec,2026-02-03,2026-02,Guardias 01/2026- Sepulveda Manuel,17800.0,,Efectivo,Estimado,matriz_historica,revisar,3afe9fbe-11f8-43b3-b28e-a6ae0aff1093,00973821-e775-4164-8183-22f645d4aad6,Gasto sin comprobante,,ARS,f,"Falta: empresa, subrubro, centro_costo, tipo_egreso | Gasto operativo mensual.",20260203|AI BLOCK TECHNOLOGIES SRL|GASTO SIN COMPROBANTE|17.800
9b61a173-5c08-408d-abe3-2170d40e9f9d,2026-02-03,2026-02,Sueldo 01/2026 (Diferencial) - Piermartini Fernando,3099200.0,,Transferencia Bancaria,Estimado,matriz_historica,revisar,3afe9fbe-11f8-43b3-b28e-a6ae0aff1093,5d1b320a-cfc6-491b-bccf-cb4ee397b256,Gasto sin comprobante,,ARS,f,"Falta: empresa, subrubro, centro_costo, tipo_egreso | Gasto operativo mensual.",20260203|AKAI SA|GASTO SIN COMPROBANTE|3.099.200
ca2e971a-a2ba-44b3-969e-74407651c210,2026-02-03,2026-02,Rep. FF Maximiliano Bernardis -,694500.0,,Efectivo,Estimado,matriz_historica,revisar,bb1c15ed-e9c2-4d30-a2b8-851a5f97297b,2d1f2a4e-e4f8-4327-9230-7ee2cc10e352,Gasto sin comprobante,,ARS,f,"Falta: empresa, subrubro, centro_costo, tipo_egreso | Abrir por comprobantes: combustible/viáticos OPEX; herramientas/materiales CAPEX.",20260203|ARGENGRAFT SRL|GASTO SIN COMPROBANTE|694.500
cbede014-dc2b-4136-80cb-a0c078bd69da,2026-02-03,2026-02,Rep. FF Sergio Araujo -,396500.0,,Efectivo,Estimado,matriz_historica,revisar,bb1c15ed-e9c2-4d30-a2b8-851a5f97297b,2d1f2a4e-e4f8-4327-9230-7ee2cc10e352,Gasto sin comprobante,,ARS,f,"Falta: empresa, subrubro, centro_costo, tipo_egreso | Abrir por comprobantes: combustible/viáticos OPEX; herramientas/materiales CAPEX.",20260203|ARGENGRAFT SRL|GASTO SIN COMPROBANTE|396.500
90ae080e-2670-4f79-8c44-f46d33467608,2026-02-03,2026-02,Sueldo 12/2025 (Diferencial) - Araujo Sergio,554500.0,,Efectivo,Estimado,matriz_historica,revisar,3afe9fbe-11f8-43b3-b28e-a6ae0aff1093,2d1f2a4e-e4f8-4327-9230-7ee2cc10e352,Gasto sin comprobante,,ARS,f,"Falta: empresa, subrubro, centro_costo, tipo_egreso | Gasto operativo mensual.",20260203|ARGENGRAFT SRL|GASTO SIN COMPROBANTE|554.500
4ef41f33-575e-495a-a7fb-61b1bb30acc9,2026-02-03,2026-02,Sueldo 12/2025 (Diferencial) - Bernardis Maximiliano,1066300.0,,Efectivo,Estimado,matriz_historica,revisar,3afe9fbe-11f8-43b3-b28e-a6ae0aff1093,2d1f2a4e-e4f8-4327-9230-7ee2cc10e352,Gasto sin comprobante,,ARS,f,"Falta: empresa, subrubro, centro_costo, tipo_egreso | Gasto operativo mensual.",20260203|ARGENGRAFT SRL|GASTO SIN COMPROBANTE|1.066.300
2ed4cb88-0c8a-4478-8f59-a7c462a69da3,2026-02-03,2026-02,Sueldo Enveco SRL - Piermartini Gabriel 01/2026,500000.0,,Efectivo,Estimado,matriz_historica,revisar,3afe9fbe-11f8-43b3-b28e-a6ae0aff1093,67fac871-99ff-4c10-8001-fe2a398c1763,Gasto sin comprobante,,ARS,f,"Falta: empresa, subrubro, centro_costo, tipo_egreso | Gasto operativo mensual.",20260203|ENVECO SRL|GASTO SIN COMPROBANTE|500.000
00b4ec81-1eaf-4fd1-a3a6-79bf8c48fed3,2026-02-03,2026-02,Sueldo 01/2026 (Diferencial) - Hernandez Salazar Anais,739800.0,,Efectivo,Estimado,matriz_historica,revisar,3afe9fbe-11f8-43b3-b28e-a6ae0aff1093,8160b26b-70a5-45df-b09f-98f2365f7b61,Gasto sin comprobante,,ARS,f,"Falta: empresa, subrubro, centro_costo, tipo_egreso | Gasto operativo mensual.",20260203|FIBER UP SA|GASTO SIN COMPROBANTE|739.800
f3b8dd69-52e8-4c12-b4e7-9c09367bbe9a,2026-02-03,2026-02,Sueldo 01/2026 (Diferencial) - Sanchez Agustin,381900.0,,Efectivo,Estimado,matriz_historica,revisar,3afe9fbe-11f8-43b3-b28e-a6ae0aff1093,8160b26b-70a5-45df-b09f-98f2365f7b61,Gasto sin comprobante,,ARS,f,"Falta: empresa, subrubro, centro_costo, tipo_egreso | Gasto operativo mensual.",20260203|FIBER UP SA|GASTO SIN COMPROBANTE|381.900
dbb2aa9b-2940-4cd5-8642-aa29d56ab66f,2026-02-03,2026-02,Sueldo 01/2026 (Diferencial) - Acevedo Raul,1028900.0,,Efectivo,Estimado,matriz_historica,revisar,3afe9fbe-11f8-43b3-b28e-a6ae0aff1093,8160b26b-70a5-45df-b09f-98f2365f7b61,Gasto sin comprobante,,ARS,f,"Falta: empresa, subrubro, centro_costo, tipo_egreso | Gasto operativo mensual.",20260203|FIBER UP SA|GASTO SIN COMPROBANTE|1.028.900
1f91b15a-365c-434b-917e-db1773c4e445,2026-02-03,2026-02,Sueldo 01/2026 - Rodriguez Ignacio,200000.0,,Efectivo,Estimado,matriz_historica,revisar,3afe9fbe-11f8-43b3-b28e-a6ae0aff1093,d8bc0e6a-dee3-49cc-ab4a-6841af77c205,Gasto sin comprobante,,ARS,f,"Falta: empresa, subrubro, centro_costo, tipo_egreso | Gasto operativo mensual.",20260203|LSJ SRL|GASTO SIN COMPROBANTE|200.000
e5f81c80-533e-442d-b8ee-a5edbdcbee35,2026-02-03,2026-02,Sueldo 01/2026 (Diferencial) - Grimalde Lucas,465000.0,,Efectivo,Estimado,matriz_historica,revisar,3afe9fbe-11f8-43b3-b28e-a6ae0aff1093,a3831295-0538-40ff-b912-e8cc361d16fc,Gasto sin comprobante,,ARS,f,"Falta: empresa, subrubro, centro_costo, tipo_egreso | Gasto operativo mensual.",20260203|MORA CERO SA|GASTO SIN COMPROBANTE|465.000
36cf34a0-7d86-4984-973d-cc6b80ed5ee2,2026-02-03,2026-02,Sueldo 01/2026 (Diferencial) - Sucheyre Delfina,624200.0,,Efectivo,Estimado,matriz_historica,revisar,3afe9fbe-11f8-43b3-b28e-a6ae0aff1093,a3831295-0538-40ff-b912-e8cc361d16fc,Gasto sin comprobante,,ARS,f,"Falta: empresa, subrubro, centro_costo, tipo_egreso | Gasto operativo mensual.",20260203|MORA CERO SA|GASTO SIN COMPROBANTE|624.200
ab3810a8-bd24-4732-a562-5a8ac477337f,2026-02-03,2026-02,Instalaciones - Antonio Semana: 24/01 - 31/01,630000.0,,Efectivo,Estimado,matriz_historica,revisar,8ac1dd5b-a9a7-4236-ae0d-85fa08133eaa,2c118e4e-3848-4b55-8b25-ac23a8846c7f,Gasto sin comprobante,,ARS,f,"Falta: empresa, subrubro, centro_costo, tipo_egreso | Requiere revisión manual para gestión.",20260203|NETSHARING SA|GASTO SIN COMPROBANTE|630.000
a6f629cb-2e55-43e1-a160-f62ae21df5d0,2026-02-03,2026-02,Instalaciones - Maximiliano Semana: 24/01 - 31/01,460000.0,,Efectivo,Estimado,matriz_historica,revisar,8ac1dd5b-a9a7-4236-ae0d-85fa08133eaa,2c118e4e-3848-4b55-8b25-ac23a8846c7f,Gasto sin comprobante,,ARS,f,"Falta: empresa, subrubro, centro_costo, tipo_egreso | Requiere revisión manual para gestión.",20260203|NETSHARING SA|GASTO SIN COMPROBANTE|460.000
9e4f3e0c-26c4-40bb-9684-fe8d6af47fc0,2026-02-03,2026-02,Com. Ventas semanales Almirante Brown,33000.0,,Efectivo,Estimado,matriz_historica,revisar,6f678363-205a-4081-ae32-2d2a8999f5e2,2c118e4e-3848-4b55-8b25-ac23a8846c7f,Gasto sin comprobante,,ARS,f,"Falta: empresa, subrubro, centro_costo, tipo_egreso | Requiere revisión manual para gestión.",20260203|NETSHARING SA|GASTO SIN COMPROBANTE|33.000
3b4fd3a3-c661-451c-aec2-b7c978147101,2026-02-03,2026-02,Com. Ventas Mensuales Capitan Sarmiento 01/2026,204500.0,,Efectivo,Estimado,matriz_historica,revisar,6f678363-205a-4081-ae32-2d2a8999f5e2,2c118e4e-3848-4b55-8b25-ac23a8846c7f,Gasto sin comprobante,,ARS,f,"Falta: empresa, subrubro, centro_costo, tipo_egreso | Requiere revisión manual para gestión.",20260203|NETSHARING SA|GASTO SIN COMPROBANTE|204.500
4cacf1ad-e372-4564-aafe-dda1fe3724d7,2026-02-03,2026-02,Com. Ventas quincenales Capitan Sarmiento 01/2026 - Marcelo / Gaspar (2da quincena),450000.0,,Efectivo,Estimado,matriz_historica,revisar,6f678363-205a-4081-ae32-2d2a8999f5e2,2c118e4e-3848-4b55-8b25-ac23a8846c7f,Gasto sin comprobante,,ARS,f,"Falta: empresa, subrubro, centro_costo, tipo_egreso | Requiere revisión manual para gestión.",20260203|NETSHARING SA|GASTO SIN COMPROBANTE|450.000
40c6df9d-ad15-437d-bfce-46211cdfcc7c,2026-02-03,2026-02,Pago Mano de Obra - Etapa I,8015350.0,,Efectivo,Estimado,matriz_historica,revisar,e3df9d7b-9370-44e2-82e3-381be887ef77,2c118e4e-3848-4b55-8b25-ac23a8846c7f,Gasto sin comprobante,,ARS,f,"Falta: empresa, subrubro, centro_costo, tipo_egreso | Requiere revisión manual para gestión.",20260203|NETSHARING SA|GASTO SIN COMPROBANTE|8.015.350
45963ffc-4ae5-4f08-9ad3-9dea6ee97092,2026-02-03,2026-02,Sueldo Limpieza Capitan Sarmiento,100000.0,,Transferencia Bancaria,Estimado,matriz_historica,revisar,3afe9fbe-11f8-43b3-b28e-a6ae0aff1093,2c118e4e-3848-4b55-8b25-ac23a8846c7f,Gasto sin comprobante,,ARS,f,"Falta: empresa, subrubro, centro_costo, tipo_egreso | Gasto operativo mensual.",20260203|NETSHARING SA|GASTO SIN COMPROBANTE|100.000
b505b302-6aa1-4737-bed4-bb89b00840ab,2026-02-03,2026-02,Sueldo 01/2026 - Bottan Luciana,3248000.0,,Efectivo,Estimado,matriz_historica,revisar,3afe9fbe-11f8-43b3-b28e-a6ae0aff1093,2c118e4e-3848-4b55-8b25-ac23a8846c7f,Gasto sin comprobante,,ARS,f,"Falta: empresa, subrubro, centro_costo, tipo_egreso | Gasto operativo mensual.",20260203|NETSHARING SA|GASTO SIN COMPROBANTE|3.248.000
1de14739-36b8-4960-94e8-14e36cf0f208,2026-02-03,2026-02,Sueldo 01/2026 (Diferencial) - Benitez Alejandro (CS),607800.0,,Efectivo,Estimado,matriz_historica,revisar,3afe9fbe-11f8-43b3-b28e-a6ae0aff1093,2c118e4e-3848-4b55-8b25-ac23a8846c7f,Gasto sin comprobante,,ARS,f,"Falta: empresa, subrubro, centro_costo, tipo_egreso | Gasto operativo mensual.",20260203|NETSHARING SA|GASTO SIN COMPROBANTE|607.800
04c17dfb-c201-4102-b906-74507c87e278,2026-02-03,2026-02,Sueldo 01/2026 (Diferencial) - Camila Vega,574700.0,,Efectivo,Estimado,matriz_historica,revisar,3afe9fbe-11f8-43b3-b28e-a6ae0aff1093,2c118e4e-3848-4b55-8b25-ac23a8846c7f,Gasto sin comprobante,,ARS,f,"Falta: empresa, subrubro, centro_costo, tipo_egreso | Gasto operativo mensual.",20260203|NETSHARING SA|GASTO SIN COMPROBANTE|574.700
3bc7c7d7-16c5-44e7-8943-0e2c5c066f31,2026-02-03,2026-02,Sueldo 01/2026 (Diferencial) - Carballo Ariel,654900.0,,Efectivo,Estimado,matriz_historica,revisar,3afe9fbe-11f8-43b3-b28e-a6ae0aff1093,2c118e4e-3848-4b55-8b25-ac23a8846c7f,Gasto sin comprobante,,ARS,f,"Falta: empresa, subrubro, centro_costo, tipo_egreso | Gasto operativo mensual.",20260203|NETSHARING SA|GASTO SIN COMPROBANTE|654900.00
4fa01dc6-4e01-4f0d-bcf3-aeb5b561f5ff,2026-02-03,2026-02,Sueldo 01/2026 (Diferencial) - Cavicchia Juan Jose,629000.0,,Efectivo,Estimado,matriz_historica,revisar,3afe9fbe-11f8-43b3-b28e-a6ae0aff1093,2c118e4e-3848-4b55-8b25-ac23a8846c7f,Gasto sin comprobante,,ARS,f,"Falta: empresa, subrubro, centro_costo, tipo_egreso | Gasto operativo mensual.",20260203|NETSHARING SA|GASTO SIN COMPROBANTE|629.000
0ccb51e2-0f9d-457f-b3e5-af2cf19f9414,2026-02-03,2026-02,Sueldo 01/2026 (Diferencial) - Chung Julio,2323000.0,,Efectivo,Estimado,matriz_historica,revisar,3afe9fbe-11f8-43b3-b28e-a6ae0aff1093,2c118e4e-3848-4b55-8b25-ac23a8846c7f,Gasto sin comprobante,,ARS,f,"Falta: empresa, subrubro, centro_costo, tipo_egreso | Gasto operativo mensual.",20260203|NETSHARING SA|GASTO SIN COMPROBANTE|2.323.000
f36f2155-adc4-4bfc-b702-0268571fddf9,2026-02-03,2026-02,Sueldo 01/2026 (Diferencial) - Couselo Julio,2052000.0,,Efectivo,Estimado,matriz_historica,revisar,3afe9fbe-11f8-43b3-b28e-a6ae0aff1093,2c118e4e-3848-4b55-8b25-ac23a8846c7f,Gasto sin comprobante,,ARS,f,"Falta: empresa, subrubro, centro_costo, tipo_egreso | Gasto operativo mensual.",20260203|NETSHARING SA|GASTO SIN COMPROBANTE|2.052.000
797d8838-e536-4d2f-a375-8bcf7391f66f,2026-02-03,2026-02,Sueldo 01/2026 (Diferencial) - Fiorante Camila (CS),391300.0,,Efectivo,Estimado,matriz_historica,revisar,3afe9fbe-11f8-43b3-b28e-a6ae0aff1093,2c118e4e-3848-4b55-8b25-ac23a8846c7f,Gasto sin comprobante,,ARS,f,"Falta: empresa, subrubro, centro_costo, tipo_egreso | Gasto operativo mensual.",20260203|NETSHARING SA|GASTO SIN COMPROBANTE|391.300
bba09188-6062-4143-a838-a69d5696f78f,2026-02-03,2026-02,Sueldo 01/2026 (Diferencial) - Gomez Camila Ayelen (CS),277700.0,,Efectivo,Estimado,matriz_historica,revisar,3afe9fbe-11f8-43b3-b28e-a6ae0aff1093,2c118e4e-3848-4b55-8b25-ac23a8846c7f,Gasto sin comprobante,,ARS,f,"Falta: empresa, subrubro, centro_costo, tipo_egreso | Gasto operativo mensual.",20260203|NETSHARING SA|GASTO SIN COMPROBANTE|277.700
13a81520-8ce7-41f9-a4ae-6d338c3cb8bd,2026-02-03,2026-02,Sueldo 01/2026 - Alfredo Bockl,683800.0,,Efectivo,Estimado,matriz_historica,revisar,3afe9fbe-11f8-43b3-b28e-a6ae0aff1093,2c118e4e-3848-4b55-8b25-ac23a8846c7f,Gasto sin comprobante,,ARS,f,"Falta: empresa, subrubro, centro_costo, tipo_egreso | Gasto operativo mensual.",20260203|NETSHARING SA|GASTO SIN COMPROBANTE|683.800
017e7f12-3959-439e-930f-447badc5d780,2026-02-03,2026-02,Sueldo 01/2026 (Diferencial ) - Sacco Alexis,1140000.0,,Efectivo,Estimado,matriz_historica,revisar,3afe9fbe-11f8-43b3-b28e-a6ae0aff1093,2c118e4e-3848-4b55-8b25-ac23a8846c7f,Gasto sin comprobante,,ARS,f,"Falta: empresa, subrubro, centro_costo, tipo_egreso | Gasto operativo mensual.",20260203|NETSHARING SA|GASTO SIN COMPROBANTE|1.140.000
25682511-bab0-4de7-96aa-66f414f1584b,2026-02-03,2026-02,Sueldo 01/2026 (Diferencial) - Cavicchia Juan Jose,629000.0,,Efectivo,Estimado,matriz_historica,revisar,3afe9fbe-11f8-43b3-b28e-a6ae0aff1093,2c118e4e-3848-4b55-8b25-ac23a8846c7f,Gasto sin comprobante,,ARS,f,"Falta: empresa, subrubro, centro_costo, tipo_egreso | Gasto operativo mensual.",20260203|NETSHARING SA|GASTO SIN COMPROBANTE|629.000
bd8a3b78-8dd1-403a-8db9-3ba50c0bbf03,2026-02-03,2026-02,Sueldo 01/2026 (Diferencial) - La Cruz Victor,479000.0,,Efectivo,Estimado,matriz_historica,revisar,3afe9fbe-11f8-43b3-b28e-a6ae0aff1093,2c118e4e-3848-4b55-8b25-ac23a8846c7f,Gasto sin comprobante,,ARS,f,"Falta: empresa, subrubro, centro_costo, tipo_egreso | Gasto operativo mensual.",20260203|NETSHARING SA|GASTO SIN COMPROBANTE|479.000
7de83bc5-a18e-4e24-8e78-95d7caba4eef,2026-02-03,2026-02,Sueldo 01/2026 (Diferencial) - Quipildor Aylen,626100.0,,Efectivo,Estimado,matriz_historica,revisar,3afe9fbe-11f8-43b3-b28e-a6ae0aff1093,2c118e4e-3848-4b55-8b25-ac23a8846c7f,Gasto sin comprobante,,ARS,f,"Falta: empresa, subrubro, centro_costo, tipo_egreso | Gasto operativo mensual.",20260203|NETSHARING SA|GASTO SIN COMPROBANTE|626.100
a5870d33-0fb0-4602-a36f-bcc8fcde2681,2026-02-03,2026-02,Sueldo 01/2026 (Proporcional) - Tamara,255900.0,,Efectivo,Estimado,matriz_historica,revisar,3afe9fbe-11f8-43b3-b28e-a6ae0aff1093,2c118e4e-3848-4b55-8b25-ac23a8846c7f,Gasto sin comprobante,,ARS,f,"Falta: empresa, subrubro, centro_costo, tipo_egreso | Gasto operativo mensual.",20260203|NETSHARING SA|GASTO SIN COMPROBANTE|255.900
02c2c06a-1edf-433f-8479-0ce0696a2962,2026-02-03,2026-02,Sueldo 01/2026 (diferencial) - Perez Lucas,580920.0,,Efectivo,Estimado,matriz_historica,revisar,3afe9fbe-11f8-43b3-b28e-a6ae0aff1093,412f3f61-3312-4bb0-ae19-e3b789145d6c,Gasto sin comprobante,,ARS,f,"Falta: empresa, subrubro, centro_costo, tipo_egreso | Gasto operativo mensual.",20260203|TOOLS SOLUTION SA|GASTO SIN COMPROBANTE|580.920
1a903524-7916-44dc-b190-747aa0e280b6,2026-02-04,2026-02,Poliza Incendio Burzaco,210517.0,,Débito Automático,Estimado,matriz_historica,revisar,c79a1013-b175-4b93-ba18-e69908201cee,ae87331f-e6ad-4dc6-ac13-8affd74e6018,Gasto sin comprobante,,ARS,f,"Falta: empresa, subrubro, centro_costo, tipo_egreso | Requiere revisión manual para gestión.",20260204|CAPITAL ASSISTANCE SA|GASTO SIN COMPROBANTE|210.517
2ae6c929-07c1-42c8-aef9-e3987b65ba2d,2026-02-04,2026-02,Póliza Vida colectivo,1100.0,,Débito Automático,Estimado,matriz_historica,revisar,3afe9fbe-11f8-43b3-b28e-a6ae0aff1093,a3831295-0538-40ff-b912-e8cc361d16fc,Gasto sin comprobante,,ARS,f,"Falta: empresa, subrubro, centro_costo, tipo_egreso | Gasto operativo mensual.",20260204|MORA CERO SA|GASTO SIN COMPROBANTE|1.100
cb67b6c7-373f-4f15-86fc-8c468b552589,2026-02-04,2026-02,Alquiler Oficina Carlos Pellegrini 887 - 4to 02/2026 (u$s 1050),1496250.0,,Efectivo,Estimado,matriz_historica,revisar,8c386e63-369e-4890-bef9-2e4cae4f225e,2c118e4e-3848-4b55-8b25-ac23a8846c7f,Gasto sin comprobante,,ARS,f,"Falta: empresa, subrubro, centro_costo, tipo_egreso | Gasto operativo de inmueble.",20260204|NETSHARING SA|GASTO SIN COMPROBANTE|1.496.250
83f92215-2df7-4d69-8a3d-b88e3df2274d,2026-02-04,2026-02,Combustible Autos - Capitan Sarmiento - 2 vehículos,80000.0,,Efectivo,Estimado,matriz_historica,revisar,f457200b-42b2-4dd7-8d1e-7912fd4592e3,2c118e4e-3848-4b55-8b25-ac23a8846c7f,Gasto sin comprobante,,ARS,f,"Falta: empresa, subrubro, centro_costo, tipo_egreso | Requiere revisión manual para gestión.",20260204|NETSHARING SA|GASTO SIN COMPROBANTE|80.000
6b36d5b7-1303-44c6-84e9-999d0fd09b8c,2026-02-04,2026-02,Pago Factura ISPCube- Abono Mensual,403110.0,,Transferencia Bancaria,Estimado,matriz_historica,revisar,27353c3f-07e2-4710-981b-b84be3e1b115,2c118e4e-3848-4b55-8b25-ac23a8846c7f,Gasto sin comprobante,,ARS,f,"Falta: empresa, subrubro, centro_costo, tipo_egreso | Requiere revisión manual para gestión.",20260204|NETSHARING SA|GASTO SIN COMPROBANTE|403.110
829f7fd7-a8c8-4843-8570-07e5c3522ca0,2026-02-04,2026-02,Honorarios - Marina Chabot Factura,500000.0,,Transferencia Bancaria,Estimado,matriz_historica,revisar,bee3671b-e640-4c7b-b015-5d2ace3a2cf4,2c118e4e-3848-4b55-8b25-ac23a8846c7f,Gasto sin comprobante,,ARS,f,"Falta: empresa, subrubro, centro_costo, tipo_egreso | Requiere revisión manual para gestión.",20260204|NETSHARING SA|GASTO SIN COMPROBANTE|500.000
34ee075d-fad4-4ca1-a984-8cc8edec7be2,2026-02-04,2026-02,Hitecno: compra de ONU - Echeq 04 de 04,3541627.5,,ECHEQ,Estimado,matriz_historica,revisar,802af493-2f23-4d62-becc-e13951069416,2c118e4e-3848-4b55-8b25-ac23a8846c7f,Gasto sin comprobante,,ARS,f,"Falta: empresa, subrubro, centro_costo, tipo_egreso | Regla definida: herramientas y materiales se clasifican como CAPEX.",20260204|NETSHARING SA|GASTO SIN COMPROBANTE|3.541.628
0222d8e9-8c68-4b50-ac15-d72c3d1e1840,2026-02-04,2026-02,IPSERVICES Echeq - Echeq 03 de 05,2791590.8,,ECHEQ,Estimado,matriz_historica,revisar,802af493-2f23-4d62-becc-e13951069416,2c118e4e-3848-4b55-8b25-ac23a8846c7f,Gasto sin comprobante,,ARS,f,"Falta: empresa, subrubro, centro_costo, tipo_egreso | Compra de equipos; no impactar como gasto operativo mensual.",20260204|NETSHARING SA|GASTO SIN COMPROBANTE|2.791.591
77fc2b1b-7849-4991-8483-fe2d6494b211,2026-02-04,2026-02,Póliza Vida colectivo,51650.0,,Débito Automático,Estimado,matriz_historica,revisar,3afe9fbe-11f8-43b3-b28e-a6ae0aff1093,2c118e4e-3848-4b55-8b25-ac23a8846c7f,Gasto sin comprobante,,ARS,f,"Falta: empresa, subrubro, centro_costo, tipo_egreso | Gasto operativo mensual.",20260204|NETSHARING SA|GASTO SIN COMPROBANTE|51.650
522fd288-5ba1-44d6-a82f-7a8bbd5c7bd4,2026-02-04,2026-02,Bidones de Agua: Reggieri SA - CABA (estimado),84000.0,,Transferencia Bancaria,Estimado,matriz_historica,revisar,d7502a66-86b0-4d59-a5bd-96cf2e1ea382,2c118e4e-3848-4b55-8b25-ac23a8846c7f,Gasto sin comprobante,,ARS,f,"Falta: empresa, subrubro, centro_costo, tipo_egreso | Requiere revisión manual para gestión.",20260204|NETSHARING SA|GASTO SIN COMPROBANTE|84.000
513bb5e0-5849-4d35-b0a7-203ef3f20e9b,2026-02-04,2026-02,Pago FC Telecom,246749.0,,Transferencia Bancaria,Estimado,matriz_historica,revisar,c79a1013-b175-4b93-ba18-e69908201cee,2c118e4e-3848-4b55-8b25-ac23a8846c7f,Gasto sin comprobante,,ARS,f,"Falta: empresa, subrubro, centro_costo, tipo_egreso | Requiere revisión manual para gestión.",20260204|NETSHARING SA|GASTO SIN COMPROBANTE|246.749
67da85ba-6bf6-4314-8b42-db40ad5ff6eb,2026-02-04,2026-02,Abono mensual SILICA,3048168.0,,Transferencia Bancaria,Estimado,matriz_historica,revisar,ccdb22f5-3d2d-4e0e-8451-4d7fc155862d,2c118e4e-3848-4b55-8b25-ac23a8846c7f,Gasto sin comprobante,,ARS,f,"Falta: empresa, subrubro, centro_costo, tipo_egreso | Proveedor mayorista recurrente.",20260204|NETSHARING SA|GASTO SIN COMPROBANTE|3.048.168
aa3f53b6-04fc-492b-bd78-e9614ece6a68,2026-02-05,2026-02,Pago Autonomos - 01/2026,125485.06,,Transferencia Bancaria,Estimado,matriz_historica,revisar,57f782a8-a815-4e51-b69b-9a2f5d619ca0,00973821-e775-4164-8183-22f645d4aad6,Gasto sin comprobante,,ARS,f,"Falta: empresa, subrubro, centro_costo, tipo_egreso | Requiere revisión manual para gestión.",20260205|AI BLOCK TECHNOLOGIES SRL|GASTO SIN COMPROBANTE|125.485
c92bf9d8-8754-4240-9990-410208702951,2026-02-05,2026-02,Pago Autonomos - 01/2026,52939.47,,Transferencia Bancaria,Estimado,matriz_historica,revisar,57f782a8-a815-4e51-b69b-9a2f5d619ca0,5d1b320a-cfc6-491b-bccf-cb4ee397b256,Gasto sin comprobante,,ARS,f,"Falta: empresa, subrubro, centro_costo, tipo_egreso | Requiere revisión manual para gestión.",20260205|AKAI SA|GASTO SIN COMPROBANTE|52.939
050b4e27-ba08-40d6-aaf0-b6a6da49d01b,2026-02-05,2026-02,Pago Autonomos - 01/2026,125485.06,,Transferencia Bancaria,Estimado,matriz_historica,revisar,57f782a8-a815-4e51-b69b-9a2f5d619ca0,d3df491b-f0f2-4b79-a73f-36fda5f2bba7,Gasto sin comprobante,,ARS,f,"Falta: empresa, subrubro, centro_costo, tipo_egreso | Requiere revisión manual para gestión.",20260205|LA EXPRESION SRL|GASTO SIN COMPROBANTE|125.485
a6499542-8a16-45f1-93fc-fa16a211c431,2026-02-05,2026-02,Alquiler Glew - Febrero 2026,1000000.0,,Efectivo,Estimado,matriz_historica,revisar,8c386e63-369e-4890-bef9-2e4cae4f225e,2c118e4e-3848-4b55-8b25-ac23a8846c7f,Gasto sin comprobante,,ARS,f,"Falta: empresa, subrubro, centro_costo, tipo_egreso | Gasto operativo de inmueble.",20260205|NETSHARING SA|GASTO SIN COMPROBANTE|1.000.000
ebd27247-5232-406b-acb9-fb104e05206b,2026-02-05,2026-02,Deposito: Inmueble Glew,1400000.0,,Efectivo,Estimado,matriz_historica,revisar,8c386e63-369e-4890-bef9-2e4cae4f225e,2c118e4e-3848-4b55-8b25-ac23a8846c7f,Gasto sin comprobante,,ARS,f,"Falta: empresa, subrubro, centro_costo, tipo_egreso | Separar de alquiler recurrente para no distorsionar el mes.",20260205|NETSHARING SA|GASTO SIN COMPROBANTE|1.400.000
44a81f37-cf21-42a7-8b05-e75adb03735c,2026-02-05,2026-02,Honorarios Inmobiliario,3036000.0,,Efectivo,Estimado,matriz_historica,revisar,8c386e63-369e-4890-bef9-2e4cae4f225e,2c118e4e-3848-4b55-8b25-ac23a8846c7f,Gasto sin comprobante,,ARS,f,"Falta: empresa, subrubro, centro_costo, tipo_egreso | Separar de alquiler recurrente para no distorsionar el mes.",20260205|NETSHARING SA|GASTO SIN COMPROBANTE|3.036.000
9bd3e8ee-3145-4f7c-9cc3-8aee272dce8d,2026-02-05,2026-02,Informes Inmobiliarios,200000.0,,Efectivo,Estimado,matriz_historica,revisar,8c386e63-369e-4890-bef9-2e4cae4f225e,2c118e4e-3848-4b55-8b25-ac23a8846c7f,Gasto sin comprobante,,ARS,f,"Falta: empresa, subrubro, centro_costo, tipo_egreso | Separar de alquiler recurrente para no distorsionar el mes.",20260205|NETSHARING SA|GASTO SIN COMPROBANTE|200.000
aadd49f1-4daa-4219-aeaf-c5c1500906d7,2026-02-05,2026-02,Reserva Alquiler Glew,400000.0,,Transferencia Bancaria,Estimado,matriz_historica,revisar,8c386e63-369e-4890-bef9-2e4cae4f225e,2c118e4e-3848-4b55-8b25-ac23a8846c7f,Gasto sin comprobante,,ARS,f,"Falta: empresa, subrubro, centro_costo, tipo_egreso | Separar de alquiler recurrente para no distorsionar el mes.",20260205|NETSHARING SA|GASTO SIN COMPROBANTE|400.000
ac4db79a-bd29-4913-ac69-5857f2bb73b5,2026-02-05,2026-02,Estudio SP FC 180 - GDG,36183687.54,,Transferencia Bancaria,Estimado,matriz_historica,revisar,35b84597-b6c6-4da9-ba8c-d5cb02c5485f,2c118e4e-3848-4b55-8b25-ac23a8846c7f,Gasto sin comprobante,,ARS,f,"Falta: empresa, subrubro, centro_costo, tipo_egreso | Requiere revisión manual para gestión.",20260205|NETSHARING SA|GASTO SIN COMPROBANTE|36.183.688
35564190-9416-46bd-a833-7cdcd797ff93,2026-02-05,2026-02,Flota Seguros Vehículos,550000.0,,Débito Automático,Estimado,matriz_historica,revisar,f457200b-42b2-4dd7-8d1e-7912fd4592e3,2c118e4e-3848-4b55-8b25-ac23a8846c7f,Gasto sin comprobante,,ARS,f,"Falta: empresa, subrubro, centro_costo, tipo_egreso | Requiere revisión manual para gestión.",20260205|NETSHARING SA|GASTO SIN COMPROBANTE|550.000
6f37c6fa-54c1-4c9f-981c-0455457342cb,2026-02-05,2026-02,Pago Autonomos - 02/2026,125485.06,,Transferencia Bancaria,Estimado,matriz_historica,revisar,57f782a8-a815-4e51-b69b-9a2f5d619ca0,0a184561-fd10-43ac-9fab-2d691a0ab10a,Gasto sin comprobante,,ARS,f,"Falta: empresa, subrubro, centro_costo, tipo_egreso | Requiere revisión manual para gestión.",20260205|PERMAWE SRL|GASTO SIN COMPROBANTE|125.485
ed5a79cf-dd98-4856-9c9c-2c686ca89e30,2026-02-05,2026-02,Pago Autonomos - 01/2026,125485.06,,Transferencia Bancaria,Estimado,matriz_historica,revisar,57f782a8-a815-4e51-b69b-9a2f5d619ca0,169b39f8-5b5d-4ca9-8480-43acc4095b49,Gasto sin comprobante,,ARS,f,"Falta: empresa, subrubro, centro_costo, tipo_egreso | Requiere revisión manual para gestión.",20260205|SINDEL GROUP SRL|GASTO SIN COMPROBANTE|125.485
99c7cf62-2d86-4d92-a3b5-5e613fb0e9ca,2026-02-06,2026-02,Pago Autonomos - 01/2026,125485.06,,Transferencia Bancaria,Estimado,matriz_historica,revisar,57f782a8-a815-4e51-b69b-9a2f5d619ca0,2d1f2a4e-e4f8-4327-9230-7ee2cc10e352,Gasto sin comprobante,,ARS,f,"Falta: empresa, subrubro, centro_costo, tipo_egreso | Requiere revisión manual para gestión.",20260206|ARGENGRAFT SRL|GASTO SIN COMPROBANTE|125.485
aff9dddd-8863-416c-82f0-c60d756210b1,2026-02-06,2026-02,Pago Autonomos - 01/2026,125485.06,,Transferencia Bancaria,Estimado,matriz_historica,revisar,57f782a8-a815-4e51-b69b-9a2f5d619ca0,67fac871-99ff-4c10-8001-fe2a398c1763,Gasto sin comprobante,,ARS,f,"Falta: empresa, subrubro, centro_costo, tipo_egreso | Requiere revisión manual para gestión.",20260206|ENVECO SRL|GASTO SIN COMPROBANTE|125.485
042f4fdb-4e7e-4210-bbfb-26c13fb77268,2026-02-06,2026-02,Pago Autonomos - 01/2026,125485.06,,Transferencia Bancaria,Estimado,matriz_historica,revisar,57f782a8-a815-4e51-b69b-9a2f5d619ca0,a3831295-0538-40ff-b912-e8cc361d16fc,Gasto sin comprobante,,ARS,f,"Falta: empresa, subrubro, centro_costo, tipo_egreso | Requiere revisión manual para gestión.",20260206|MORA CERO SA|GASTO SIN COMPROBANTE|125.485
59700554-00c2-4517-b9db-b3495aad65de,2026-02-06,2026-02,Publicidad Radio - Capitan Sarmiento,101900.0,,Efectivo,Estimado,matriz_historica,revisar,bee3671b-e640-4c7b-b015-5d2ace3a2cf4,2c118e4e-3848-4b55-8b25-ac23a8846c7f,Gasto sin comprobante,,ARS,f,"Falta: empresa, subrubro, centro_costo, tipo_egreso | Requiere revisión manual para gestión.",20260206|NETSHARING SA|GASTO SIN COMPROBANTE|101.900
07ad1388-9bfc-491a-af62-3c9793fd120d,2026-02-06,2026-02,IPSERVICES Echeq - Echeq 02 de 05,3359552.04,,ECHEQ,Estimado,matriz_historica,revisar,802af493-2f23-4d62-becc-e13951069416,2c118e4e-3848-4b55-8b25-ac23a8846c7f,Gasto sin comprobante,,ARS,f,"Falta: empresa, subrubro, centro_costo, tipo_egreso | Compra de equipos; no impactar como gasto operativo mensual.",20260206|NETSHARING SA|GASTO SIN COMPROBANTE|3.359.552
1c85c609-8225-4b49-b3f7-4317923bd930,2026-02-06,2026-02,Bidones de Agua - Capitan Sarmiento,26000.0,,Efectivo,Estimado,matriz_historica,revisar,d7502a66-86b0-4d59-a5bd-96cf2e1ea382,2c118e4e-3848-4b55-8b25-ac23a8846c7f,Gasto sin comprobante,,ARS,f,"Falta: empresa, subrubro, centro_costo, tipo_egreso | Requiere revisión manual para gestión.",20260206|NETSHARING SA|GASTO SIN COMPROBANTE|26.000
91dfbda3-6cc4-4eb5-be3f-ca0df58f16f2,2026-02-06,2026-02,Pago Alarma Varela,78041.33,,Transferencia Bancaria,Estimado,matriz_historica,revisar,d8c35c6e-a653-4c16-98c7-0bea59b63438,2c118e4e-3848-4b55-8b25-ac23a8846c7f,Gasto sin comprobante,,ARS,f,"Falta: empresa, subrubro, centro_costo, tipo_egreso | Requiere revisión manual para gestión.",20260206|NETSHARING SA|GASTO SIN COMPROBANTE|78.041
bc21ccc1-a83a-4fd2-9bfa-bacae46da14c,2026-02-06,2026-02,Pago Autonomos - 01/2026,125485.06,,Transferencia Bancaria,Estimado,matriz_historica,revisar,57f782a8-a815-4e51-b69b-9a2f5d619ca0,ca6aa897-f6de-4ef0-aaaf-03b48d6707b4,Gasto sin comprobante,,ARS,f,"Falta: empresa, subrubro, centro_costo, tipo_egreso | Requiere revisión manual para gestión.",20260206|SINAPSIS CONNECT SRL|GASTO SIN COMPROBANTE|125.485
cf30c6d4-9085-4f42-8ea6-51ee15e5573f,2026-02-06,2026-02,Pago Autonomos - 01/2026,125485.06,,Transferencia Bancaria,Estimado,matriz_historica,revisar,57f782a8-a815-4e51-b69b-9a2f5d619ca0,412f3f61-3312-4bb0-ae19-e3b789145d6c,Gasto sin comprobante,,ARS,f,"Falta: empresa, subrubro, centro_costo, tipo_egreso | Requiere revisión manual para gestión.",20260206|TOOLS SOLUTION SA|GASTO SIN COMPROBANTE|125.485
ee8c5ab2-4973-4b3b-b10d-7db5107968b8,2026-02-06,2026-02,Pago Autonomos - 01/2026,125485.06,,Transferencia Bancaria,Estimado,matriz_historica,revisar,57f782a8-a815-4e51-b69b-9a2f5d619ca0,d5d2b619-687e-46f2-b516-f2b3ac4d0301,Gasto sin comprobante,,ARS,f,"Falta: empresa, subrubro, centro_costo, tipo_egreso | Requiere revisión manual para gestión.",20260206|ZELED SA|GASTO SIN COMPROBANTE|125.485
2b4163b1-51f3-4c19-b6e1-3f93def4a3cf,2026-02-09,2026-02,Honorarios Contables - Francisco Lasagna - Factura 01/2026,100000.0,,Transferencia Bancaria,Estimado,matriz_historica,revisar,7d540775-8719-4ead-991c-9055dd764fef,5d1b320a-cfc6-491b-bccf-cb4ee397b256,Gasto sin comprobante,,ARS,f,"Falta: empresa, subrubro, centro_costo, tipo_egreso | Requiere revisión manual para gestión.",20260209|AKAI SA|GASTO SIN COMPROBANTE|100.000
2f9b6189-5131-4a27-b001-9736fe2c54df,2026-02-09,2026-02,Declaración Jurada Suss: 01/2026,1625334.4,,Transferencia Bancaria,Estimado,matriz_historica,revisar,3afe9fbe-11f8-43b3-b28e-a6ae0aff1093,5d1b320a-cfc6-491b-bccf-cb4ee397b256,Gasto sin comprobante,,ARS,f,"Falta: empresa, subrubro, centro_costo, tipo_egreso | Gasto operativo mensual.",20260209|AKAI SA|GASTO SIN COMPROBANTE|1.625.334
70330b34-0123-45e0-aae8-078577997431,2026-02-09,2026-02,Declaración Jurada Suss: 01/2026,675066.64,,Transferencia Bancaria,Estimado,matriz_historica,revisar,3afe9fbe-11f8-43b3-b28e-a6ae0aff1093,2d1f2a4e-e4f8-4327-9230-7ee2cc10e352,Gasto sin comprobante,,ARS,f,"Falta: empresa, subrubro, centro_costo, tipo_egreso | Gasto operativo mensual.",20260209|ARGENGRAFT SRL|GASTO SIN COMPROBANTE|675.067
7361623b-83e0-47a2-8cbe-3c5dc788805c,2026-02-09,2026-02,Pago Sindicato 01/2026,61951.99,,Transferencia Bancaria,Estimado,matriz_historica,revisar,3afe9fbe-11f8-43b3-b28e-a6ae0aff1093,2d1f2a4e-e4f8-4327-9230-7ee2cc10e352,Gasto sin comprobante,,ARS,f,"Falta: empresa, subrubro, centro_costo, tipo_egreso | Gasto operativo mensual.",20260209|ARGENGRAFT SRL|GASTO SIN COMPROBANTE|61.952
0af9b995-d8b2-4787-86cf-b3432330aa63,2026-02-09,2026-02,Pago FC Metrogas Burzaco,42100.0,,Transferencia Bancaria,Estimado,matriz_historica,revisar,c79a1013-b175-4b93-ba18-e69908201cee,ae87331f-e6ad-4dc6-ac13-8affd74e6018,Gasto sin comprobante,,ARS,f,"Falta: empresa, subrubro, centro_costo, tipo_egreso | Requiere revisión manual para gestión.",20260209|CAPITAL ASSISTANCE SA|GASTO SIN COMPROBANTE|42.100
aa0c43a2-557f-4f12-add8-bdd0ef6c23f8,2026-02-09,2026-02,Honorarios Contables - Francisco Lasagna - Factura 01/2026,100000.0,,Transferencia Bancaria,Estimado,matriz_historica,revisar,7d540775-8719-4ead-991c-9055dd764fef,67fac871-99ff-4c10-8001-fe2a398c1763,Gasto sin comprobante,,ARS,f,"Falta: empresa, subrubro, centro_costo, tipo_egreso | Requiere revisión manual para gestión.",20260209|ENVECO SRL|GASTO SIN COMPROBANTE|100.000
9e3bd426-bbcd-478a-889c-d8c727c65682,2026-02-09,2026-02,Pago Seguro - Dominio MAH-201,125380.04,,Transferencia Bancaria,Estimado,matriz_historica,revisar,f457200b-42b2-4dd7-8d1e-7912fd4592e3,8160b26b-70a5-45df-b09f-98f2365f7b61,Gasto sin comprobante,,ARS,f,"Falta: empresa, subrubro, centro_costo, tipo_egreso | Requiere revisión manual para gestión.",20260209|FIBER UP SA|GASTO SIN COMPROBANTE|125.380
5c068bfb-b9f5-44e9-96d9-82961841be93,2026-02-09,2026-02,Declaración Jurada Suss: 01/2026,982309.76,,Transferencia Bancaria,Estimado,matriz_historica,revisar,3afe9fbe-11f8-43b3-b28e-a6ae0aff1093,8160b26b-70a5-45df-b09f-98f2365f7b61,Gasto sin comprobante,,ARS,f,"Falta: empresa, subrubro, centro_costo, tipo_egreso | Gasto operativo mensual.",20260209|FIBER UP SA|GASTO SIN COMPROBANTE|982.310
f6261cae-3bc5-4c2a-91bd-01442c73cf47,2026-02-09,2026-02,Pago Sindicato 01/2026,161200.32,,Transferencia Bancaria,Estimado,matriz_historica,revisar,3afe9fbe-11f8-43b3-b28e-a6ae0aff1093,8160b26b-70a5-45df-b09f-98f2365f7b61,Gasto sin comprobante,,ARS,f,"Falta: empresa, subrubro, centro_costo, tipo_egreso | Gasto operativo mensual.",20260209|FIBER UP SA|GASTO SIN COMPROBANTE|161.200
b8b06291-da33-41ab-9f80-f592d5cb9230,2026-02-09,2026-02,Honorarios Contables - Francisco Lasagna - Factura 01/2026,100000.0,,Transferencia Bancaria,Estimado,matriz_historica,revisar,7d540775-8719-4ead-991c-9055dd764fef,d3df491b-f0f2-4b79-a73f-36fda5f2bba7,Gasto sin comprobante,,ARS,f,"Falta: empresa, subrubro, centro_costo, tipo_egreso | Requiere revisión manual para gestión.",20260209|LA EXPRESION SRL|GASTO SIN COMPROBANTE|100.000
cd7c7d96-1a6a-4d76-bb07-93a04c0a1d81,2026-02-09,2026-02,Honorarios Contables - Francisco Lasagna - Factura 01/2026,100000.0,,Transferencia Bancaria,Estimado,matriz_historica,revisar,7d540775-8719-4ead-991c-9055dd764fef,d8bc0e6a-dee3-49cc-ab4a-6841af77c205,Gasto sin comprobante,,ARS,f,"Falta: empresa, subrubro, centro_costo, tipo_egreso | Requiere revisión manual para gestión.",20260209|LSJ SRL|GASTO SIN COMPROBANTE|100.000
7c9085c9-57b4-4790-a943-506c0055b33b,2026-02-09,2026-02,Pago Autonomos - 01/2026,125485.06,,Transferencia Bancaria,Estimado,matriz_historica,revisar,57f782a8-a815-4e51-b69b-9a2f5d619ca0,d8bc0e6a-dee3-49cc-ab4a-6841af77c205,Gasto sin comprobante,,ARS,f,"Falta: empresa, subrubro, centro_costo, tipo_egreso | Requiere revisión manual para gestión.",20260209|LSJ SRL|GASTO SIN COMPROBANTE|125.485
ee68f5ee-8d80-4e50-ac4a-d73344e7c297,2026-02-09,2026-02,Trebol - FC Proveedor Arsat,1388600.0,,Transferencia Bancaria,Estimado,matriz_historica,revisar,e681d8f1-fe4a-46f7-b018-8c4bbb500903,2c118e4e-3848-4b55-8b25-ac23a8846c7f,Gasto sin comprobante,,ARS,f,"Falta: empresa, subrubro, centro_costo, tipo_egreso | Proveedor mayorista recurrente.",20260209|NETSHARING SA|GASTO SIN COMPROBANTE|1.388.600
95793a12-f590-48a0-b780-324a0eb5c66f,2026-02-09,2026-02,Honorarios Estudio Sagues Mariano 01/2026,2288000.0,,Efectivo,Estimado,matriz_historica,revisar,7d540775-8719-4ead-991c-9055dd764fef,2c118e4e-3848-4b55-8b25-ac23a8846c7f,Gasto sin comprobante,,ARS,f,"Falta: empresa, subrubro, centro_costo, tipo_egreso | Requiere revisión manual para gestión.",20260209|NETSHARING SA|GASTO SIN COMPROBANTE|2.288.000
d6612342-5a42-487a-a037-e7ee763025ee,2026-02-09,2026-02,Honorarios Contables - Francisco Lasagna - Factura 01/2026,100000.0,,Transferencia Bancaria,Estimado,matriz_historica,revisar,7d540775-8719-4ead-991c-9055dd764fef,0a184561-fd10-43ac-9fab-2d691a0ab10a,Gasto sin comprobante,,ARS,f,"Falta: empresa, subrubro, centro_costo, tipo_egreso | Requiere revisión manual para gestión.",20260209|PERMAWE SRL|GASTO SIN COMPROBANTE|100.000
c8a64e12-f2bb-4aaa-be40-f68bd8184e35,2026-02-09,2026-02,Honorarios Contables - Francisco Lasagna - Factura 01/2026,100000.0,,Transferencia Bancaria,Estimado,matriz_historica,revisar,7d540775-8719-4ead-991c-9055dd764fef,ca6aa897-f6de-4ef0-aaaf-03b48d6707b4,Gasto sin comprobante,,ARS,f,"Falta: empresa, subrubro, centro_costo, tipo_egreso | Requiere revisión manual para gestión.",20260209|SINAPSIS CONNECT SRL|GASTO SIN COMPROBANTE|100.000
433339cc-ec81-47e1-a1f0-c559df665558,2026-02-10,2026-02,Pago alquiler 02/2026 - Gramajo Mauro,250000.0,,Efectivo,Estimado,matriz_historica,revisar,8c386e63-369e-4890-bef9-2e4cae4f225e,00973821-e775-4164-8183-22f645d4aad6,Gasto sin comprobante,,ARS,f,"Falta: empresa, subrubro, centro_costo, tipo_egreso | Gasto operativo de inmueble.",20260210|AI BLOCK TECHNOLOGIES SRL|GASTO SIN COMPROBANTE|250.000
c1a1494c-08ce-4f01-9905-ab0d87b5409c,2026-02-10,2026-02,Declaración Jurada Suss: 01/2026,5431283.4,,Transferencia Bancaria,Estimado,matriz_historica,revisar,3afe9fbe-11f8-43b3-b28e-a6ae0aff1093,00973821-e775-4164-8183-22f645d4aad6,Gasto sin comprobante,,ARS,f,"Falta: empresa, subrubro, centro_costo, tipo_egreso | Gasto operativo mensual.",20260210|AI BLOCK TECHNOLOGIES SRL|GASTO SIN COMPROBANTE|5431283.40
944c0c48-d507-4b96-9ea2-17d2d41e7f9d,2026-02-10,2026-02,Pago UOCRA - IERIC 01/2026,208806.37,,Transferencia Bancaria,Estimado,matriz_historica,revisar,3afe9fbe-11f8-43b3-b28e-a6ae0aff1093,00973821-e775-4164-8183-22f645d4aad6,Gasto sin comprobante,,ARS,f,"Falta: empresa, subrubro, centro_costo, tipo_egreso | Gasto operativo mensual.",20260210|AI BLOCK TECHNOLOGIES SRL|GASTO SIN COMPROBANTE|208.806
9e469431-abb9-47ff-b478-6f12d567bf26,2026-02-10,2026-02,Rep. FF Maximiliano Bernardis -,609018.0,,Efectivo,Estimado,matriz_historica,revisar,bb1c15ed-e9c2-4d30-a2b8-851a5f97297b,2d1f2a4e-e4f8-4327-9230-7ee2cc10e352,Gasto sin comprobante,,ARS,f,"Falta: empresa, subrubro, centro_costo, tipo_egreso | Abrir por comprobantes: combustible/viáticos OPEX; herramientas/materiales CAPEX.",20260210|ARGENGRAFT SRL|GASTO SIN COMPROBANTE|609.018
067ae558-a150-4a01-abc9-b3c168138164,2026-02-10,2026-02,Rep. FF Sergio Araujo -,312000.0,,Efectivo,Estimado,matriz_historica,revisar,bb1c15ed-e9c2-4d30-a2b8-851a5f97297b,2d1f2a4e-e4f8-4327-9230-7ee2cc10e352,Gasto sin comprobante,,ARS,f,"Falta: empresa, subrubro, centro_costo, tipo_egreso | Abrir por comprobantes: combustible/viáticos OPEX; herramientas/materiales CAPEX.",20260210|ARGENGRAFT SRL|GASTO SIN COMPROBANTE|312.000
e193d2dd-6194-42ae-acd3-8268f2eeb2b9,2026-02-10,2026-02,Alquiler Burzaco 02/2026,1268495.0,,Efectivo,Estimado,matriz_historica,revisar,8c386e63-369e-4890-bef9-2e4cae4f225e,ae87331f-e6ad-4dc6-ac13-8affd74e6018,Gasto sin comprobante,,ARS,f,"Falta: empresa, subrubro, centro_costo, tipo_egreso | Gasto operativo de inmueble.",20260210|CAPITAL ASSISTANCE SA|GASTO SIN COMPROBANTE|1.268.495
0fd7f2c4-782c-4283-a63f-3fba16736275,2026-02-10,2026-02,Pago Alquiler Capital Sarmiento: Local 01/2026,499200.0,,Efectivo,Estimado,matriz_historica,revisar,8c386e63-369e-4890-bef9-2e4cae4f225e,ae87331f-e6ad-4dc6-ac13-8affd74e6018,Gasto sin comprobante,,ARS,f,"Falta: empresa, subrubro, centro_costo, tipo_egreso | Gasto operativo de inmueble.",20260210|CAPITAL ASSISTANCE SA|GASTO SIN COMPROBANTE|499.200
9c668de8-f55b-47d8-815d-1f6f138c4af7,2026-02-10,2026-02,Alarmas Comahue AB,36200.0,,Débito Automático,Estimado,matriz_historica,revisar,d8c35c6e-a653-4c16-98c7-0bea59b63438,ae87331f-e6ad-4dc6-ac13-8affd74e6018,Gasto sin comprobante,,ARS,f,"Falta: empresa, subrubro, centro_costo, tipo_egreso | Requiere revisión manual para gestión.",20260210|CAPITAL ASSISTANCE SA|GASTO SIN COMPROBANTE|36.200
9f8ed614-c84c-4bca-b86f-d42cecd1dd06,2026-02-10,2026-02,Seguridad Burzaco 01/2026,1860000.0,,Efectivo,Estimado,matriz_historica,revisar,d8c35c6e-a653-4c16-98c7-0bea59b63438,ae87331f-e6ad-4dc6-ac13-8affd74e6018,Gasto sin comprobante,,ARS,f,"Falta: empresa, subrubro, centro_costo, tipo_egreso | Requiere revisión manual para gestión.",20260210|CAPITAL ASSISTANCE SA|GASTO SIN COMPROBANTE|1.860.000
bb04413d-20c5-440c-98fc-8af32635fa5d,2026-02-10,2026-02,Rep. FF Raul Acevedo,320950.0,,Efectivo,Estimado,matriz_historica,revisar,bb1c15ed-e9c2-4d30-a2b8-851a5f97297b,8160b26b-70a5-45df-b09f-98f2365f7b61,Gasto sin comprobante,,ARS,f,"Falta: empresa, subrubro, centro_costo, tipo_egreso | Abrir por comprobantes: combustible/viáticos OPEX; herramientas/materiales CAPEX.",20260210|FIBER UP SA|GASTO SIN COMPROBANTE|320.950
0a4328ae-7f5d-46d7-9ab3-79bfaa42ab25,2026-02-10,2026-02,Alquiler Glew - Grimalde 02/2026,426448.0,,Efectivo,Estimado,matriz_historica,revisar,8c386e63-369e-4890-bef9-2e4cae4f225e,a3831295-0538-40ff-b912-e8cc361d16fc,Gasto sin comprobante,,ARS,f,"Falta: empresa, subrubro, centro_costo, tipo_egreso | Gasto operativo de inmueble.",20260210|MORA CERO SA|GASTO SIN COMPROBANTE|426.448
854e957d-30cc-4168-9f27-eb54dcc203bf,2026-02-10,2026-02,Servicios Glew,57000.0,,Efectivo,Estimado,matriz_historica,revisar,c79a1013-b175-4b93-ba18-e69908201cee,a3831295-0538-40ff-b912-e8cc361d16fc,Gasto sin comprobante,,ARS,f,"Falta: empresa, subrubro, centro_costo, tipo_egreso | Requiere revisión manual para gestión.",20260210|MORA CERO SA|GASTO SIN COMPROBANTE|57.000
790c012b-1974-4f8b-8e13-1cbf6da35225,2026-02-10,2026-02,Alquiler Oficina Carlos Pellegrini 887 - 4to 02/2026,4342992.5,,Transferencia Bancaria,Estimado,matriz_historica,revisar,8c386e63-369e-4890-bef9-2e4cae4f225e,2c118e4e-3848-4b55-8b25-ac23a8846c7f,Gasto sin comprobante,,ARS,f,"Falta: empresa, subrubro, centro_costo, tipo_egreso | Gasto operativo de inmueble.",20260210|NETSHARING SA|GASTO SIN COMPROBANTE|4.342.993
161ef84e-3ccb-4f7b-ba84-66cd13b82211,2026-02-10,2026-02,Alquiler San Vicente 2/2026,2130000.0,,Efectivo,Estimado,matriz_historica,revisar,8c386e63-369e-4890-bef9-2e4cae4f225e,2c118e4e-3848-4b55-8b25-ac23a8846c7f,Gasto sin comprobante,,ARS,f,"Falta: empresa, subrubro, centro_costo, tipo_egreso | Gasto operativo de inmueble.",20260210|NETSHARING SA|GASTO SIN COMPROBANTE|2.130.000
c46df042-0d5d-42a3-9893-c71ed8b1523b,2026-02-10,2026-02,Pago Alquiler Bernal 2/2026,727990.0,,Efectivo,Estimado,matriz_historica,revisar,8c386e63-369e-4890-bef9-2e4cae4f225e,2c118e4e-3848-4b55-8b25-ac23a8846c7f,Gasto sin comprobante,,ARS,f,"Falta: empresa, subrubro, centro_costo, tipo_egreso | Gasto operativo de inmueble.",20260210|NETSHARING SA|GASTO SIN COMPROBANTE|727.990
c40ca2d5-56ef-4b40-8230-bf2fa01832fd,2026-02-10,2026-02,Pago Alquiler Varela 2/2026,332430.0,,Efectivo,Estimado,matriz_historica,revisar,8c386e63-369e-4890-bef9-2e4cae4f225e,2c118e4e-3848-4b55-8b25-ac23a8846c7f,Gasto sin comprobante,,ARS,f,"Falta: empresa, subrubro, centro_costo, tipo_egreso | Gasto operativo de inmueble.",20260210|NETSHARING SA|GASTO SIN COMPROBANTE|332.430
7954928c-bc45-4bfc-960b-1bc786b23990,2026-02-10,2026-02,Instalaciones - Antonio Semana: 02/02 - 07/02,720000.0,,Efectivo,Estimado,matriz_historica,revisar,8ac1dd5b-a9a7-4236-ae0d-85fa08133eaa,2c118e4e-3848-4b55-8b25-ac23a8846c7f,Gasto sin comprobante,,ARS,f,"Falta: empresa, subrubro, centro_costo, tipo_egreso | Requiere revisión manual para gestión.",20260210|NETSHARING SA|GASTO SIN COMPROBANTE|720.000
b60ca1a7-7623-4c11-a3d2-eba53fad7c9f,2026-02-10,2026-02,Instalaciones - Maximiliano Semana: 02/01 - 07/02,580000.0,,Efectivo,Estimado,matriz_historica,revisar,8ac1dd5b-a9a7-4236-ae0d-85fa08133eaa,2c118e4e-3848-4b55-8b25-ac23a8846c7f,Gasto sin comprobante,,ARS,f,"Falta: empresa, subrubro, centro_costo, tipo_egreso | Requiere revisión manual para gestión.",20260210|NETSHARING SA|GASTO SIN COMPROBANTE|580.000
fbf1c04e-0c22-4e04-881d-f2e89850972d,2026-02-10,2026-02,Com. Ventas semanales Almirante Brown (estimado),42500.0,,Efectivo,Estimado,matriz_historica,revisar,6f678363-205a-4081-ae32-2d2a8999f5e2,2c118e4e-3848-4b55-8b25-ac23a8846c7f,Gasto sin comprobante,,ARS,f,"Falta: empresa, subrubro, centro_costo, tipo_egreso | Requiere revisión manual para gestión.",20260210|NETSHARING SA|GASTO SIN COMPROBANTE|42.500
3062df64-d38f-46a5-aa8f-9459057a0195,2026-02-10,2026-02,Diario - Canon,150000.0,,Efectivo,Estimado,matriz_historica,revisar,5b9a35f7-866b-474c-bc5b-1ba642eb414c,2c118e4e-3848-4b55-8b25-ac23a8846c7f,Gasto sin comprobante,,ARS,f,"Falta: empresa, subrubro, centro_costo, tipo_egreso | Requiere revisión manual para gestión.",20260210|NETSHARING SA|GASTO SIN COMPROBANTE|150.000
db3e13f4-1547-40c3-8ce2-7681c6fdebc5,2026-02-10,2026-02,Pago Honorarios Ramiro (diseño Web),825000.0,,Transferencia Bancaria,Estimado,matriz_historica,revisar,bee3671b-e640-4c7b-b015-5d2ace3a2cf4,2c118e4e-3848-4b55-8b25-ac23a8846c7f,Gasto sin comprobante,,ARS,f,"Falta: empresa, subrubro, centro_costo, tipo_egreso | Requiere revisión manual para gestión.",20260210|NETSHARING SA|GASTO SIN COMPROBANTE|825.000
b766860c-ca7c-4871-975f-c35afcc27f55,2026-02-11,2026-02,Pago Seguro AH-163-LR,286050.0,,Transferencia Bancaria,Estimado,matriz_historica,revisar,f457200b-42b2-4dd7-8d1e-7912fd4592e3,ae87331f-e6ad-4dc6-ac13-8affd74e6018,Gasto sin comprobante,,ARS,f,"Falta: empresa, subrubro, centro_costo, tipo_egreso | Requiere revisión manual para gestión.",20260211|CAPITAL ASSISTANCE SA|GASTO SIN COMPROBANTE|286.050
a27159d8-0fb4-45c4-a1c0-f206e568b09e,2026-02-11,2026-02,Plan Auto - Debito Automático,245504.88,,Débito Automático,Estimado,matriz_historica,revisar,0b9fe227-8d0e-4879-a6ae-142fe325b343,ae87331f-e6ad-4dc6-ac13-8affd74e6018,Gasto sin comprobante,,ARS,f,"Falta: empresa, subrubro, centro_costo, tipo_egreso | Requiere revisión manual para gestión.",20260211|CAPITAL ASSISTANCE SA|GASTO SIN COMPROBANTE|245.505
9a9e9b58-121b-4b80-87bd-317b25e37b3c,2026-02-11,2026-02,Declaración Jurada Suss: 01/2026,610974.64,,Transferencia Bancaria,Estimado,matriz_historica,revisar,3afe9fbe-11f8-43b3-b28e-a6ae0aff1093,a3831295-0538-40ff-b912-e8cc361d16fc,Gasto sin comprobante,,ARS,f,"Falta: empresa, subrubro, centro_costo, tipo_egreso | Gasto operativo mensual.",20260211|MORA CERO SA|GASTO SIN COMPROBANTE|610.975
64f8a0ef-75d1-4972-96bf-fd5e16dc579a,2026-02-11,2026-02,Pago Sindicato 01/2026,110348.92,,Transferencia Bancaria,Estimado,matriz_historica,revisar,3afe9fbe-11f8-43b3-b28e-a6ae0aff1093,a3831295-0538-40ff-b912-e8cc361d16fc,Gasto sin comprobante,,ARS,f,"Falta: empresa, subrubro, centro_costo, tipo_egreso | Gasto operativo mensual.",20260211|MORA CERO SA|GASTO SIN COMPROBANTE|110.349
0c2c9b20-33dc-442b-a2b9-c1b0beba6b78,2026-02-11,2026-02,Com. Ventas Mensual Almirante Brown 01/2026 / Ignacio,900000.0,,Efectivo,Estimado,matriz_historica,revisar,6f678363-205a-4081-ae32-2d2a8999f5e2,2c118e4e-3848-4b55-8b25-ac23a8846c7f,Gasto sin comprobante,,ARS,f,"Falta: empresa, subrubro, centro_costo, tipo_egreso | Requiere revisión manual para gestión.",20260211|NETSHARING SA|GASTO SIN COMPROBANTE|900.000
f794d9bf-6932-42de-aff4-24c288f5aa70,2026-02-11,2026-02,Gastos Libreria - Capitan Sarmiento,45000.0,,Efectivo,Estimado,matriz_historica,revisar,5aa4a93a-17f8-444b-ac22-b536e094bc86,2c118e4e-3848-4b55-8b25-ac23a8846c7f,Gasto sin comprobante,,ARS,f,"Falta: empresa, subrubro, centro_costo, tipo_egreso | Requiere revisión manual para gestión.",20260211|NETSHARING SA|GASTO SIN COMPROBANTE|45.000
3d0ca340-28d8-4277-8aa3-0790f7d2e4f6,2026-02-11,2026-02,Pago a cuenta (préstamo),6200000.0,,Transferencia Bancaria,Estimado,matriz_historica,revisar,aa50751a-9a5d-4459-a94e-f93bebb1b797,2c118e4e-3848-4b55-8b25-ac23a8846c7f,Gasto sin comprobante,,ARS,f,"Falta: empresa, subrubro, centro_costo, tipo_egreso | Requiere revisión manual para gestión.",20260211|NETSHARING SA|GASTO SIN COMPROBANTE|6.200.000
fb58177b-4e0b-4b01-8fb4-a97d21f3370b,2026-02-11,2026-02,Declaración Jurada Suss: 01/2026,4383355.54,,Transferencia Bancaria,Estimado,matriz_historica,revisar,3afe9fbe-11f8-43b3-b28e-a6ae0aff1093,2c118e4e-3848-4b55-8b25-ac23a8846c7f,Gasto sin comprobante,,ARS,f,"Falta: empresa, subrubro, centro_costo, tipo_egreso | Gasto operativo mensual.",20260211|NETSHARING SA|GASTO SIN COMPROBANTE|4.383.356
26a42dce-7787-4f73-8937-b23014a1d794,2026-02-11,2026-02,Pago Sindicato 01/2026,416433.36,,Transferencia Bancaria,Estimado,matriz_historica,revisar,3afe9fbe-11f8-43b3-b28e-a6ae0aff1093,2c118e4e-3848-4b55-8b25-ac23a8846c7f,Gasto sin comprobante,,ARS,f,"Falta: empresa, subrubro, centro_costo, tipo_egreso | Gasto operativo mensual.",20260211|NETSHARING SA|GASTO SIN COMPROBANTE|416.433
98a89b9d-6900-4894-92b5-4a439c1725dc,2026-02-11,2026-02,Declaración Jurada Suss: 01/2026,340560.16,,Transferencia Bancaria,Estimado,matriz_historica,revisar,3afe9fbe-11f8-43b3-b28e-a6ae0aff1093,412f3f61-3312-4bb0-ae19-e3b789145d6c,Gasto sin comprobante,,ARS,f,"Falta: empresa, subrubro, centro_costo, tipo_egreso | Gasto operativo mensual.",20260211|TOOLS SOLUTION SA|GASTO SIN COMPROBANTE|340.560
4da9daa8-4bbe-4695-9337-bd6963b3023d,2026-02-13,2026-02,Fondo Cese Laboral 01/2026,750000.0,,Transferencia Bancaria,Estimado,matriz_historica,revisar,3afe9fbe-11f8-43b3-b28e-a6ae0aff1093,00973821-e775-4164-8183-22f645d4aad6,Gasto sin comprobante,,ARS,f,"Falta: empresa, subrubro, centro_costo, tipo_egreso | Gasto operativo mensual.",20260213|AI BLOCK TECHNOLOGIES SRL|GASTO SIN COMPROBANTE|750.000
4d7701aa-4ba5-423c-9c76-8ff3e428127a,2026-02-13,2026-02,Plan Facilidades - ARCA Ct 04 de 12,312760.0,,Transferencia Bancaria,Estimado,matriz_historica,revisar,57f782a8-a815-4e51-b69b-9a2f5d619ca0,ae87331f-e6ad-4dc6-ac13-8affd74e6018,Gasto sin comprobante,,ARS,f,"Falta: empresa, subrubro, centro_costo, tipo_egreso | Requiere revisión manual para gestión.",20260213|CAPITAL ASSISTANCE SA|GASTO SIN COMPROBANTE|312.760
945bb6cd-9549-43c4-a5fd-78e5be8ab7a7,2026-02-13,2026-02,Pago FC Edesur - Deposito Burzaco,857925.59,,Transferencia Bancaria,Estimado,matriz_historica,revisar,c79a1013-b175-4b93-ba18-e69908201cee,ae87331f-e6ad-4dc6-ac13-8affd74e6018,Gasto sin comprobante,,ARS,f,"Falta: empresa, subrubro, centro_costo, tipo_egreso | Requiere revisión manual para gestión.",20260213|CAPITAL ASSISTANCE SA|GASTO SIN COMPROBANTE|857.926
ec0a4d57-18da-40a2-99b8-387ef3da2b3d,2026-02-13,2026-02,Pago FC Municipal - Capitan Sarmiento Local,16444.0,,Transferencia Bancaria,Estimado,matriz_historica,revisar,c79a1013-b175-4b93-ba18-e69908201cee,ae87331f-e6ad-4dc6-ac13-8affd74e6018,Gasto sin comprobante,,ARS,f,"Falta: empresa, subrubro, centro_costo, tipo_egreso | Requiere revisión manual para gestión.",20260213|CAPITAL ASSISTANCE SA|GASTO SIN COMPROBANTE|16.444
0c838ab9-f368-4a75-a15e-b05913ba2fe1,2026-02-13,2026-02,Pago IIBB 01/2026 (estimado),450000.0,,Transferencia Bancaria,Estimado,matriz_historica,revisar,57f782a8-a815-4e51-b69b-9a2f5d619ca0,8160b26b-70a5-45df-b09f-98f2365f7b61,Gasto sin comprobante,,ARS,f,"Falta: empresa, subrubro, centro_costo, tipo_egreso | Requiere revisión manual para gestión.",20260213|FIBER UP SA|GASTO SIN COMPROBANTE|450.000
80b7f800-5426-4aee-b19b-a726829b0c38,2026-02-13,2026-02,Declaración Jurada IIBB: 01/2026,2987.32,,Transferencia Bancaria,Estimado,matriz_historica,revisar,57f782a8-a815-4e51-b69b-9a2f5d619ca0,d3df491b-f0f2-4b79-a73f-36fda5f2bba7,Gasto sin comprobante,,ARS,f,"Falta: empresa, subrubro, centro_costo, tipo_egreso | Requiere revisión manual para gestión.",20260213|LA EXPRESION SRL|GASTO SIN COMPROBANTE|2.987
41722766-3cac-42ea-b5d8-9e0833559e88,2026-02-13,2026-02,Pago Servicio de Postes Mensual - Edea Capitan Sarmiento,1078026.92,,Transferencia Bancaria,Estimado,matriz_historica,revisar,2f73bc60-4eb7-48f6-a0da-57197bcf63bf,2c118e4e-3848-4b55-8b25-ac23a8846c7f,Gasto sin comprobante,,ARS,f,"Falta: empresa, subrubro, centro_costo, tipo_egreso | Requiere revisión manual para gestión.",20260213|NETSHARING SA|GASTO SIN COMPROBANTE|1.078.027
996c0c5e-a9ac-4957-9c76-42f189549148,2026-02-13,2026-02,Abono mensual BircleAI - Enero 2026,1530352.13,,Transferencia Bancaria,Estimado,matriz_historica,revisar,bee3671b-e640-4c7b-b015-5d2ace3a2cf4,2c118e4e-3848-4b55-8b25-ac23a8846c7f,Gasto sin comprobante,,ARS,f,"Falta: empresa, subrubro, centro_costo, tipo_egreso | Requiere revisión manual para gestión.",20260213|NETSHARING SA|GASTO SIN COMPROBANTE|1.530.352
7e05f5b5-644f-4105-9a99-dbb34886d63d,2026-02-13,2026-02,Lavadero de Autos - Capitan Sarmiento,22000.0,,Efectivo,Estimado,matriz_historica,revisar,f457200b-42b2-4dd7-8d1e-7912fd4592e3,2c118e4e-3848-4b55-8b25-ac23a8846c7f,Gasto sin comprobante,,ARS,f,"Falta: empresa, subrubro, centro_costo, tipo_egreso | Requiere revisión manual para gestión.",20260213|NETSHARING SA|GASTO SIN COMPROBANTE|22.000
9e4bf6f3-bcc2-49b6-97d3-ec7a07b4e740,2026-02-13,2026-02,Sopnet Servidor - Echeq 02 de 05,1401283.91,,ECHEQ,Estimado,matriz_historica,revisar,802af493-2f23-4d62-becc-e13951069416,2c118e4e-3848-4b55-8b25-ac23a8846c7f,Gasto sin comprobante,,ARS,f,"Falta: empresa, subrubro, centro_costo, tipo_egreso | Requiere revisión manual para gestión.",20260213|NETSHARING SA|GASTO SIN COMPROBANTE|1.401.284
905c6e9d-c8c5-4617-b09d-00cd1ceb9641,2026-02-13,2026-02,Proyecto NOC/7,500000.0,,Efectivo,Estimado,matriz_historica,revisar,d4d840ee-a255-486f-aa51-602eafd1e293,2c118e4e-3848-4b55-8b25-ac23a8846c7f,Gasto sin comprobante,,ARS,f,"Falta: empresa, subrubro, centro_costo, tipo_egreso | Requiere revisión manual para gestión.",20260213|NETSHARING SA|GASTO SIN COMPROBANTE|500.000
0c9857ae-0466-4c4b-a187-206fd7ed1d92,2026-02-13,2026-02,Abono Metrotel Of. Carlos Pellegrini 887,105772.0,,Transferencia Bancaria,Estimado,matriz_historica,revisar,c79a1013-b175-4b93-ba18-e69908201cee,2c118e4e-3848-4b55-8b25-ac23a8846c7f,Gasto sin comprobante,,ARS,f,"Falta: empresa, subrubro, centro_costo, tipo_egreso | Requiere revisión manual para gestión.",20260213|NETSHARING SA|GASTO SIN COMPROBANTE|105.772
b88bda08-e524-400c-9ce5-e29cb61afcdc,2026-02-13,2026-02,BM Tecnología - Hardware - Echeq 02 de 03,1423424.16,,ECHEQ,Estimado,matriz_historica,revisar,ec2dd757-a3c4-4924-ab86-ffd948ee8842,2c118e4e-3848-4b55-8b25-ac23a8846c7f,Gasto sin comprobante,,ARS,f,"Falta: empresa, subrubro, centro_costo, tipo_egreso | Requiere revisión manual para gestión.",20260213|NETSHARING SA|GASTO SIN COMPROBANTE|1.423.424
0eb902bb-a83a-422e-81a8-e14ad7e9140d,2026-02-13,2026-02,Sopnet Abono mensual - Almirante Brown,1426590.0,,Transferencia Bancaria,Estimado,matriz_historica,revisar,401bd464-2d3e-4930-b6d4-b2ebe0063670,2c118e4e-3848-4b55-8b25-ac23a8846c7f,Gasto sin comprobante,,ARS,f,"Falta: empresa, subrubro, centro_costo, tipo_egreso | Requiere revisión manual para gestión.",20260213|NETSHARING SA|GASTO SIN COMPROBANTE|1.426.590
4ef81b7b-b615-47ec-a69c-68e622772702,2026-02-13,2026-02,Sopnet Abono mensual - Capitan Sarmiento,1141272.0,,Transferencia Bancaria,Estimado,matriz_historica,revisar,401bd464-2d3e-4930-b6d4-b2ebe0063670,2c118e4e-3848-4b55-8b25-ac23a8846c7f,Gasto sin comprobante,,ARS,f,"Falta: empresa, subrubro, centro_costo, tipo_egreso | Requiere revisión manual para gestión.",20260213|NETSHARING SA|GASTO SIN COMPROBANTE|1.141.272
5002ca0e-f50c-4e17-937d-cd1155e9a0a4,2026-02-13,2026-02,Sopnet Abono mensual - Varela,240790.0,,Transferencia Bancaria,Estimado,matriz_historica,revisar,401bd464-2d3e-4930-b6d4-b2ebe0063670,2c118e4e-3848-4b55-8b25-ac23a8846c7f,Gasto sin comprobante,,ARS,f,"Falta: empresa, subrubro, centro_costo, tipo_egreso | Requiere revisión manual para gestión.",20260213|NETSHARING SA|GASTO SIN COMPROBANTE|240.790
4952374d-a330-4734-8faa-732cb7efbf61,2026-02-13,2026-02,Pago Sindicato 01/2026,59171.43,,Transferencia Bancaria,Estimado,matriz_historica,revisar,3afe9fbe-11f8-43b3-b28e-a6ae0aff1093,412f3f61-3312-4bb0-ae19-e3b789145d6c,Gasto sin comprobante,,ARS,f,"Falta: empresa, subrubro, centro_costo, tipo_egreso | Gasto operativo mensual.",20260213|TOOLS SOLUTION SA|GASTO SIN COMPROBANTE|59.171
c2f5d94c-4e80-4aeb-a4c0-61c9c0edd265,2026-02-15,2026-02,Declaración Jurada IIBB: 01/2026 (estimado),3232.17,,Transferencia Bancaria,Estimado,matriz_historica,revisar,57f782a8-a815-4e51-b69b-9a2f5d619ca0,169b39f8-5b5d-4ca9-8480-43acc4095b49,Gasto sin comprobante,,ARS,f,"Falta: empresa, subrubro, centro_costo, tipo_egreso | Requiere revisión manual para gestión.",20260215|SINDEL GROUP SRL|GASTO SIN COMPROBANTE|3.232
1a70f0cc-cd76-492c-8e79-88eadf0b73d6,2026-02-18,2026-02,Tasa de Control y Servicio Universal (estimado),50000.0,,Transferencia Bancaria,Estimado,matriz_historica,revisar,79b49007-c36a-4120-af17-31d6e8776c0a,5d1b320a-cfc6-491b-bccf-cb4ee397b256,Gasto sin comprobante,,ARS,f,"Falta: empresa, subrubro, centro_costo, tipo_egreso | Requiere revisión manual para gestión.",20260218|AKAI SA|GASTO SIN COMPROBANTE|50.000
54eab9d0-9d77-461f-8567-da3d0b2312b3,2026-02-18,2026-02,Rep. FF Maximiliano Bernardis - (Estimado),150000.0,,Efectivo,Estimado,matriz_historica,revisar,bb1c15ed-e9c2-4d30-a2b8-851a5f97297b,2d1f2a4e-e4f8-4327-9230-7ee2cc10e352,Gasto sin comprobante,,ARS,f,"Falta: empresa, subrubro, centro_costo, tipo_egreso | Abrir por comprobantes: combustible/viáticos OPEX; herramientas/materiales CAPEX.",20260218|ARGENGRAFT SRL|GASTO SIN COMPROBANTE|150.000
9e650d7a-8aaa-4344-b7fa-a3d5de13194c,2026-02-18,2026-02,Rep. FF Sergio Araujo - (Estimado),150000.0,,Efectivo,Estimado,matriz_historica,revisar,bb1c15ed-e9c2-4d30-a2b8-851a5f97297b,2d1f2a4e-e4f8-4327-9230-7ee2cc10e352,Gasto sin comprobante,,ARS,f,"Falta: empresa, subrubro, centro_costo, tipo_egreso | Abrir por comprobantes: combustible/viáticos OPEX; herramientas/materiales CAPEX.",20260218|ARGENGRAFT SRL|GASTO SIN COMPROBANTE|150.000
3b33b6c6-2f35-4a30-a77c-d86239d33c7b,2026-02-18,2026-02,Pago FC Eden - Capitan Sarmiento Local (estimado),547363.76,,Transferencia Bancaria,Estimado,matriz_historica,revisar,c79a1013-b175-4b93-ba18-e69908201cee,ae87331f-e6ad-4dc6-ac13-8affd74e6018,Gasto sin comprobante,,ARS,f,"Falta: empresa, subrubro, centro_costo, tipo_egreso | Requiere revisión manual para gestión.",20260218|CAPITAL ASSISTANCE SA|GASTO SIN COMPROBANTE|547.364
0c779914-b7fe-426e-bb31-f862bd8cb6bd,2026-02-18,2026-02,Pago FC Agua - Capitan Sarmiento Casa,35728.0,,Transferencia Bancaria,Estimado,matriz_historica,revisar,c79a1013-b175-4b93-ba18-e69908201cee,ae87331f-e6ad-4dc6-ac13-8affd74e6018,Gasto sin comprobante,,ARS,f,"Falta: empresa, subrubro, centro_costo, tipo_egreso | Requiere revisión manual para gestión.",20260218|CAPITAL ASSISTANCE SA|GASTO SIN COMPROBANTE|35.728
4b41cab5-f6db-45ad-96f7-b7e0578af8bd,2026-02-18,2026-02,Pago FC Agua - Capitan Sarmiento Local (estimado),34800.0,,Transferencia Bancaria,Estimado,matriz_historica,revisar,c79a1013-b175-4b93-ba18-e69908201cee,ae87331f-e6ad-4dc6-ac13-8affd74e6018,Gasto sin comprobante,,ARS,f,"Falta: empresa, subrubro, centro_costo, tipo_egreso | Requiere revisión manual para gestión.",20260218|CAPITAL ASSISTANCE SA|GASTO SIN COMPROBANTE|34.800
041478e8-54c0-463f-b100-cd022a6aff2d,2026-02-18,2026-02,Pago FC Municipal - Capitan Sarmiento Casa,12169.5,,Transferencia Bancaria,Estimado,matriz_historica,revisar,c79a1013-b175-4b93-ba18-e69908201cee,ae87331f-e6ad-4dc6-ac13-8affd74e6018,Gasto sin comprobante,,ARS,f,"Falta: empresa, subrubro, centro_costo, tipo_egreso | Requiere revisión manual para gestión.",20260218|CAPITAL ASSISTANCE SA|GASTO SIN COMPROBANTE|12.170
dd59b271-0736-4ecb-a0ea-a4668a2fde9d,2026-02-18,2026-02,Tasa de Control y Servicio Universal (estimado),45000.0,,Transferencia Bancaria,Estimado,matriz_historica,revisar,79b49007-c36a-4120-af17-31d6e8776c0a,ae87331f-e6ad-4dc6-ac13-8affd74e6018,Gasto sin comprobante,,ARS,f,"Falta: empresa, subrubro, centro_costo, tipo_egreso | Requiere revisión manual para gestión.",20260218|CAPITAL ASSISTANCE SA|GASTO SIN COMPROBANTE|45.000
0fe63170-7408-4901-b82e-13f807c4b993,2026-02-18,2026-02,Rep. FF Raul Acevedo,150000.0,,Efectivo,Estimado,matriz_historica,revisar,bb1c15ed-e9c2-4d30-a2b8-851a5f97297b,8160b26b-70a5-45df-b09f-98f2365f7b61,Gasto sin comprobante,,ARS,f,"Falta: empresa, subrubro, centro_costo, tipo_egreso | Abrir por comprobantes: combustible/viáticos OPEX; herramientas/materiales CAPEX.",20260218|FIBER UP SA|GASTO SIN COMPROBANTE|150.000
3642f428-7fd3-4b78-bcbd-7ebcc753329f,2026-02-18,2026-02,Tasa de Control y Servicio Universal (estimado),50000.0,,Transferencia Bancaria,Estimado,matriz_historica,revisar,79b49007-c36a-4120-af17-31d6e8776c0a,8160b26b-70a5-45df-b09f-98f2365f7b61,Gasto sin comprobante,,ARS,f,"Falta: empresa, subrubro, centro_costo, tipo_egreso | Requiere revisión manual para gestión.",20260218|FIBER UP SA|GASTO SIN COMPROBANTE|50.000
e4c63b6d-e21b-4ae5-87d7-6848cd7c7d83,2026-02-18,2026-02,Tasa de Control y Servicio Universal (estimado),40000.0,,Transferencia Bancaria,Estimado,matriz_historica,revisar,79b49007-c36a-4120-af17-31d6e8776c0a,a3831295-0538-40ff-b912-e8cc361d16fc,Gasto sin comprobante,,ARS,f,"Falta: empresa, subrubro, centro_costo, tipo_egreso | Requiere revisión manual para gestión.",20260218|MORA CERO SA|GASTO SIN COMPROBANTE|40.000
0e2b4062-1e96-4aa5-abec-13f56f13c834,2026-02-18,2026-02,Honorario Salvador - Publicidad Meta,357500.0,,Transferencia Bancaria,Estimado,matriz_historica,revisar,bee3671b-e640-4c7b-b015-5d2ace3a2cf4,2c118e4e-3848-4b55-8b25-ac23a8846c7f,Gasto sin comprobante,,ARS,f,"Falta: empresa, subrubro, centro_costo, tipo_egreso | Requiere revisión manual para gestión.",20260218|NETSHARING SA|GASTO SIN COMPROBANTE|357.500
697c9024-dde6-464b-a8a9-16764978766f,2026-02-18,2026-02,Instalaciones - Antonio (estimadas) Semana: 09/02 - 14/02,600000.0,,Efectivo,Estimado,matriz_historica,revisar,8ac1dd5b-a9a7-4236-ae0d-85fa08133eaa,2c118e4e-3848-4b55-8b25-ac23a8846c7f,Gasto sin comprobante,,ARS,f,"Falta: empresa, subrubro, centro_costo, tipo_egreso | Requiere revisión manual para gestión.",20260218|NETSHARING SA|GASTO SIN COMPROBANTE|600.000
9c4ca15a-3014-469e-92ac-79a3b8eaec58,2026-02-18,2026-02,Instalaciones - Maximiliano (estimadas) Semana: 09/02 - 14/02,485000.0,,Efectivo,Estimado,matriz_historica,revisar,8ac1dd5b-a9a7-4236-ae0d-85fa08133eaa,2c118e4e-3848-4b55-8b25-ac23a8846c7f,Gasto sin comprobante,,ARS,f,"Falta: empresa, subrubro, centro_costo, tipo_egreso | Requiere revisión manual para gestión.",20260218|NETSHARING SA|GASTO SIN COMPROBANTE|485.000
97d48975-408e-41e2-bf61-4de350a6f4f5,2026-02-18,2026-02,Instalaciones - Turdo José (estimadas) Semana: 10/02 - 13/02,654480.0,,Efectivo,Estimado,matriz_historica,revisar,8ac1dd5b-a9a7-4236-ae0d-85fa08133eaa,2c118e4e-3848-4b55-8b25-ac23a8846c7f,Gasto sin comprobante,,ARS,f,"Falta: empresa, subrubro, centro_costo, tipo_egreso | Requiere revisión manual para gestión.",20260218|NETSHARING SA|GASTO SIN COMPROBANTE|654.480
3dba214f-12c3-4bdb-9a86-0d2488007335,2026-02-18,2026-02,Com. Ventas semanales Almirante Brown (estimado),42500.0,,Efectivo,Estimado,matriz_historica,revisar,6f678363-205a-4081-ae32-2d2a8999f5e2,2c118e4e-3848-4b55-8b25-ac23a8846c7f,Gasto sin comprobante,,ARS,f,"Falta: empresa, subrubro, centro_costo, tipo_egreso | Requiere revisión manual para gestión.",20260218|NETSHARING SA|GASTO SIN COMPROBANTE|42.500
3656d4f7-1e1a-456c-9607-f30cda210ba4,2026-02-18,2026-02,Com. Ventas Mensual CABA - Enero 2026,715000.0,,Efectivo,Estimado,matriz_historica,revisar,6f678363-205a-4081-ae32-2d2a8999f5e2,2c118e4e-3848-4b55-8b25-ac23a8846c7f,Gasto sin comprobante,,ARS,f,"Falta: empresa, subrubro, centro_costo, tipo_egreso | Requiere revisión manual para gestión.",20260218|NETSHARING SA|GASTO SIN COMPROBANTE|715000.00
d2537a0c-230a-4819-b0ed-576a37d58432,2026-02-18,2026-02,Com. Ventas quincenales Capitan Sarmiento 02/2026 - Marcelo / Gaspar (1ª quincena),450000.0,,Efectivo,Estimado,matriz_historica,revisar,6f678363-205a-4081-ae32-2d2a8999f5e2,2c118e4e-3848-4b55-8b25-ac23a8846c7f,Gasto sin comprobante,,ARS,f,"Falta: empresa, subrubro, centro_costo, tipo_egreso | Requiere revisión manual para gestión.",20260218|NETSHARING SA|GASTO SIN COMPROBANTE|450.000
5d42d014-3f7a-44fe-a279-88716e08122b,2026-02-18,2026-02,Pago Mano de Obra - Etapa I,8000000.0,,Efectivo,Estimado,matriz_historica,revisar,e3df9d7b-9370-44e2-82e3-381be887ef77,2c118e4e-3848-4b55-8b25-ac23a8846c7f,Gasto sin comprobante,,ARS,f,"Falta: empresa, subrubro, centro_costo, tipo_egreso | Requiere revisión manual para gestión.",20260218|NETSHARING SA|GASTO SIN COMPROBANTE|8.000.000
5dcb5a14-2367-486c-91dd-96c5a7605c82,2026-02-18,2026-02,Pago abono mensual Dodolink - 01/2026 - NOC Burzaco/Varela,5583847.0,,Transferencia Bancaria,Estimado,matriz_historica,revisar,74d83cac-df0b-4413-b160-92e262a61fcb,2c118e4e-3848-4b55-8b25-ac23a8846c7f,Gasto sin comprobante,,ARS,f,"Falta: empresa, subrubro, centro_costo, tipo_egreso | Proveedor mayorista recurrente.",20260218|NETSHARING SA|GASTO SIN COMPROBANTE|5.583.847
cf49a70b-2668-4690-9bf2-02ebe2189cbc,2026-02-18,2026-02,Lusso SRL -GDG -Echeq 03 de 05,21748101.24,,ECHEQ,Estimado,matriz_historica,revisar,35b84597-b6c6-4da9-ba8c-d5cb02c5485f,2c118e4e-3848-4b55-8b25-ac23a8846c7f,Gasto sin comprobante,,ARS,f,"Falta: empresa, subrubro, centro_costo, tipo_egreso | Requiere revisión manual para gestión.",20260218|NETSHARING SA|GASTO SIN COMPROBANTE|21.748.101
74dadad7-74d8-4463-8198-b262a7ef01db,2026-02-18,2026-02,IPSERVICES Echeq - Echeq 05 de 05,2641380.33,,ECHEQ,Estimado,matriz_historica,revisar,802af493-2f23-4d62-becc-e13951069416,2c118e4e-3848-4b55-8b25-ac23a8846c7f,Gasto sin comprobante,,ARS,f,"Falta: empresa, subrubro, centro_costo, tipo_egreso | Compra de equipos; no impactar como gasto operativo mensual.",20260218|NETSHARING SA|GASTO SIN COMPROBANTE|2.641.380
f586d684-38a2-47ff-b015-daf66a91d797,2026-02-18,2026-02,Compra Supermercado Of. Carlos Pellegrini 887,50000.0,,Efectivo,Estimado,matriz_historica,revisar,c79a1013-b175-4b93-ba18-e69908201cee,2c118e4e-3848-4b55-8b25-ac23a8846c7f,Gasto sin comprobante,,ARS,f,"Falta: empresa, subrubro, centro_costo, tipo_egreso | Requiere revisión manual para gestión.",20260218|NETSHARING SA|GASTO SIN COMPROBANTE|50.000
7152490b-f60a-44cf-9f64-bfc4afea9eb9,2026-02-18,2026-02,Pago ABL Of. Pellegrini 02/2026,343554.08,,Transferencia Bancaria,Estimado,matriz_historica,revisar,c79a1013-b175-4b93-ba18-e69908201cee,2c118e4e-3848-4b55-8b25-ac23a8846c7f,Gasto sin comprobante,,ARS,f,"Falta: empresa, subrubro, centro_costo, tipo_egreso | Requiere revisión manual para gestión.",20260218|NETSHARING SA|GASTO SIN COMPROBANTE|343.554
2361a2b5-5420-44db-b7cb-c172b6ba5803,2026-02-18,2026-02,Tasa de Control y Servicio Universal (estimado),150000.0,,Transferencia Bancaria,Estimado,matriz_historica,revisar,79b49007-c36a-4120-af17-31d6e8776c0a,2c118e4e-3848-4b55-8b25-ac23a8846c7f,Gasto sin comprobante,,ARS,f,"Falta: empresa, subrubro, centro_costo, tipo_egreso | Requiere revisión manual para gestión.",20260218|NETSHARING SA|GASTO SIN COMPROBANTE|150.000
efa7ef43-d750-49ce-a3f1-13515847898a,2026-02-18,2026-02,Declaración Jurada IIBB: 01/2026 (estimado),10000.0,,Transferencia Bancaria,Estimado,matriz_historica,revisar,57f782a8-a815-4e51-b69b-9a2f5d619ca0,412f3f61-3312-4bb0-ae19-e3b789145d6c,Gasto sin comprobante,,ARS,f,"Falta: empresa, subrubro, centro_costo, tipo_egreso | Requiere revisión manual para gestión.",20260218|TOOLS SOLUTION SA|GASTO SIN COMPROBANTE|10.000
3a094f52-3ae6-4964-b21c-aa33ef53329d,2026-02-19,2026-02,Sueldo 1ra Quincena 02/2026 (Recibo) - Córdoba Mauro (estimado),485898.6,,Transferencia Bancaria,Estimado,matriz_historica,revisar,3afe9fbe-11f8-43b3-b28e-a6ae0aff1093,00973821-e775-4164-8183-22f645d4aad6,Gasto sin comprobante,,ARS,f,"Falta: empresa, subrubro, centro_costo, tipo_egreso | Gasto operativo mensual.",20260219|AI BLOCK TECHNOLOGIES SRL|GASTO SIN COMPROBANTE|485.899
de61f8fe-be68-4daa-b2b9-46545596b5f4,2026-02-19,2026-02,Sueldo 1ra Quincena 02/2026 (Recibo) - Gallo Gonzalo (estimado),599841.0,,Transferencia Bancaria,Estimado,matriz_historica,revisar,3afe9fbe-11f8-43b3-b28e-a6ae0aff1093,00973821-e775-4164-8183-22f645d4aad6,Gasto sin comprobante,,ARS,f,"Falta: empresa, subrubro, centro_costo, tipo_egreso | Gasto operativo mensual.",20260219|AI BLOCK TECHNOLOGIES SRL|GASTO SIN COMPROBANTE|599.841
879e3ed1-7a6d-439b-b605-596cee72864f,2026-02-19,2026-02,Sueldo 1ra Quincena 02/2026 (Recibo) - Maidana Alexis Josias,525000.0,,Transferencia Bancaria,Estimado,matriz_historica,revisar,3afe9fbe-11f8-43b3-b28e-a6ae0aff1093,00973821-e775-4164-8183-22f645d4aad6,Gasto sin comprobante,,ARS,f,"Falta: empresa, subrubro, centro_costo, tipo_egreso | Gasto operativo mensual.",20260219|AI BLOCK TECHNOLOGIES SRL|GASTO SIN COMPROBANTE|525.000
e0c4b0b2-b62c-4347-b62d-ea2879bbf659,2026-02-19,2026-02,Sueldo 1ra Quincena 02/2026 (Recibo) - Maldonado Rodolfo (estimado),462062.66,,Transferencia Bancaria,Estimado,matriz_historica,revisar,3afe9fbe-11f8-43b3-b28e-a6ae0aff1093,00973821-e775-4164-8183-22f645d4aad6,Gasto sin comprobante,,ARS,f,"Falta: empresa, subrubro, centro_costo, tipo_egreso | Gasto operativo mensual.",20260219|AI BLOCK TECHNOLOGIES SRL|GASTO SIN COMPROBANTE|462.063
c461e1d8-aae4-44d3-bf59-8d0ece92750e,2026-02-19,2026-02,Sueldo 1ra Quincena 02/2026 (Recibo) - Monzon Hugo (estimado),511923.47,,Transferencia Bancaria,Estimado,matriz_historica,revisar,3afe9fbe-11f8-43b3-b28e-a6ae0aff1093,00973821-e775-4164-8183-22f645d4aad6,Gasto sin comprobante,,ARS,f,"Falta: empresa, subrubro, centro_costo, tipo_egreso | Gasto operativo mensual.",20260219|AI BLOCK TECHNOLOGIES SRL|GASTO SIN COMPROBANTE|511.923
b1d0c081-f5e8-4a02-802b-c0736bfb9188,2026-02-19,2026-02,Sueldo 1ra Quincena 02/2026 (Recibo) - Nahuel Insaurralde (estimado),437035.45,,Transferencia Bancaria,Estimado,matriz_historica,revisar,3afe9fbe-11f8-43b3-b28e-a6ae0aff1093,00973821-e775-4164-8183-22f645d4aad6,Gasto sin comprobante,,ARS,f,"Falta: empresa, subrubro, centro_costo, tipo_egreso | Gasto operativo mensual.",20260219|AI BLOCK TECHNOLOGIES SRL|GASTO SIN COMPROBANTE|437.035
cfcf5e58-e406-442c-aadf-f49f3a5b562f,2026-02-19,2026-02,Sueldo 1ra Quincena 02/2026 (Recibo) - Sepulveda Manuel,408959.58,,Transferencia Bancaria,Estimado,matriz_historica,revisar,3afe9fbe-11f8-43b3-b28e-a6ae0aff1093,00973821-e775-4164-8183-22f645d4aad6,Gasto sin comprobante,,ARS,f,"Falta: empresa, subrubro, centro_costo, tipo_egreso | Gasto operativo mensual.",20260219|AI BLOCK TECHNOLOGIES SRL|GASTO SIN COMPROBANTE|408.960
90851589-0730-4024-9b7e-4654a9002d0a,2026-02-19,2026-02,Sueldo 1ra Quincena 02/2026 (Recibo)- Gramajo Mauro (estimado),408959.58,,Transferencia Bancaria,Estimado,matriz_historica,revisar,3afe9fbe-11f8-43b3-b28e-a6ae0aff1093,00973821-e775-4164-8183-22f645d4aad6,Gasto sin comprobante,,ARS,f,"Falta: empresa, subrubro, centro_costo, tipo_egreso | Gasto operativo mensual.",20260219|AI BLOCK TECHNOLOGIES SRL|GASTO SIN COMPROBANTE|408.960
1b4b59ca-de91-4d93-87d4-447f11953767,2026-02-19,2026-02,Sueldo 1ra Quincena 02/2026 (Recibo)- Gutierrez Marcelo,525000.0,,Transferencia Bancaria,Estimado,matriz_historica,revisar,3afe9fbe-11f8-43b3-b28e-a6ae0aff1093,00973821-e775-4164-8183-22f645d4aad6,Gasto sin comprobante,,ARS,f,"Falta: empresa, subrubro, centro_costo, tipo_egreso | Gasto operativo mensual.",20260219|AI BLOCK TECHNOLOGIES SRL|GASTO SIN COMPROBANTE|525.000
c2aa9c97-0469-4a10-8c9a-6627de496279,2026-02-19,2026-02,Sueldo 1ra Quincena 02/2026 (Recibo)- Oliva Matias (estimado),647075.3,,Transferencia Bancaria,Estimado,matriz_historica,revisar,3afe9fbe-11f8-43b3-b28e-a6ae0aff1093,00973821-e775-4164-8183-22f645d4aad6,Gasto sin comprobante,,ARS,f,"Falta: empresa, subrubro, centro_costo, tipo_egreso | Gasto operativo mensual.",20260219|AI BLOCK TECHNOLOGIES SRL|GASTO SIN COMPROBANTE|647.075
e7a63840-c4e3-444d-a7f7-f22ca1d8c6a6,2026-02-19,2026-02,Pago FC Eden - Capitan Sarmiento Casa,87045.82,,Transferencia Bancaria,Estimado,matriz_historica,revisar,c79a1013-b175-4b93-ba18-e69908201cee,ae87331f-e6ad-4dc6-ac13-8affd74e6018,Gasto sin comprobante,,ARS,f,"Falta: empresa, subrubro, centro_costo, tipo_egreso | Requiere revisión manual para gestión.",20260219|CAPITAL ASSISTANCE SA|GASTO SIN COMPROBANTE|87.046
e25bd53d-dcef-4931-84c5-fe83d0c294d9,2026-02-19,2026-02,Declaración Jurada IVA: 01/2026,36137.45,,Transferencia Bancaria,Estimado,matriz_historica,revisar,57f782a8-a815-4e51-b69b-9a2f5d619ca0,d3df491b-f0f2-4b79-a73f-36fda5f2bba7,Gasto sin comprobante,,ARS,f,"Falta: empresa, subrubro, centro_costo, tipo_egreso | Requiere revisión manual para gestión.",20260219|LA EXPRESION SRL|GASTO SIN COMPROBANTE|36.137
24e01eb2-c88b-4655-a2e1-5fc4e4eecec0,2026-02-19,2026-02,Declaración Jurada IIBB: 01/2026 (estimado),3000.0,,Transferencia Bancaria,Estimado,matriz_historica,revisar,57f782a8-a815-4e51-b69b-9a2f5d619ca0,d8bc0e6a-dee3-49cc-ab4a-6841af77c205,Gasto sin comprobante,,ARS,f,"Falta: empresa, subrubro, centro_costo, tipo_egreso | Requiere revisión manual para gestión.",20260219|LSJ SRL|GASTO SIN COMPROBANTE|3.000
1ee5e281-b0c5-4898-97b8-106fbbfb9ec4,2026-02-19,2026-02,Combustible Autos - Capitan Sarmiento - 2 vehículos,80000.0,,Efectivo,Estimado,matriz_historica,revisar,f457200b-42b2-4dd7-8d1e-7912fd4592e3,2c118e4e-3848-4b55-8b25-ac23a8846c7f,Gasto sin comprobante,,ARS,f,"Falta: empresa, subrubro, centro_costo, tipo_egreso | Requiere revisión manual para gestión.",20260219|NETSHARING SA|GASTO SIN COMPROBANTE|80.000
6b943f91-38d9-4274-9a09-e3f7cfebadd3,2026-02-19,2026-02,Gastos productos Limpieza - Capitan Sarmiento,30000.0,,Efectivo,Estimado,matriz_historica,revisar,c79a1013-b175-4b93-ba18-e69908201cee,2c118e4e-3848-4b55-8b25-ac23a8846c7f,Gasto sin comprobante,,ARS,f,"Falta: empresa, subrubro, centro_costo, tipo_egreso | Requiere revisión manual para gestión.",20260219|NETSHARING SA|GASTO SIN COMPROBANTE|30.000
10cb56e4-3ea3-4954-a406-d558491267a7,2026-02-19,2026-02,Pago Expensas C. Pellegrini 887 01/2026 (estimadas),1720261.5,,Transferencia Bancaria,Estimado,matriz_historica,revisar,c79a1013-b175-4b93-ba18-e69908201cee,2c118e4e-3848-4b55-8b25-ac23a8846c7f,Gasto sin comprobante,,ARS,f,"Falta: empresa, subrubro, centro_costo, tipo_egreso | Requiere revisión manual para gestión.",20260219|NETSHARING SA|GASTO SIN COMPROBANTE|1.720.262
323e6d3a-bbf9-4e9b-8f50-80a7ec6df397,2026-02-19,2026-02,Declaración Jurada IVA: 01/2026 (estimado),24033.1,,Transferencia Bancaria,Estimado,matriz_historica,revisar,57f782a8-a815-4e51-b69b-9a2f5d619ca0,169b39f8-5b5d-4ca9-8480-43acc4095b49,Gasto sin comprobante,,ARS,f,"Falta: empresa, subrubro, centro_costo, tipo_egreso | Requiere revisión manual para gestión.",20260219|SINDEL GROUP SRL|GASTO SIN COMPROBANTE|24.033
6da3fe60-1f08-4820-a4a0-8da2eadebc0d,2026-02-19,2026-02,Declaración Jurada IIBB: 01/2026,1741.64,,Transferencia Bancaria,Estimado,matriz_historica,revisar,57f782a8-a815-4e51-b69b-9a2f5d619ca0,d5d2b619-687e-46f2-b516-f2b3ac4d0301,Gasto sin comprobante,,ARS,f,"Falta: empresa, subrubro, centro_costo, tipo_egreso | Requiere revisión manual para gestión.",20260219|ZELED SA|GASTO SIN COMPROBANTE|1.742
eb6bda21-6857-407d-85fb-25ad9d61d7bb,2026-02-20,2026-02,Declaración Jurada IIBB: 01/2026 (estimado),150000.0,,Transferencia Bancaria,Estimado,matriz_historica,revisar,57f782a8-a815-4e51-b69b-9a2f5d619ca0,5d1b320a-cfc6-491b-bccf-cb4ee397b256,Gasto sin comprobante,,ARS,f,"Falta: empresa, subrubro, centro_costo, tipo_egreso | Requiere revisión manual para gestión.",20260220|AKAI SA|GASTO SIN COMPROBANTE|150.000
3725ed09-76b1-4737-87f2-fbeda5959547,2026-02-20,2026-02,Gastos Cartuchos - Recarga,50000.0,,Transferencia Bancaria,Estimado,matriz_historica,revisar,5aa4a93a-17f8-444b-ac22-b536e094bc86,2c118e4e-3848-4b55-8b25-ac23a8846c7f,Gasto sin comprobante,,ARS,f,"Falta: empresa, subrubro, centro_costo, tipo_egreso | Requiere revisión manual para gestión.",20260220|NETSHARING SA|GASTO SIN COMPROBANTE|50.000
8f3dbe0a-7e1b-4389-9f47-04d6386c16da,2026-02-20,2026-02,Gastos Papelera - CABA,80000.0,,Transferencia Bancaria,Estimado,matriz_historica,revisar,5aa4a93a-17f8-444b-ac22-b536e094bc86,2c118e4e-3848-4b55-8b25-ac23a8846c7f,Gasto sin comprobante,,ARS,f,"Falta: empresa, subrubro, centro_costo, tipo_egreso | Requiere revisión manual para gestión.",20260220|NETSHARING SA|GASTO SIN COMPROBANTE|80.000
17358275-0300-4e53-b330-f8086ac0f53a,2026-02-20,2026-02,Declaración Jurada IIBB: 01/2026 (estimado),2000000.0,,Transferencia Bancaria,Estimado,matriz_historica,revisar,57f782a8-a815-4e51-b69b-9a2f5d619ca0,2c118e4e-3848-4b55-8b25-ac23a8846c7f,Gasto sin comprobante,,ARS,f,"Falta: empresa, subrubro, centro_costo, tipo_egreso | Requiere revisión manual para gestión.",20260220|NETSHARING SA|GASTO SIN COMPROBANTE|2.000.000
a5c5f755-c494-43d8-b2a9-4cf94a972466,2026-02-20,2026-02,Compra de Onu (Proyectado) - Echeq,3500000.0,,ECHEQ,Estimado,matriz_historica,revisar,802af493-2f23-4d62-becc-e13951069416,2c118e4e-3848-4b55-8b25-ac23a8846c7f,Gasto sin comprobante,,ARS,f,"Falta: empresa, subrubro, centro_costo, tipo_egreso | Regla definida: herramientas y materiales se clasifican como CAPEX.",20260220|NETSHARING SA|GASTO SIN COMPROBANTE|3.500.000
48cea3b4-358a-4d7c-8ffb-b700fe668b24,2026-02-20,2026-02,Pago Factura DGO - 01/2026,300000.0,,Transferencia Bancaria,Estimado,matriz_historica,revisar,8fab1038-e87a-4a71-8403-cea5ade439a2,2c118e4e-3848-4b55-8b25-ac23a8846c7f,Gasto sin comprobante,,ARS,f,"Falta: empresa, subrubro, centro_costo, tipo_egreso | Requiere revisión manual para gestión.",20260220|NETSHARING SA|GASTO SIN COMPROBANTE|300.000
02212cb1-3a60-4009-ade9-97f140ce1b84,2026-02-23,2026-02,Declaración Jurada IVA: 01/2026 (estimado),900000.0,,Transferencia Bancaria,Estimado,matriz_historica,revisar,57f782a8-a815-4e51-b69b-9a2f5d619ca0,00973821-e775-4164-8183-22f645d4aad6,Gasto sin comprobante,,ARS,f,"Falta: empresa, subrubro, centro_costo, tipo_egreso | Requiere revisión manual para gestión.",20260223|AI BLOCK TECHNOLOGIES SRL|GASTO SIN COMPROBANTE|900.000
945f91e5-c720-47ff-92e5-d6fa18250f3a,2026-02-23,2026-02,Pago FC Naturgy: Capitan Sarmiento - Casa,15796.72,,Transferencia Bancaria,Estimado,matriz_historica,revisar,c79a1013-b175-4b93-ba18-e69908201cee,ae87331f-e6ad-4dc6-ac13-8affd74e6018,Gasto sin comprobante,,ARS,f,"Falta: empresa, subrubro, centro_costo, tipo_egreso | Requiere revisión manual para gestión.",20260223|CAPITAL ASSISTANCE SA|GASTO SIN COMPROBANTE|15.797
ba805fd5-aaf3-41ac-90f1-de9fecb4665d,2026-02-23,2026-02,Pago FC Naturgy: Capitan Sarmiento - Local,13456.1,,Transferencia Bancaria,Estimado,matriz_historica,revisar,c79a1013-b175-4b93-ba18-e69908201cee,ae87331f-e6ad-4dc6-ac13-8affd74e6018,Gasto sin comprobante,,ARS,f,"Falta: empresa, subrubro, centro_costo, tipo_egreso | Requiere revisión manual para gestión.",20260223|CAPITAL ASSISTANCE SA|GASTO SIN COMPROBANTE|13.456
5cbcc121-4091-4070-b401-3b7a38ac7b5e,2026-02-23,2026-02,Declaración Jurada IVA: 01/2026 (estimado),1020000.0,,Transferencia Bancaria,Estimado,matriz_historica,revisar,57f782a8-a815-4e51-b69b-9a2f5d619ca0,d8bc0e6a-dee3-49cc-ab4a-6841af77c205,Gasto sin comprobante,,ARS,f,"Falta: empresa, subrubro, centro_costo, tipo_egreso | Requiere revisión manual para gestión.",20260223|LSJ SRL|GASTO SIN COMPROBANTE|1.020.000
e8074393-6a17-4223-88ed-1a728eb4a0db,2026-02-23,2026-02,IPSERVICES Echeq - Echeq 02 de 05,3269664.36,,ECHEQ,Estimado,matriz_historica,revisar,802af493-2f23-4d62-becc-e13951069416,2c118e4e-3848-4b55-8b25-ac23a8846c7f,Gasto sin comprobante,,ARS,f,"Falta: empresa, subrubro, centro_costo, tipo_egreso | Compra de equipos; no impactar como gasto operativo mensual.",20260223|NETSHARING SA|GASTO SIN COMPROBANTE|3.269.664
9c613d73-0e24-475c-ad81-84313f4b8845,2026-02-23,2026-02,Pago FC Aysa C. Pellegrini 887,256659.0,,Transferencia Bancaria,Estimado,matriz_historica,revisar,c79a1013-b175-4b93-ba18-e69908201cee,2c118e4e-3848-4b55-8b25-ac23a8846c7f,Gasto sin comprobante,,ARS,f,"Falta: empresa, subrubro, centro_costo, tipo_egreso | Requiere revisión manual para gestión.",20260223|NETSHARING SA|GASTO SIN COMPROBANTE|256.659
10d4ccb6-7792-4a2d-8306-c565d122f17a,2026-02-23,2026-02,Declaración Jurada IIBB: 01/2026 (estimado),31410.0,,Transferencia Bancaria,Estimado,matriz_historica,revisar,57f782a8-a815-4e51-b69b-9a2f5d619ca0,0a184561-fd10-43ac-9fab-2d691a0ab10a,Gasto sin comprobante,,ARS,f,"Falta: empresa, subrubro, centro_costo, tipo_egreso | Requiere revisión manual para gestión.",20260223|PERMAWE SRL|GASTO SIN COMPROBANTE|31.410
0bf2210c-d2ce-415e-beb0-f76ee5cc6940,2026-02-23,2026-02,Declaración Jurada IVA: 01/2026 (estimado),297708.25,,Transferencia Bancaria,Estimado,matriz_historica,revisar,57f782a8-a815-4e51-b69b-9a2f5d619ca0,412f3f61-3312-4bb0-ae19-e3b789145d6c,Gasto sin comprobante,,ARS,f,"Falta: empresa, subrubro, centro_costo, tipo_egreso | Requiere revisión manual para gestión.",20260223|TOOLS SOLUTION SA|GASTO SIN COMPROBANTE|297.708
34ee72fd-74b6-4f8a-9dfe-c1c20a841b47,2026-02-23,2026-02,Declaración Jurada IVA: 01/2026,24364.03,,Transferencia Bancaria,Estimado,matriz_historica,revisar,57f782a8-a815-4e51-b69b-9a2f5d619ca0,d5d2b619-687e-46f2-b516-f2b3ac4d0301,Gasto sin comprobante,,ARS,f,"Falta: empresa, subrubro, centro_costo, tipo_egreso | Requiere revisión manual para gestión.",20260223|ZELED SA|GASTO SIN COMPROBANTE|24.364
dd90c972-df6a-4e48-a18d-4016bc2144e8,2026-02-24,2026-02,Rep. FF Maximiliano Bernardis - (Estimado),150000.0,,Efectivo,Estimado,matriz_historica,revisar,bb1c15ed-e9c2-4d30-a2b8-851a5f97297b,2d1f2a4e-e4f8-4327-9230-7ee2cc10e352,Gasto sin comprobante,,ARS,f,"Falta: empresa, subrubro, centro_costo, tipo_egreso | Abrir por comprobantes: combustible/viáticos OPEX; herramientas/materiales CAPEX.",20260224|ARGENGRAFT SRL|GASTO SIN COMPROBANTE|150.000
043d712e-1677-4c93-bc66-3342b64d9207,2026-02-24,2026-02,Rep. FF Sergio Araujo - (Estimado),150000.0,,Efectivo,Estimado,matriz_historica,revisar,bb1c15ed-e9c2-4d30-a2b8-851a5f97297b,2d1f2a4e-e4f8-4327-9230-7ee2cc10e352,Gasto sin comprobante,,ARS,f,"Falta: empresa, subrubro, centro_costo, tipo_egreso | Abrir por comprobantes: combustible/viáticos OPEX; herramientas/materiales CAPEX.",20260224|ARGENGRAFT SRL|GASTO SIN COMPROBANTE|150.000
d88c1a80-b143-4931-ba2b-25c80eda5f87,2026-02-24,2026-02,Instalaciones - Antonio (estimadas) Semana: 16/01 - 21/01,600000.0,,Efectivo,Estimado,matriz_historica,revisar,8ac1dd5b-a9a7-4236-ae0d-85fa08133eaa,2c118e4e-3848-4b55-8b25-ac23a8846c7f,Gasto sin comprobante,,ARS,f,"Falta: empresa, subrubro, centro_costo, tipo_egreso | Requiere revisión manual para gestión.",20260224|NETSHARING SA|GASTO SIN COMPROBANTE|600.000
5c507457-ef20-4f3a-915c-01a3339ce736,2026-02-24,2026-02,Instalaciones - Maximiliano (estimadas) Semana: 16/01 - 21/01,600000.0,,Efectivo,Estimado,matriz_historica,revisar,8ac1dd5b-a9a7-4236-ae0d-85fa08133eaa,2c118e4e-3848-4b55-8b25-ac23a8846c7f,Gasto sin comprobante,,ARS,f,"Falta: empresa, subrubro, centro_costo, tipo_egreso | Requiere revisión manual para gestión.",20260224|NETSHARING SA|GASTO SIN COMPROBANTE|600.000
69a20406-8f87-405b-9eea-c9a860a6dd52,2026-02-24,2026-02,Instalaciones - Turdo José (estimadas) Semana: 16/02 - 21/02,727200.0,,Efectivo,Estimado,matriz_historica,revisar,8ac1dd5b-a9a7-4236-ae0d-85fa08133eaa,2c118e4e-3848-4b55-8b25-ac23a8846c7f,Gasto sin comprobante,,ARS,f,"Falta: empresa, subrubro, centro_costo, tipo_egreso | Requiere revisión manual para gestión.",20260224|NETSHARING SA|GASTO SIN COMPROBANTE|727.200
60ef0ce6-a960-4479-9a67-54702a2a0b79,2026-02-24,2026-02,Retiro de ONU - Reconexión de ONU,56000.0,,Efectivo,Estimado,matriz_historica,revisar,8ac1dd5b-a9a7-4236-ae0d-85fa08133eaa,2c118e4e-3848-4b55-8b25-ac23a8846c7f,Gasto sin comprobante,,ARS,f,"Falta: empresa, subrubro, centro_costo, tipo_egreso | Regla definida: herramientas y materiales se clasifican como CAPEX.",20260224|NETSHARING SA|GASTO SIN COMPROBANTE|56.000
4eb9a7ef-053f-4f2a-b0d5-3ff5d0ec4799,2026-02-24,2026-02,Com. Ventas semanales Almirante Brown (estimado),42500.0,,Efectivo,Estimado,matriz_historica,revisar,6f678363-205a-4081-ae32-2d2a8999f5e2,2c118e4e-3848-4b55-8b25-ac23a8846c7f,Gasto sin comprobante,,ARS,f,"Falta: empresa, subrubro, centro_costo, tipo_egreso | Requiere revisión manual para gestión.",20260224|NETSHARING SA|GASTO SIN COMPROBANTE|42.500
2a1db333-cd57-45a5-9615-5c3206723f18,2026-02-24,2026-02,Pago Mano de Obra - Etapa I,7996500.0,,Efectivo,Estimado,matriz_historica,revisar,e3df9d7b-9370-44e2-82e3-381be887ef77,2c118e4e-3848-4b55-8b25-ac23a8846c7f,Gasto sin comprobante,,ARS,f,"Falta: empresa, subrubro, centro_costo, tipo_egreso | Requiere revisión manual para gestión.",20260224|NETSHARING SA|GASTO SIN COMPROBANTE|7.996.500
7ceb328b-ad89-40fa-b0cc-5f5eb4b1c795,2026-02-24,2026-02,Pago Factura abono: Movistar,152617.57,,Transferencia Bancaria,Estimado,matriz_historica,revisar,c79a1013-b175-4b93-ba18-e69908201cee,2c118e4e-3848-4b55-8b25-ac23a8846c7f,Gasto sin comprobante,,ARS,f,"Falta: empresa, subrubro, centro_costo, tipo_egreso | Requiere revisión manual para gestión.",20260224|NETSHARING SA|GASTO SIN COMPROBANTE|152.618
ce389c2b-d418-4d06-a627-d9b43bf9974b,2026-02-24,2026-02,Declaración Jurada IVA: 01/2026 (estimado),101341.64,,Transferencia Bancaria,Estimado,matriz_historica,revisar,57f782a8-a815-4e51-b69b-9a2f5d619ca0,0a184561-fd10-43ac-9fab-2d691a0ab10a,Gasto sin comprobante,,ARS,f,"Falta: empresa, subrubro, centro_costo, tipo_egreso | Requiere revisión manual para gestión.",20260224|PERMAWE SRL|GASTO SIN COMPROBANTE|101.342
085b62a1-65b1-47ac-a1c6-d7031a178def,2026-02-25,2026-02,Abono: Postes Edea,136763.1,,Transferencia Bancaria,Estimado,matriz_historica,revisar,2f73bc60-4eb7-48f6-a0da-57197bcf63bf,8160b26b-70a5-45df-b09f-98f2365f7b61,Gasto sin comprobante,,ARS,f,"Falta: empresa, subrubro, centro_costo, tipo_egreso | Requiere revisión manual para gestión.",20260225|FIBER UP SA|GASTO SIN COMPROBANTE|136.763
81979142-cec7-4c7b-974d-ebb1d766c2e5,2026-02-25,2026-02,Poliza Caución - Renovación ( a confirmar),669738.99,,Transferencia Bancaria,Estimado,matriz_historica,revisar,f7d6d083-651b-4d01-99db-0ac4b8fe683d,a3831295-0538-40ff-b912-e8cc361d16fc,Gasto sin comprobante,,ARS,f,"Falta: empresa, subrubro, centro_costo, tipo_egreso | Requiere revisión manual para gestión.",20260225|MORA CERO SA|GASTO SIN COMPROBANTE|669.739
2e599b3c-9521-4147-9f2c-6e21cc22f208,2026-02-25,2026-02,Pago Factura Cogent- Abono Mensual,288347.06,,Transferencia Bancaria,Estimado,matriz_historica,revisar,ae0132e4-b3ec-4a9c-be89-84129a7b55c6,2c118e4e-3848-4b55-8b25-ac23a8846c7f,Gasto sin comprobante,,ARS,f,"Falta: empresa, subrubro, centro_costo, tipo_egreso | Requiere revisión manual para gestión.",20260225|NETSHARING SA|GASTO SIN COMPROBANTE|288.347
acd6d7a6-27c3-4c7e-b648-6e4b783be79e,2026-02-26,2026-02,Poliza Caución - Renovación ( a confirmar),669747.76,,Transferencia Bancaria,Estimado,matriz_historica,revisar,f7d6d083-651b-4d01-99db-0ac4b8fe683d,ae87331f-e6ad-4dc6-ac13-8affd74e6018,Gasto sin comprobante,,ARS,f,"Falta: empresa, subrubro, centro_costo, tipo_egreso | Requiere revisión manual para gestión.",20260226|CAPITAL ASSISTANCE SA|GASTO SIN COMPROBANTE|669.748
8dc95b96-4fcc-4680-9aca-d5347fa3f8b5,2026-02-26,2026-02,Busqueda personal Burzaco - Almirante Brown (estimado),2000000.0,,Transferencia Bancaria,Estimado,matriz_historica,revisar,3afe9fbe-11f8-43b3-b28e-a6ae0aff1093,2c118e4e-3848-4b55-8b25-ac23a8846c7f,Gasto sin comprobante,,ARS,f,"Falta: empresa, subrubro, centro_costo, tipo_egreso | Gasto operativo mensual.",20260226|NETSHARING SA|GASTO SIN COMPROBANTE|2.000.000
6bc072a8-b41a-424d-bec9-0537a2778691,2026-02-27,2026-02,Honorarios Estudio Contable - Ai Block Technologies 01/2026,112500.0,,Efectivo,Estimado,matriz_historica,revisar,7d540775-8719-4ead-991c-9055dd764fef,00973821-e775-4164-8183-22f645d4aad6,Gasto sin comprobante,,ARS,f,"Falta: empresa, subrubro, centro_costo, tipo_egreso | Requiere revisión manual para gestión.",20260227|AI BLOCK TECHNOLOGIES SRL|GASTO SIN COMPROBANTE|112.500
7a7adda8-3c23-4f97-ae1b-44856fda3853,2026-02-27,2026-02,Destin SA - Echeq 02 - 04,1229775.93,,ECHEQ,Estimado,matriz_historica,revisar,b15301ef-1ff7-4a06-9463-6486f2c5fe57,00973821-e775-4164-8183-22f645d4aad6,Gasto sin comprobante,,ARS,f,"Falta: empresa, subrubro, centro_costo, tipo_egreso | Requiere revisión manual para gestión.",20260227|AI BLOCK TECHNOLOGIES SRL|GASTO SIN COMPROBANTE|1.229.776
c29dc849-57ed-4495-bb14-cf2222b304da,2026-02-27,2026-02,IPCalls - Echeq 02 - 04,1040549.98,,ECHEQ,Estimado,matriz_historica,revisar,b15301ef-1ff7-4a06-9463-6486f2c5fe57,00973821-e775-4164-8183-22f645d4aad6,Gasto sin comprobante,,ARS,f,"Falta: empresa, subrubro, centro_costo, tipo_egreso | Requiere revisión manual para gestión.",20260227|AI BLOCK TECHNOLOGIES SRL|GASTO SIN COMPROBANTE|1.040.550
fa1fe339-8127-4e06-9829-755dace3819e,2026-02-27,2026-02,Honorarios Estudio Contable - Akai SA 01/2026,112500.0,,Efectivo,Estimado,matriz_historica,revisar,7d540775-8719-4ead-991c-9055dd764fef,5d1b320a-cfc6-491b-bccf-cb4ee397b256,Gasto sin comprobante,,ARS,f,"Falta: empresa, subrubro, centro_costo, tipo_egreso | Requiere revisión manual para gestión.",20260227|AKAI SA|GASTO SIN COMPROBANTE|112.500
26a82205-4299-410b-8486-3ef09425a915,2026-02-27,2026-02,Honorarios Estudio Contable - Argengraft SRL 01/2026,468700.0,,Efectivo,Estimado,matriz_historica,revisar,7d540775-8719-4ead-991c-9055dd764fef,2d1f2a4e-e4f8-4327-9230-7ee2cc10e352,Gasto sin comprobante,,ARS,f,"Falta: empresa, subrubro, centro_costo, tipo_egreso | Requiere revisión manual para gestión.",20260227|ARGENGRAFT SRL|GASTO SIN COMPROBANTE|468.700
ea7c14aa-7d45-430a-bc2c-a025679550eb,2026-02-27,2026-02,Honorarios Estudio Contable - Capital Assistance SA 01/2026,468700.0,,Efectivo,Estimado,matriz_historica,revisar,7d540775-8719-4ead-991c-9055dd764fef,ae87331f-e6ad-4dc6-ac13-8affd74e6018,Gasto sin comprobante,,ARS,f,"Falta: empresa, subrubro, centro_costo, tipo_egreso | Requiere revisión manual para gestión.",20260227|CAPITAL ASSISTANCE SA|GASTO SIN COMPROBANTE|468.700
885930c8-c172-48e1-915d-1a7cd4240e72,2026-02-27,2026-02,Honorarios Estudio Contable - Enveco SRL 01/2026,225000.0,,Efectivo,Estimado,matriz_historica,revisar,7d540775-8719-4ead-991c-9055dd764fef,67fac871-99ff-4c10-8001-fe2a398c1763,Gasto sin comprobante,,ARS,f,"Falta: empresa, subrubro, centro_costo, tipo_egreso | Requiere revisión manual para gestión.",20260227|ENVECO SRL|GASTO SIN COMPROBANTE|225000.00
ec515570-329a-4f9e-9bb0-14e6c62cd73e,2026-02-27,2026-02,Honorarios Estudio Contable - Fiber Up SA 01/2026,117000.0,,Efectivo,Estimado,matriz_historica,revisar,7d540775-8719-4ead-991c-9055dd764fef,8160b26b-70a5-45df-b09f-98f2365f7b61,Gasto sin comprobante,,ARS,f,"Falta: empresa, subrubro, centro_costo, tipo_egreso | Requiere revisión manual para gestión.",20260227|FIBER UP SA|GASTO SIN COMPROBANTE|117.000
ff9f0e7e-0340-474d-bdb4-37e85f107f09,2026-02-27,2026-02,Honorarios Estudio Contable - La Expresión SRL 01/2026,112500.0,,Efectivo,Estimado,matriz_historica,revisar,7d540775-8719-4ead-991c-9055dd764fef,d3df491b-f0f2-4b79-a73f-36fda5f2bba7,Gasto sin comprobante,,ARS,f,"Falta: empresa, subrubro, centro_costo, tipo_egreso | Requiere revisión manual para gestión.",20260227|LA EXPRESION SRL|GASTO SIN COMPROBANTE|112.500
33b8d9cb-685e-47db-ac8d-6a9997488727,2026-02-27,2026-02,Honorarios Estudio Contable - LSJ SRL 01/2026,112500.0,,Efectivo,Estimado,matriz_historica,revisar,7d540775-8719-4ead-991c-9055dd764fef,d8bc0e6a-dee3-49cc-ab4a-6841af77c205,Gasto sin comprobante,,ARS,f,"Falta: empresa, subrubro, centro_costo, tipo_egreso | Requiere revisión manual para gestión.",20260227|LSJ SRL|GASTO SIN COMPROBANTE|112.500
94128f04-7353-42c6-8165-081a2a0a201e,2026-02-27,2026-02,Honorarios Estudio Contable - Mora Cero SA 01/2026,281200.0,,Efectivo,Estimado,matriz_historica,revisar,7d540775-8719-4ead-991c-9055dd764fef,a3831295-0538-40ff-b912-e8cc361d16fc,Gasto sin comprobante,,ARS,f,"Falta: empresa, subrubro, centro_costo, tipo_egreso | Requiere revisión manual para gestión.",20260227|MORA CERO SA|GASTO SIN COMPROBANTE|281.200
fc2c56e3-655d-4fd2-80b7-ad3e1f79d922,2026-02-27,2026-02,Comisión Mercado Pago - Cobranzas ID - Enero 2026 (estimado),3100000.0,,Débito Automático,Estimado,matriz_historica,revisar,ae2a7b81-b5a3-408d-9f55-126c962deeab,2c118e4e-3848-4b55-8b25-ac23a8846c7f,Gasto sin comprobante,,ARS,f,"Falta: empresa, subrubro, centro_costo, tipo_egreso | Requiere revisión manual para gestión.",20260227|NETSHARING SA|GASTO SIN COMPROBANTE|3.100.000
d146da32-4751-48a5-b1f5-937aa9c4c991,2026-02-27,2026-02,Comisión Pago Fácil - Cobranzas ID - Enero 2026 (estimado),200000.0,,Débito Automático,Estimado,matriz_historica,revisar,e993d972-cd5a-448c-b9a5-92781f62186c,2c118e4e-3848-4b55-8b25-ac23a8846c7f,Gasto sin comprobante,,ARS,f,"Falta: empresa, subrubro, centro_costo, tipo_egreso | Requiere revisión manual para gestión.",20260227|NETSHARING SA|GASTO SIN COMPROBANTE|200.000
fa84ce9f-8a4d-413a-b02e-19b8b4fd894d,2026-02-27,2026-02,Comisión Mercado Pago - Cobranzas ID - Enero 2026 (estimado),320000.0,,Débito Automático,Estimado,matriz_historica,revisar,45e7954d-60f2-4a28-95d7-e93dbaa300e2,2c118e4e-3848-4b55-8b25-ac23a8846c7f,Gasto sin comprobante,,ARS,f,"Falta: empresa, subrubro, centro_costo, tipo_egreso | Requiere revisión manual para gestión.",20260227|NETSHARING SA|GASTO SIN COMPROBANTE|320.000
81116e69-b239-4a80-865d-69a5daadcf76,2026-02-27,2026-02,Honorarios Estudio Contable - Netsharing SA 01/2026,281200.0,,Efectivo,Estimado,matriz_historica,revisar,7d540775-8719-4ead-991c-9055dd764fef,2c118e4e-3848-4b55-8b25-ac23a8846c7f,Gasto sin comprobante,,ARS,f,"Falta: empresa, subrubro, centro_costo, tipo_egreso | Requiere revisión manual para gestión.",20260227|NETSHARING SA|GASTO SIN COMPROBANTE|281.200
1b071b39-ffc2-483a-adb2-d7b8725a7a39,2026-02-27,2026-02,Lavadero de Autos - Capitan Sarmiento,22000.0,,Efectivo,Estimado,matriz_historica,revisar,b15301ef-1ff7-4a06-9463-6486f2c5fe57,2c118e4e-3848-4b55-8b25-ac23a8846c7f,Gasto sin comprobante,,ARS,f,"Falta: empresa, subrubro, centro_costo, tipo_egreso | Requiere revisión manual para gestión.",20260227|NETSHARING SA|GASTO SIN COMPROBANTE|22.000
853555aa-68af-46b4-9c7e-cf0b4d43a2f0,2026-02-27,2026-02,Bidones de Agua: Reggieri SA - CABA (estimado),50000.0,,Transferencia Bancaria,Estimado,matriz_historica,revisar,d7502a66-86b0-4d59-a5bd-96cf2e1ea382,2c118e4e-3848-4b55-8b25-ac23a8846c7f,Gasto sin comprobante,,ARS,f,"Falta: empresa, subrubro, centro_costo, tipo_egreso | Requiere revisión manual para gestión.",20260227|NETSHARING SA|GASTO SIN COMPROBANTE|50.000
5b78603a-9536-4833-ae40-a0a3e6785a9d,2026-02-27,2026-02,Pago FC Edesur Varela,283307.31,,Transferencia Bancaria,Estimado,matriz_historica,revisar,c79a1013-b175-4b93-ba18-e69908201cee,2c118e4e-3848-4b55-8b25-ac23a8846c7f,Gasto sin comprobante,,ARS,f,"Falta: empresa, subrubro, centro_costo, tipo_egreso | Requiere revisión manual para gestión.",20260227|NETSHARING SA|GASTO SIN COMPROBANTE|283.307
91e9cf71-fc39-4886-9021-a9c4d938b680,2026-02-27,2026-02,Honorarios Estudio Contable - Permawe SRL 01/2026,112500.0,,Efectivo,Estimado,matriz_historica,revisar,7d540775-8719-4ead-991c-9055dd764fef,0a184561-fd10-43ac-9fab-2d691a0ab10a,Gasto sin comprobante,,ARS,f,"Falta: empresa, subrubro, centro_costo, tipo_egreso | Requiere revisión manual para gestión.",20260227|PERMAWE SRL|GASTO SIN COMPROBANTE|112.500
eef79190-eaea-4b3b-be83-75a524d0ade1,2026-02-27,2026-02,Honorarios Estudio Contable - Sinapsis Connect SRL 01/2026,112500.0,,Efectivo,Estimado,matriz_historica,revisar,7d540775-8719-4ead-991c-9055dd764fef,ca6aa897-f6de-4ef0-aaaf-03b48d6707b4,Gasto sin comprobante,,ARS,f,"Falta: empresa, subrubro, centro_costo, tipo_egreso | Requiere revisión manual para gestión.",20260227|SINAPSIS CONNECT SRL|GASTO SIN COMPROBANTE|112.500
f04481db-a328-448e-8348-9e218bfa7361,2026-02-27,2026-02,Honorarios Estudio Contable - Sindel Group SRL 01/2026,112500.0,,Efectivo,Estimado,matriz_historica,revisar,7d540775-8719-4ead-991c-9055dd764fef,169b39f8-5b5d-4ca9-8480-43acc4095b49,Gasto sin comprobante,,ARS,f,"Falta: empresa, subrubro, centro_costo, tipo_egreso | Requiere revisión manual para gestión.",20260227|SINDEL GROUP SRL|GASTO SIN COMPROBANTE|112.500
3831e5df-34bd-480f-acdf-413af49fc0a5,2026-02-27,2026-02,Honorarios Estudio Contable - Tools Solution SA 01/2026,281200.0,,Efectivo,Estimado,matriz_historica,revisar,7d540775-8719-4ead-991c-9055dd764fef,412f3f61-3312-4bb0-ae19-e3b789145d6c,Gasto sin comprobante,,ARS,f,"Falta: empresa, subrubro, centro_costo, tipo_egreso | Requiere revisión manual para gestión.",20260227|TOOLS SOLUTION SA|GASTO SIN COMPROBANTE|281.200
53b22264-2733-49de-8d31-3a0f9e08d921,2026-02-27,2026-02,Honorarios Estudio Contable -Zeled SA 01/2026,150000.0,,Efectivo,Estimado,matriz_historica,revisar,7d540775-8719-4ead-991c-9055dd764fef,d5d2b619-687e-46f2-b516-f2b3ac4d0301,Gasto sin comprobante,,ARS,f,"Falta: empresa, subrubro, centro_costo, tipo_egreso | Requiere revisión manual para gestión.",20260227|ZELED SA|GASTO SIN COMPROBANTE|150.000
8285a64e-fcec-4161-afd1-c60c44252a69,2026-03-02,2026-03,Gastos bancarios 03/2026,65000.0,,Débito Automático,Estimado,matriz_historica,revisar,c79a1013-b175-4b93-ba18-e69908201cee,00973821-e775-4164-8183-22f645d4aad6,Gasto sin comprobante,,ARS,f,"Falta: empresa, subrubro, centro_costo, tipo_egreso | Requiere revisión manual para gestión.",20260302|AI BLOCK TECHNOLOGIES SRL|GASTO SIN COMPROBANTE|65.000
a0682eaa-19e1-4d2c-9872-3b8878df7c2e,2026-03-02,2026-03,Gastos bancarios 03/2026,65000.0,,Débito Automático,Estimado,matriz_historica,revisar,c79a1013-b175-4b93-ba18-e69908201cee,5d1b320a-cfc6-491b-bccf-cb4ee397b256,Gasto sin comprobante,,ARS,f,"Falta: empresa, subrubro, centro_costo, tipo_egreso | Requiere revisión manual para gestión.",20260302|AKAI SA|GASTO SIN COMPROBANTE|65.000
c3cb81ad-d626-4c78-814f-5d3dfe6961d8,2026-03-02,2026-03,Gastos bancarios 03/2026,65000.0,,Débito Automático,Estimado,matriz_historica,revisar,c79a1013-b175-4b93-ba18-e69908201cee,2d1f2a4e-e4f8-4327-9230-7ee2cc10e352,Gasto sin comprobante,,ARS,f,"Falta: empresa, subrubro, centro_costo, tipo_egreso | Requiere revisión manual para gestión.",20260302|ARGENGRAFT SRL|GASTO SIN COMPROBANTE|65.000
eabee3f4-00a6-4a5f-8151-5bdf2eb30685,2026-03-02,2026-03,Gastos bancarios 03/2026,65000.0,,Débito Automático,Estimado,matriz_historica,revisar,c79a1013-b175-4b93-ba18-e69908201cee,ae87331f-e6ad-4dc6-ac13-8affd74e6018,Gasto sin comprobante,,ARS,f,"Falta: empresa, subrubro, centro_costo, tipo_egreso | Requiere revisión manual para gestión.",20260302|CAPITAL ASSISTANCE SA|GASTO SIN COMPROBANTE|65.000
930c4962-0007-4d2c-9ae3-02d928591291,2026-03-02,2026-03,Gastos bancarios 03/2026,65000.0,,Débito Automático,Estimado,matriz_historica,revisar,c79a1013-b175-4b93-ba18-e69908201cee,67fac871-99ff-4c10-8001-fe2a398c1763,Gasto sin comprobante,,ARS,f,"Falta: empresa, subrubro, centro_costo, tipo_egreso | Requiere revisión manual para gestión.",20260302|ENVECO SRL|GASTO SIN COMPROBANTE|65.000
1f700a3c-d8b6-485b-ac3b-7b20dc88b89a,2026-03-02,2026-03,Sueldo 2da Quincena 02/2026 (Recibo) - Cordoba Mauro,460764.16,,Transferencia Bancaria,Estimado,matriz_historica,revisar,3afe9fbe-11f8-43b3-b28e-a6ae0aff1093,00973821-e775-4164-8183-22f645d4aad6,Gasto sin comprobante,,ARS,f,"Falta: empresa, subrubro, centro_costo, tipo_egreso | Gasto operativo mensual.",20260302|AI BLOCK TECHNOLOGIES SRL|GASTO SIN COMPROBANTE|460.764
c53bb457-45f3-40f9-857d-c8eef690ac4c,2026-03-02,2026-03,Sueldo 2da Quincena 02/2026 (Recibo) - Gallo Gonzalo,644953.92,,Transferencia Bancaria,Estimado,matriz_historica,revisar,3afe9fbe-11f8-43b3-b28e-a6ae0aff1093,00973821-e775-4164-8183-22f645d4aad6,Gasto sin comprobante,,ARS,f,"Falta: empresa, subrubro, centro_costo, tipo_egreso | Gasto operativo mensual.",20260302|AI BLOCK TECHNOLOGIES SRL|GASTO SIN COMPROBANTE|644.954
bc9b0a8e-c3f1-4d16-bf77-de71817d6652,2026-03-02,2026-03,Sueldo 2da Quincena 02/2026 (Recibo) - Maidana Alexis Josias,695981.76,,Transferencia Bancaria,Estimado,matriz_historica,revisar,3afe9fbe-11f8-43b3-b28e-a6ae0aff1093,00973821-e775-4164-8183-22f645d4aad6,Gasto sin comprobante,,ARS,f,"Falta: empresa, subrubro, centro_costo, tipo_egreso | Gasto operativo mensual.",20260302|AI BLOCK TECHNOLOGIES SRL|GASTO SIN COMPROBANTE|695.982
b429e6a3-9c4e-4251-ab53-7ec5b1ea6e69,2026-03-02,2026-03,Sueldo 2da Quincena 02/2026 (Recibo) - Maldonado Rodolfo,559489.92,,Transferencia Bancaria,Estimado,matriz_historica,revisar,3afe9fbe-11f8-43b3-b28e-a6ae0aff1093,00973821-e775-4164-8183-22f645d4aad6,Gasto sin comprobante,,ARS,f,"Falta: empresa, subrubro, centro_costo, tipo_egreso | Gasto operativo mensual.",20260302|AI BLOCK TECHNOLOGIES SRL|GASTO SIN COMPROBANTE|559.490
1b55644d-db6f-43a0-9e30-8acb6689734e,2026-03-02,2026-03,Sueldo 2da Quincena 02/2026 (Recibo) - Monzon Hugo,650564.16,,Transferencia Bancaria,Estimado,matriz_historica,revisar,3afe9fbe-11f8-43b3-b28e-a6ae0aff1093,00973821-e775-4164-8183-22f645d4aad6,Gasto sin comprobante,,ARS,f,"Falta: empresa, subrubro, centro_costo, tipo_egreso | Gasto operativo mensual.",20260302|AI BLOCK TECHNOLOGIES SRL|GASTO SIN COMPROBANTE|650.564
db23bf68-60e9-4f47-ac57-517f0b2ac98c,2026-03-02,2026-03,Sueldo 2da Quincena 02/2026 (Recibo) - Nahuel Insaurralde,550564.16,,Transferencia Bancaria,Estimado,matriz_historica,revisar,3afe9fbe-11f8-43b3-b28e-a6ae0aff1093,00973821-e775-4164-8183-22f645d4aad6,Gasto sin comprobante,,ARS,f,"Falta: empresa, subrubro, centro_costo, tipo_egreso | Gasto operativo mensual.",20260302|AI BLOCK TECHNOLOGIES SRL|GASTO SIN COMPROBANTE|550.564
01dbc16d-53b5-4a89-9980-e1564844f88c,2026-03-02,2026-03,Sueldo 2da Quincena 02/2026 (Recibo) - Oliva Matias,644953.92,,Transferencia Bancaria,Estimado,matriz_historica,revisar,3afe9fbe-11f8-43b3-b28e-a6ae0aff1093,00973821-e775-4164-8183-22f645d4aad6,Gasto sin comprobante,,ARS,f,"Falta: empresa, subrubro, centro_costo, tipo_egreso | Gasto operativo mensual.",20260302|AI BLOCK TECHNOLOGIES SRL|GASTO SIN COMPROBANTE|644.954
349bed1e-992f-4c5e-a6a2-d5e8e6e7bda4,2026-03-02,2026-03,Sueldo 2da Quincena 02/2026 (Recibo) - Sepulveda Manuel,500564.16,,Transferencia Bancaria,Estimado,matriz_historica,revisar,3afe9fbe-11f8-43b3-b28e-a6ae0aff1093,00973821-e775-4164-8183-22f645d4aad6,Gasto sin comprobante,,ARS,f,"Falta: empresa, subrubro, centro_costo, tipo_egreso | Gasto operativo mensual.",20260302|AI BLOCK TECHNOLOGIES SRL|GASTO SIN COMPROBANTE|500.564
8ad8016f-4afb-416d-aacc-f523da7f24a8,2026-03-02,2026-03,Sueldo 2da Quincena 02/2026 (Recibo)- Gramajo Mauro,650564.16,,Transferencia Bancaria,Estimado,matriz_historica,revisar,3afe9fbe-11f8-43b3-b28e-a6ae0aff1093,00973821-e775-4164-8183-22f645d4aad6,Gasto sin comprobante,,ARS,f,"Falta: empresa, subrubro, centro_costo, tipo_egreso | Gasto operativo mensual.",20260302|AI BLOCK TECHNOLOGIES SRL|GASTO SIN COMPROBANTE|650.564
93ec55fe-219f-48f0-995b-5f451152195e,2026-03-02,2026-03,Sueldo 2da Quincena 02/2026 (Recibo)- Gutierrez Marcelo,695981.76,,Transferencia Bancaria,Estimado,matriz_historica,revisar,3afe9fbe-11f8-43b3-b28e-a6ae0aff1093,00973821-e775-4164-8183-22f645d4aad6,Gasto sin comprobante,,ARS,f,"Falta: empresa, subrubro, centro_costo, tipo_egreso | Gasto operativo mensual.",20260302|AI BLOCK TECHNOLOGIES SRL|GASTO SIN COMPROBANTE|695.982
4732b232-bfe8-4bf4-9bee-7c80a0914102,2026-03-02,2026-03,Sueldos 02/2026 Chaju Gabriel (Recibo),1113199.0,,Transferencia Bancaria,Estimado,matriz_historica,revisar,3afe9fbe-11f8-43b3-b28e-a6ae0aff1093,5d1b320a-cfc6-491b-bccf-cb4ee397b256,Gasto sin comprobante,,ARS,f,"Falta: empresa, subrubro, centro_costo, tipo_egreso | Gasto operativo mensual.",20260302|AKAI SA|GASTO SIN COMPROBANTE|1.113.199
5083ca44-1e59-43a3-9427-09b78e794b1b,2026-03-02,2026-03,Poliza vida colectivo,7713.0,,Débito Automático,Estimado,matriz_historica,revisar,3afe9fbe-11f8-43b3-b28e-a6ae0aff1093,2d1f2a4e-e4f8-4327-9230-7ee2cc10e352,Gasto sin comprobante,,ARS,f,"Falta: empresa, subrubro, centro_costo, tipo_egreso | Gasto operativo mensual.",20260302|ARGENGRAFT SRL|GASTO SIN COMPROBANTE|7.713
7a34d858-c085-4792-ac3e-ab76f3aeb3a4,2026-03-02,2026-03,Sueldo 02/2026 (Recibo) - Bernardis Maximiliano,549707.15,,Transferencia Bancaria,Estimado,matriz_historica,revisar,3afe9fbe-11f8-43b3-b28e-a6ae0aff1093,2d1f2a4e-e4f8-4327-9230-7ee2cc10e352,Gasto sin comprobante,,ARS,f,"Falta: empresa, subrubro, centro_costo, tipo_egreso | Gasto operativo mensual.",20260302|ARGENGRAFT SRL|GASTO SIN COMPROBANTE|549.707
1b7d4029-e5cd-4237-aefb-5b6da8807234,2026-03-02,2026-03,Sueldo 02/2026 (Recibo) - Araujo Sergio,733802.18,,Transferencia Bancaria,Estimado,matriz_historica,revisar,3afe9fbe-11f8-43b3-b28e-a6ae0aff1093,2d1f2a4e-e4f8-4327-9230-7ee2cc10e352,Gasto sin comprobante,,ARS,f,"Falta: empresa, subrubro, centro_costo, tipo_egreso | Gasto operativo mensual.",20260302|ARGENGRAFT SRL|GASTO SIN COMPROBANTE|733.802
a5459e1d-ab77-43a1-95f2-1f5f4f80e033,2026-03-02,2026-03,Aumento Deposito - Alquiler Burzaco,1750000.0,,Efectivo,Estimado,matriz_historica,revisar,8c386e63-369e-4890-bef9-2e4cae4f225e,2c118e4e-3848-4b55-8b25-ac23a8846c7f,Gasto sin comprobante,,ARS,f,"Falta: empresa, subrubro, centro_costo, tipo_egreso | Separar de alquiler recurrente para no distorsionar el mes.",20260302|NETSHARING SA|GASTO SIN COMPROBANTE|1.750.000
fbf7c7e2-bda2-406d-988f-8a10f9a69a6f,2026-03-02,2026-03,Honorarios Inmobiliaria,3360000.0,,Efectivo,Estimado,matriz_historica,revisar,7d540775-8719-4ead-991c-9055dd764fef,2c118e4e-3848-4b55-8b25-ac23a8846c7f,Gasto sin comprobante,,ARS,f,"Falta: empresa, subrubro, centro_costo, tipo_egreso | Requiere revisión manual para gestión.",20260302|NETSHARING SA|GASTO SIN COMPROBANTE|3.360.000
ca44ca4d-0431-43c2-8991-2319cbb3d37c,2026-03-02,2026-03,Sellado e Informes - Renovación Burzaco,704000.0,,Efectivo,Estimado,matriz_historica,revisar,7d540775-8719-4ead-991c-9055dd764fef,2c118e4e-3848-4b55-8b25-ac23a8846c7f,Gasto sin comprobante,,ARS,f,"Falta: empresa, subrubro, centro_costo, tipo_egreso | Requiere revisión manual para gestión.",20260302|NETSHARING SA|GASTO SIN COMPROBANTE|704.000
1a54e47f-253c-4d29-afde-cf402ba6317f,2026-03-02,2026-03,Poliza Capitan sarmiento incendio,35614.55,,Débito Automático,Estimado,matriz_historica,revisar,c79a1013-b175-4b93-ba18-e69908201cee,ae87331f-e6ad-4dc6-ac13-8affd74e6018,Gasto sin comprobante,,ARS,f,"Falta: empresa, subrubro, centro_costo, tipo_egreso | Requiere revisión manual para gestión.",20260302|CAPITAL ASSISTANCE SA|GASTO SIN COMPROBANTE|35.615
ef64ee4c-069c-432a-b8b5-f0558f59ccb7,2026-03-02,2026-03,Poliza Incendio Burzaco,210517.0,,Débito Automático,Estimado,matriz_historica,revisar,c79a1013-b175-4b93-ba18-e69908201cee,ae87331f-e6ad-4dc6-ac13-8affd74e6018,Gasto sin comprobante,,ARS,f,"Falta: empresa, subrubro, centro_costo, tipo_egreso | Requiere revisión manual para gestión.",20260302|CAPITAL ASSISTANCE SA|GASTO SIN COMPROBANTE|210.517
9a637fc7-187f-4286-a177-dba2c5de2918,2026-03-02,2026-03,Seguro Resp Civil,4076.0,,Débito Automático,Estimado,matriz_historica,revisar,c79a1013-b175-4b93-ba18-e69908201cee,ae87331f-e6ad-4dc6-ac13-8affd74e6018,Gasto sin comprobante,,ARS,f,"Falta: empresa, subrubro, centro_costo, tipo_egreso | Requiere revisión manual para gestión.",20260302|CAPITAL ASSISTANCE SA|GASTO SIN COMPROBANTE|4.076
b4568f1a-e0df-4c50-83bd-ed478a1392c1,2026-03-02,2026-03,Pago Sueldo 02/2026 (Recibo) - Acevedo Raul,708299.68,,Transferencia Bancaria,Estimado,matriz_historica,revisar,3afe9fbe-11f8-43b3-b28e-a6ae0aff1093,8160b26b-70a5-45df-b09f-98f2365f7b61,Gasto sin comprobante,,ARS,f,"Falta: empresa, subrubro, centro_costo, tipo_egreso | Gasto operativo mensual.",20260302|FIBER UP SA|GASTO SIN COMPROBANTE|708.300
71a90d81-4a0f-4069-a4b7-859f749cdc0e,2026-03-02,2026-03,Pago Sueldo 02/2026 (Recibo) - Hernandez Salazar Anais,547970.75,,Transferencia Bancaria,Estimado,matriz_historica,revisar,3afe9fbe-11f8-43b3-b28e-a6ae0aff1093,8160b26b-70a5-45df-b09f-98f2365f7b61,Gasto sin comprobante,,ARS,f,"Falta: empresa, subrubro, centro_costo, tipo_egreso | Gasto operativo mensual.",20260302|FIBER UP SA|GASTO SIN COMPROBANTE|547.971
296a45c4-b7c2-43e3-bc09-dc17590d1a6f,2026-03-02,2026-03,Pago Sueldo 02/2026 (Recibo) - Sanchez Agustin,708299.68,,Transferencia Bancaria,Estimado,matriz_historica,revisar,3afe9fbe-11f8-43b3-b28e-a6ae0aff1093,8160b26b-70a5-45df-b09f-98f2365f7b61,Gasto sin comprobante,,ARS,f,"Falta: empresa, subrubro, centro_costo, tipo_egreso | Gasto operativo mensual.",20260302|FIBER UP SA|GASTO SIN COMPROBANTE|708.300
77ce84c5-1e2c-4098-a447-d10d6ed91b98,2026-03-02,2026-03,Sueldo 02/2026 (Diferencial) - Hernandez Salazar Anais,840779.25,,Efectivo,Estimado,matriz_historica,revisar,3afe9fbe-11f8-43b3-b28e-a6ae0aff1093,8160b26b-70a5-45df-b09f-98f2365f7b61,Gasto sin comprobante,,ARS,f,"Falta: empresa, subrubro, centro_costo, tipo_egreso | Gasto operativo mensual.",20260302|FIBER UP SA|GASTO SIN COMPROBANTE|840.779
7dd28667-d000-45fa-ab11-affc623d653a,2026-03-02,2026-03,Gastos bancarios 03/2026,65000.0,,Débito Automático,Estimado,matriz_historica,revisar,c79a1013-b175-4b93-ba18-e69908201cee,8160b26b-70a5-45df-b09f-98f2365f7b61,Gasto sin comprobante,,ARS,f,"Falta: empresa, subrubro, centro_costo, tipo_egreso | Requiere revisión manual para gestión.",20260302|FIBER UP SA|GASTO SIN COMPROBANTE|65.000
0554468f-892a-4b48-beb6-85083f16cc2e,2026-03-02,2026-03,Gastos bancarios 03/2026,65000.0,,Débito Automático,Estimado,matriz_historica,revisar,c79a1013-b175-4b93-ba18-e69908201cee,d3df491b-f0f2-4b79-a73f-36fda5f2bba7,Gasto sin comprobante,,ARS,f,"Falta: empresa, subrubro, centro_costo, tipo_egreso | Requiere revisión manual para gestión.",20260302|LA EXPRESION SRL|GASTO SIN COMPROBANTE|65.000
6c195348-2f5c-45be-a29f-66a7ccf3e1bd,2026-03-02,2026-03,Gastos bancarios 03/2026,65000.0,,Débito Automático,Estimado,matriz_historica,revisar,c79a1013-b175-4b93-ba18-e69908201cee,d8bc0e6a-dee3-49cc-ab4a-6841af77c205,Gasto sin comprobante,,ARS,f,"Falta: empresa, subrubro, centro_costo, tipo_egreso | Requiere revisión manual para gestión.",20260302|LSJ SRL|GASTO SIN COMPROBANTE|65.000
d54b0351-c34b-4635-a65a-fbb7dfd1e2b8,2026-03-02,2026-03,Pago Sueldo 02/2026 (Recibo) - Grimalde Lucas,1404910.0,,Transferencia Bancaria,Estimado,matriz_historica,revisar,3afe9fbe-11f8-43b3-b28e-a6ae0aff1093,a3831295-0538-40ff-b912-e8cc361d16fc,Gasto sin comprobante,,ARS,f,"Falta: empresa, subrubro, centro_costo, tipo_egreso | Gasto operativo mensual.",20260302|MORA CERO SA|GASTO SIN COMPROBANTE|1.404.910
ffed2ff4-5e3f-4bbc-b818-bc06761ffe89,2026-03-02,2026-03,Pago Sueldo 02/2026 (Recibo)- Sucheyre Delfina,764623.44,,Transferencia Bancaria,Estimado,matriz_historica,revisar,3afe9fbe-11f8-43b3-b28e-a6ae0aff1093,a3831295-0538-40ff-b912-e8cc361d16fc,Gasto sin comprobante,,ARS,f,"Falta: empresa, subrubro, centro_costo, tipo_egreso | Gasto operativo mensual.",20260302|MORA CERO SA|GASTO SIN COMPROBANTE|764.623
1b9d1bb0-5054-4072-92e6-1380b53f1af0,2026-03-02,2026-03,Sueldo 02/2026 (Diferencial) - Sucheyre Delfina,763001.56,,Efectivo,Estimado,matriz_historica,revisar,3afe9fbe-11f8-43b3-b28e-a6ae0aff1093,a3831295-0538-40ff-b912-e8cc361d16fc,Gasto sin comprobante,,ARS,f,"Falta: empresa, subrubro, centro_costo, tipo_egreso | Gasto operativo mensual.",20260302|MORA CERO SA|GASTO SIN COMPROBANTE|763.002
0972612a-e495-4c6d-9a09-1d20d6043af0,2026-03-02,2026-03,Gastos bancarios 03/2026,65000.0,,Débito Automático,Estimado,matriz_historica,revisar,c79a1013-b175-4b93-ba18-e69908201cee,a3831295-0538-40ff-b912-e8cc361d16fc,Gasto sin comprobante,,ARS,f,"Falta: empresa, subrubro, centro_costo, tipo_egreso | Requiere revisión manual para gestión.",20260302|MORA CERO SA|GASTO SIN COMPROBANTE|65.000
ac8f0b5d-3faa-4412-95a9-e759bc088fa9,2026-03-02,2026-03,Abono mensual BircleAI - Febrero 2026,1955325.0,,Efectivo,Estimado,matriz_historica,revisar,bee3671b-e640-4c7b-b015-5d2ace3a2cf4,2c118e4e-3848-4b55-8b25-ac23a8846c7f,Gasto sin comprobante,,ARS,f,"Falta: empresa, subrubro, centro_costo, tipo_egreso | Requiere revisión manual para gestión.",20260302|NETSHARING SA|GASTO SIN COMPROBANTE|1.955.325
9d50340e-53c6-401d-856b-b0cca9ad30c9,2026-03-02,2026-03,Radares Logans mensual,184462.77,,Débito Automático,Estimado,matriz_historica,revisar,f457200b-42b2-4dd7-8d1e-7912fd4592e3,2c118e4e-3848-4b55-8b25-ac23a8846c7f,Gasto sin comprobante,,ARS,f,"Falta: empresa, subrubro, centro_costo, tipo_egreso | Requiere revisión manual para gestión.",20260302|NETSHARING SA|GASTO SIN COMPROBANTE|184.463
3d2d16c4-61d8-4b94-b44c-3ca8460ffd41,2026-03-02,2026-03,Publicidad Radio - Capitan Sarmiento,101900.0,,Efectivo,Estimado,matriz_historica,revisar,bee3671b-e640-4c7b-b015-5d2ace3a2cf4,2c118e4e-3848-4b55-8b25-ac23a8846c7f,Gasto sin comprobante,,ARS,f,"Falta: empresa, subrubro, centro_costo, tipo_egreso | Requiere revisión manual para gestión.",20260302|NETSHARING SA|GASTO SIN COMPROBANTE|101.900
e83e00f0-5b43-4f04-a485-8f629b695adc,2026-03-02,2026-03,IPSERVICES Echeq - Echeq 01 de 06,4895814.0,,ECHEQ,Estimado,matriz_historica,revisar,802af493-2f23-4d62-becc-e13951069416,2c118e4e-3848-4b55-8b25-ac23a8846c7f,Gasto sin comprobante,,ARS,f,"Falta: empresa, subrubro, centro_costo, tipo_egreso | Compra de equipos; no impactar como gasto operativo mensual.",20260302|NETSHARING SA|GASTO SIN COMPROBANTE|4.895.814
12d26e5b-1b4a-454d-9d41-04585773a108,2026-03-02,2026-03,IPSERVICES Echeq - Echeq 03 de 05,2791590.8,,ECHEQ,Estimado,matriz_historica,revisar,802af493-2f23-4d62-becc-e13951069416,2c118e4e-3848-4b55-8b25-ac23a8846c7f,Gasto sin comprobante,,ARS,f,"Falta: empresa, subrubro, centro_costo, tipo_egreso | Compra de equipos; no impactar como gasto operativo mensual.",20260302|NETSHARING SA|GASTO SIN COMPROBANTE|2.791.591
bab80736-701c-4036-8c7b-9c083c8e9d9c,2026-03-02,2026-03,Limpieza Capitan Sarmiento,120000.0,,Transferencia Bancaria,Estimado,matriz_historica,revisar,3afe9fbe-11f8-43b3-b28e-a6ae0aff1093,2c118e4e-3848-4b55-8b25-ac23a8846c7f,Gasto sin comprobante,,ARS,f,"Falta: empresa, subrubro, centro_costo, tipo_egreso | Gasto operativo mensual.",20260302|NETSHARING SA|GASTO SIN COMPROBANTE|120.000
b921b278-4888-4de0-8fe8-a86366faea58,2026-03-02,2026-03,Sueldo 02/2026 - Bottan Luciana,3572800.0,,Efectivo,Estimado,matriz_historica,revisar,3afe9fbe-11f8-43b3-b28e-a6ae0aff1093,2c118e4e-3848-4b55-8b25-ac23a8846c7f,Gasto sin comprobante,,ARS,f,"Falta: empresa, subrubro, centro_costo, tipo_egreso | Gasto operativo mensual.",20260302|NETSHARING SA|GASTO SIN COMPROBANTE|3.572.800
14bd1c5e-8cfc-4bda-b827-47d988d05a6e,2026-03-05,2026-03,Previsión compra de Chasis EXW (2 unidades),1286236.0,,Efectivo,Estimado,matriz_historica,revisar,a336e8d0-8010-44ae-8987-971a75fed288,2c118e4e-3848-4b55-8b25-ac23a8846c7f,Gasto sin comprobante,,ARS,f,"Falta: empresa, subrubro, centro_costo, tipo_egreso | Requiere revisión manual para gestión.",20260305|NETSHARING SA|GASTO SIN COMPROBANTE|1.286.236
5cc9ed54-6a6e-4992-8bd7-9d8ef931e340,2026-03-05,2026-03,Previsión compra de Rectificador (2 unidades),357840.0,,Efectivo,Estimado,matriz_historica,revisar,a336e8d0-8010-44ae-8987-971a75fed288,2c118e4e-3848-4b55-8b25-ac23a8846c7f,Gasto sin comprobante,,ARS,f,"Falta: empresa, subrubro, centro_costo, tipo_egreso | Requiere revisión manual para gestión.",20260305|NETSHARING SA|GASTO SIN COMPROBANTE|357.840
d819f6ef-8d08-45dc-92e5-86b20f0af780,2026-03-05,2026-03,Previsión Flete,1420000.0,,Efectivo,Estimado,matriz_historica,revisar,a336e8d0-8010-44ae-8987-971a75fed288,2c118e4e-3848-4b55-8b25-ac23a8846c7f,Gasto sin comprobante,,ARS,f,"Falta: empresa, subrubro, centro_costo, tipo_egreso | Requiere revisión manual para gestión.",20260305|NETSHARING SA|GASTO SIN COMPROBANTE|1.420.000
6c93f720-c0e0-4808-9bc4-6ee4f91a51e3,2026-03-05,2026-03,Previsión compra de Placas (14 unidades),15267840.0,,Efectivo,Estimado,matriz_historica,revisar,a336e8d0-8010-44ae-8987-971a75fed288,2c118e4e-3848-4b55-8b25-ac23a8846c7f,Gasto sin comprobante,,ARS,f,"Falta: empresa, subrubro, centro_costo, tipo_egreso | Requiere revisión manual para gestión.",20260305|NETSHARING SA|GASTO SIN COMPROBANTE|15.267.840
035b960e-4ef2-45e4-bedc-3b57a2055934,2026-03-02,2026-03,Sueldo 02/2026 (Diferencial) - Carballo Ariel,796240.23,,Efectivo,Estimado,matriz_historica,revisar,3afe9fbe-11f8-43b3-b28e-a6ae0aff1093,2c118e4e-3848-4b55-8b25-ac23a8846c7f,Gasto sin comprobante,,ARS,f,"Falta: empresa, subrubro, centro_costo, tipo_egreso | Gasto operativo mensual.",20260302|NETSHARING SA|GASTO SIN COMPROBANTE|796240.23
cc967ef6-2416-47aa-9fa7-c8627672f952,2026-03-02,2026-03,Sueldo 02/2026 (Diferencial) - Chung Julio,2686600.0,,Efectivo,Estimado,matriz_historica,revisar,3afe9fbe-11f8-43b3-b28e-a6ae0aff1093,2c118e4e-3848-4b55-8b25-ac23a8846c7f,Gasto sin comprobante,,ARS,f,"Falta: empresa, subrubro, centro_costo, tipo_egreso | Gasto operativo mensual.",20260302|NETSHARING SA|GASTO SIN COMPROBANTE|2.686.600
b686c29e-16d6-495f-ab7a-a23ce4086c24,2026-03-02,2026-03,Sueldo 02/2026 (Diferencial) - Couselo Julio,2225000.0,,Efectivo,Estimado,matriz_historica,revisar,3afe9fbe-11f8-43b3-b28e-a6ae0aff1093,2c118e4e-3848-4b55-8b25-ac23a8846c7f,Gasto sin comprobante,,ARS,f,"Falta: empresa, subrubro, centro_costo, tipo_egreso | Gasto operativo mensual.",20260302|NETSHARING SA|GASTO SIN COMPROBANTE|2.225.000
f264cc93-dd28-4a83-b2bb-cd34ee2c532d,2026-03-03,2026-03,Sueldo 02/2026 (Diferencial) - Fiorante Camila (CS),476800.95,,Efectivo,Estimado,matriz_historica,revisar,3afe9fbe-11f8-43b3-b28e-a6ae0aff1093,2c118e4e-3848-4b55-8b25-ac23a8846c7f,Gasto sin comprobante,,ARS,f,"Falta: empresa, subrubro, centro_costo, tipo_egreso | Gasto operativo mensual.",20260303|NETSHARING SA|GASTO SIN COMPROBANTE|476.801
5d35a533-b173-4280-9462-adbff36470d6,2026-03-02,2026-03,Sueldo 02/2026 (Recibo) - Sacco Alexis,858500.0,,Transferencia Bancaria,Estimado,matriz_historica,revisar,3afe9fbe-11f8-43b3-b28e-a6ae0aff1093,2c118e4e-3848-4b55-8b25-ac23a8846c7f,Gasto sin comprobante,,ARS,f,"Falta: empresa, subrubro, centro_costo, tipo_egreso | Gasto operativo mensual.",20260302|NETSHARING SA|GASTO SIN COMPROBANTE|858.500
e514b3f6-de6f-4788-a136-d3d4988bee04,2026-03-02,2026-03,Sueldo 02/2026 (Recibo) - Benitez Alejandro,753957.39,,Transferencia Bancaria,Estimado,matriz_historica,revisar,3afe9fbe-11f8-43b3-b28e-a6ae0aff1093,2c118e4e-3848-4b55-8b25-ac23a8846c7f,Gasto sin comprobante,,ARS,f,"Falta: empresa, subrubro, centro_costo, tipo_egreso | Gasto operativo mensual.",20260302|NETSHARING SA|GASTO SIN COMPROBANTE|753.957
a647a41f-bef6-49a5-97e9-4fa5a7357453,2026-03-02,2026-03,Sueldo 02/2026 (Recibo) - Carballo Ariel,759159.77,,Transferencia Bancaria,Estimado,matriz_historica,revisar,3afe9fbe-11f8-43b3-b28e-a6ae0aff1093,2c118e4e-3848-4b55-8b25-ac23a8846c7f,Gasto sin comprobante,,ARS,f,"Falta: empresa, subrubro, centro_costo, tipo_egreso | Gasto operativo mensual.",20260302|NETSHARING SA|GASTO SIN COMPROBANTE|759.160
1faa750f-b51e-45ce-b71b-71a14767d829,2026-03-02,2026-03,Sueldo 02/2026 (Recibo) - Cavicchia Juan Jose,521027.81,,Transferencia Bancaria,Estimado,matriz_historica,revisar,3afe9fbe-11f8-43b3-b28e-a6ae0aff1093,2c118e4e-3848-4b55-8b25-ac23a8846c7f,Gasto sin comprobante,,ARS,f,"Falta: empresa, subrubro, centro_costo, tipo_egreso | Gasto operativo mensual.",20260302|NETSHARING SA|GASTO SIN COMPROBANTE|521.028
e348b68f-df6a-47a6-9dee-89875d8c5ef7,2026-03-02,2026-03,Sueldo 02/2026 (Recibo) - Chung Taquia Julio,1313000.0,,Transferencia Bancaria,Estimado,matriz_historica,revisar,3afe9fbe-11f8-43b3-b28e-a6ae0aff1093,2c118e4e-3848-4b55-8b25-ac23a8846c7f,Gasto sin comprobante,,ARS,f,"Falta: empresa, subrubro, centro_costo, tipo_egreso | Gasto operativo mensual.",20260302|NETSHARING SA|GASTO SIN COMPROBANTE|1.313.000
32d6eb1e-be36-41ae-af25-24cb1aff3d6f,2026-03-02,2026-03,Sueldo 02/2026 (Recibo) - Couselo Julio,1075000.0,,Transferencia Bancaria,Estimado,matriz_historica,revisar,3afe9fbe-11f8-43b3-b28e-a6ae0aff1093,2c118e4e-3848-4b55-8b25-ac23a8846c7f,Gasto sin comprobante,,ARS,f,"Falta: empresa, subrubro, centro_costo, tipo_egreso | Gasto operativo mensual.",20260302|NETSHARING SA|GASTO SIN COMPROBANTE|1.075.000
29049258-a03f-45cf-858d-87eca595fbf5,2026-03-02,2026-03,Sueldo 02/2026 (Recibo) - Fiorante Camila,723199.05,,Transferencia Bancaria,Estimado,matriz_historica,revisar,3afe9fbe-11f8-43b3-b28e-a6ae0aff1093,2c118e4e-3848-4b55-8b25-ac23a8846c7f,Gasto sin comprobante,,ARS,f,"Falta: empresa, subrubro, centro_costo, tipo_egreso | Gasto operativo mensual.",20260302|NETSHARING SA|GASTO SIN COMPROBANTE|723.199
0fdf7ba4-7eae-4a68-bd7a-7426bd7b5e38,2026-03-02,2026-03,Sueldo 02/2026 (Recibo) - Gomez Camila Ayelen,535392.44,,Transferencia Bancaria,Estimado,matriz_historica,revisar,3afe9fbe-11f8-43b3-b28e-a6ae0aff1093,2c118e4e-3848-4b55-8b25-ac23a8846c7f,Gasto sin comprobante,,ARS,f,"Falta: empresa, subrubro, centro_costo, tipo_egreso | Gasto operativo mensual.",20260302|NETSHARING SA|GASTO SIN COMPROBANTE|535.392
ef0fae92-3f8c-4a6c-a06a-20430b7c4137,2026-03-02,2026-03,Sueldo 02/2026 (Recibo) - La Cruz Victor,521027.81,,Transferencia Bancaria,Estimado,matriz_historica,revisar,3afe9fbe-11f8-43b3-b28e-a6ae0aff1093,2c118e4e-3848-4b55-8b25-ac23a8846c7f,Gasto sin comprobante,,ARS,f,"Falta: empresa, subrubro, centro_costo, tipo_egreso | Gasto operativo mensual.",20260302|NETSHARING SA|GASTO SIN COMPROBANTE|521.028
a76b44c3-8982-451c-8ce4-1bf7827283a8,2026-03-02,2026-03,Sueldo 02/2026 (Recibo) - Quipildor Aylen,535492.44,,Transferencia Bancaria,Estimado,matriz_historica,revisar,3afe9fbe-11f8-43b3-b28e-a6ae0aff1093,2c118e4e-3848-4b55-8b25-ac23a8846c7f,Gasto sin comprobante,,ARS,f,"Falta: empresa, subrubro, centro_costo, tipo_egreso | Gasto operativo mensual.",20260302|NETSHARING SA|GASTO SIN COMPROBANTE|535.492
1cd18490-59c4-4c2d-b2dd-554a8a855604,2026-03-02,2026-03,Sueldo 02/2026 (Recibo) - Vega Camila,1110000.0,,Transferencia Bancaria,Estimado,matriz_historica,revisar,3afe9fbe-11f8-43b3-b28e-a6ae0aff1093,2c118e4e-3848-4b55-8b25-ac23a8846c7f,Gasto sin comprobante,,ARS,f,"Falta: empresa, subrubro, centro_costo, tipo_egreso | Gasto operativo mensual.",20260302|NETSHARING SA|GASTO SIN COMPROBANTE|1.110.000
727e1ad3-ef76-4438-9075-e44f18b1300d,2026-03-02,2026-03,Gastos bancarios 03/2026,65000.0,,Débito Automático,Estimado,matriz_historica,revisar,c79a1013-b175-4b93-ba18-e69908201cee,0a184561-fd10-43ac-9fab-2d691a0ab10a,Gasto sin comprobante,,ARS,f,"Falta: empresa, subrubro, centro_costo, tipo_egreso | Requiere revisión manual para gestión.",20260302|PERMAWE SRL|GASTO SIN COMPROBANTE|65.000
5a6d52f8-36cb-41e2-9878-18c569314db0,2026-03-02,2026-03,Gastos bancarios 03/2026,65000.0,,Débito Automático,Estimado,matriz_historica,revisar,c79a1013-b175-4b93-ba18-e69908201cee,ca6aa897-f6de-4ef0-aaaf-03b48d6707b4,Gasto sin comprobante,,ARS,f,"Falta: empresa, subrubro, centro_costo, tipo_egreso | Requiere revisión manual para gestión.",20260302|SINAPSIS CONNECT SRL|GASTO SIN COMPROBANTE|65.000
be72de2d-4f4a-4efc-9c6b-e9c8f700f182,2026-03-02,2026-03,Gastos bancarios 03/2026,65000.0,,Débito Automático,Estimado,matriz_historica,revisar,c79a1013-b175-4b93-ba18-e69908201cee,169b39f8-5b5d-4ca9-8480-43acc4095b49,Gasto sin comprobante,,ARS,f,"Falta: empresa, subrubro, centro_costo, tipo_egreso | Requiere revisión manual para gestión.",20260302|SINDEL GROUP SRL|GASTO SIN COMPROBANTE|65.000
8a73fd1d-b6e3-4841-a509-2e31cb37f557,2026-03-02,2026-03,Pago Sueldo 02/2026 (Recibo) - Perez Lucas,705407.14,,Transferencia Bancaria,Estimado,matriz_historica,revisar,3afe9fbe-11f8-43b3-b28e-a6ae0aff1093,412f3f61-3312-4bb0-ae19-e3b789145d6c,Gasto sin comprobante,,ARS,f,"Falta: empresa, subrubro, centro_costo, tipo_egreso | Gasto operativo mensual.",20260302|TOOLS SOLUTION SA|GASTO SIN COMPROBANTE|705.407
e39c608a-2664-4dc9-953b-81afebc7022b,2026-03-02,2026-03,Poliza vida colectivo,397.0,,Débito Automático,Estimado,matriz_historica,revisar,3afe9fbe-11f8-43b3-b28e-a6ae0aff1093,412f3f61-3312-4bb0-ae19-e3b789145d6c,Gasto sin comprobante,,ARS,f,"Falta: empresa, subrubro, centro_costo, tipo_egreso | Gasto operativo mensual.",20260302|TOOLS SOLUTION SA|GASTO SIN COMPROBANTE|397
bfa4e828-47c9-4ad7-a3cf-5fcccb3fafcc,2026-03-02,2026-03,Gastos bancarios 03/2026,65000.0,,Débito Automático,Estimado,matriz_historica,revisar,c79a1013-b175-4b93-ba18-e69908201cee,412f3f61-3312-4bb0-ae19-e3b789145d6c,Gasto sin comprobante,,ARS,f,"Falta: empresa, subrubro, centro_costo, tipo_egreso | Requiere revisión manual para gestión.",20260302|TOOLS SOLUTION SA|GASTO SIN COMPROBANTE|65.000
f01d1e6d-ac40-4d95-8874-012d2d1ec156,2026-03-02,2026-03,Gastos bancarios 03/2026,65000.0,,Débito Automático,Estimado,matriz_historica,revisar,c79a1013-b175-4b93-ba18-e69908201cee,d5d2b619-687e-46f2-b516-f2b3ac4d0301,Gasto sin comprobante,,ARS,f,"Falta: empresa, subrubro, centro_costo, tipo_egreso | Requiere revisión manual para gestión.",20260302|ZELED SA|GASTO SIN COMPROBANTE|65.000
86643732-12a8-4123-9b38-df87735d0235,2026-03-03,2026-03,Pago alquiler 02/2026 - Gramajo Mauro,250000.0,,Efectivo,Estimado,matriz_historica,revisar,8c386e63-369e-4890-bef9-2e4cae4f225e,00973821-e775-4164-8183-22f645d4aad6,Gasto sin comprobante,,ARS,f,"Falta: empresa, subrubro, centro_costo, tipo_egreso | Gasto operativo de inmueble.",20260303|AI BLOCK TECHNOLOGIES SRL|GASTO SIN COMPROBANTE|250.000
9cc858d1-abdc-47d4-b6ca-b1bfcc012468,2026-03-03,2026-03,Guardias 02/2026 - Cordoba Mauro (estimadas),90000.0,,Efectivo,Estimado,matriz_historica,revisar,3afe9fbe-11f8-43b3-b28e-a6ae0aff1093,00973821-e775-4164-8183-22f645d4aad6,Gasto sin comprobante,,ARS,f,"Falta: empresa, subrubro, centro_costo, tipo_egreso | Gasto operativo mensual.",20260303|AI BLOCK TECHNOLOGIES SRL|GASTO SIN COMPROBANTE|90.000
ab932605-0f69-418c-af73-d1b171b0b108,2026-03-03,2026-03,Guardias 02/2026 - Gallo Gonzalo (estimadas),90000.0,,Efectivo,Estimado,matriz_historica,revisar,3afe9fbe-11f8-43b3-b28e-a6ae0aff1093,00973821-e775-4164-8183-22f645d4aad6,Gasto sin comprobante,,ARS,f,"Falta: empresa, subrubro, centro_costo, tipo_egreso | Gasto operativo mensual.",20260303|AI BLOCK TECHNOLOGIES SRL|GASTO SIN COMPROBANTE|90.000
7d787c32-2da3-4fce-8a7d-733d054ea6ae,2026-03-03,2026-03,Guardias 02/2026 - Maldonado Rodolfo (estimadas),90000.0,,Efectivo,Estimado,matriz_historica,revisar,3afe9fbe-11f8-43b3-b28e-a6ae0aff1093,00973821-e775-4164-8183-22f645d4aad6,Gasto sin comprobante,,ARS,f,"Falta: empresa, subrubro, centro_costo, tipo_egreso | Gasto operativo mensual.",20260303|AI BLOCK TECHNOLOGIES SRL|GASTO SIN COMPROBANTE|90.000
8a756318-6bda-4782-bf4b-bc473e5f59fd,2026-03-03,2026-03,Guardias 02/2026 - Monzon Hugo (estimadas),90000.0,,Efectivo,Estimado,matriz_historica,revisar,3afe9fbe-11f8-43b3-b28e-a6ae0aff1093,00973821-e775-4164-8183-22f645d4aad6,Gasto sin comprobante,,ARS,f,"Falta: empresa, subrubro, centro_costo, tipo_egreso | Gasto operativo mensual.",20260303|AI BLOCK TECHNOLOGIES SRL|GASTO SIN COMPROBANTE|90.000
70f49eb2-9eed-44c0-8db3-c9e2b39e669c,2026-03-03,2026-03,Guardias 02/2026 - Nahuel Insaurralde (estimadas),90000.0,,Efectivo,Estimado,matriz_historica,revisar,3afe9fbe-11f8-43b3-b28e-a6ae0aff1093,00973821-e775-4164-8183-22f645d4aad6,Gasto sin comprobante,,ARS,f,"Falta: empresa, subrubro, centro_costo, tipo_egreso | Gasto operativo mensual.",20260303|AI BLOCK TECHNOLOGIES SRL|GASTO SIN COMPROBANTE|90.000
5aa9245e-da56-43f6-b0a0-d40ac091fdc5,2026-03-03,2026-03,Guardias 02/2026 - Oliva Matias (estimadas),90000.0,,Efectivo,Estimado,matriz_historica,revisar,3afe9fbe-11f8-43b3-b28e-a6ae0aff1093,00973821-e775-4164-8183-22f645d4aad6,Gasto sin comprobante,,ARS,f,"Falta: empresa, subrubro, centro_costo, tipo_egreso | Gasto operativo mensual.",20260303|AI BLOCK TECHNOLOGIES SRL|GASTO SIN COMPROBANTE|90.000
bf329c87-886c-41f7-a4c7-e75721e4fdd5,2026-03-03,2026-03,Guardias 02/2026- Gramajo Mauro (estimadas),90000.0,,Efectivo,Estimado,matriz_historica,revisar,3afe9fbe-11f8-43b3-b28e-a6ae0aff1093,00973821-e775-4164-8183-22f645d4aad6,Gasto sin comprobante,,ARS,f,"Falta: empresa, subrubro, centro_costo, tipo_egreso | Gasto operativo mensual.",20260303|AI BLOCK TECHNOLOGIES SRL|GASTO SIN COMPROBANTE|90.000
202218a3-d0d6-4499-889a-d75e898d98ee,2026-03-03,2026-03,Guardias 02/2026- Gutierrez Marcelo Alejandro (estimadas),90000.0,,Efectivo,Estimado,matriz_historica,revisar,3afe9fbe-11f8-43b3-b28e-a6ae0aff1093,00973821-e775-4164-8183-22f645d4aad6,Gasto sin comprobante,,ARS,f,"Falta: empresa, subrubro, centro_costo, tipo_egreso | Gasto operativo mensual.",20260303|AI BLOCK TECHNOLOGIES SRL|GASTO SIN COMPROBANTE|90.000
811e8ce3-a9f4-4ac8-8913-bbe8d4ad9ffb,2026-03-03,2026-03,Guardias 02/2026- Maidana Alexis Josias (estimadas),90000.0,,Efectivo,Estimado,matriz_historica,revisar,3afe9fbe-11f8-43b3-b28e-a6ae0aff1093,00973821-e775-4164-8183-22f645d4aad6,Gasto sin comprobante,,ARS,f,"Falta: empresa, subrubro, centro_costo, tipo_egreso | Gasto operativo mensual.",20260303|AI BLOCK TECHNOLOGIES SRL|GASTO SIN COMPROBANTE|90.000
a17eb57c-8fb4-4451-a790-1dd66c6ede1d,2026-03-03,2026-03,Guardias 02/2026- Sepulveda Manuel (estimadas),90000.0,,Efectivo,Estimado,matriz_historica,revisar,3afe9fbe-11f8-43b3-b28e-a6ae0aff1093,00973821-e775-4164-8183-22f645d4aad6,Gasto sin comprobante,,ARS,f,"Falta: empresa, subrubro, centro_costo, tipo_egreso | Gasto operativo mensual.",20260303|AI BLOCK TECHNOLOGIES SRL|GASTO SIN COMPROBANTE|90.000
ac7d1ca6-814f-4b27-a1d1-8492be5f44e2,2026-03-03,2026-03,Rep. FF Maximiliano Bernardis -,350000.0,,Efectivo,Estimado,matriz_historica,revisar,bb1c15ed-e9c2-4d30-a2b8-851a5f97297b,2d1f2a4e-e4f8-4327-9230-7ee2cc10e352,Gasto sin comprobante,,ARS,f,"Falta: empresa, subrubro, centro_costo, tipo_egreso | Abrir por comprobantes: combustible/viáticos OPEX; herramientas/materiales CAPEX.",20260303|ARGENGRAFT SRL|GASTO SIN COMPROBANTE|350.000
22647216-e1d5-4e08-894e-a0b617b383dc,2026-03-03,2026-03,Rep. FF Sergio Araujo -,250000.0,,Efectivo,Estimado,matriz_historica,revisar,bb1c15ed-e9c2-4d30-a2b8-851a5f97297b,2d1f2a4e-e4f8-4327-9230-7ee2cc10e352,Gasto sin comprobante,,ARS,f,"Falta: empresa, subrubro, centro_costo, tipo_egreso | Abrir por comprobantes: combustible/viáticos OPEX; herramientas/materiales CAPEX.",20260303|ARGENGRAFT SRL|GASTO SIN COMPROBANTE|250.000
458f1ca2-1f7d-4926-86f0-8340c78b37fc,2026-03-03,2026-03,Sueldo 02/2026 (Diferencial) - Araujo Sergio,638297.82,,Efectivo,Estimado,matriz_historica,revisar,3afe9fbe-11f8-43b3-b28e-a6ae0aff1093,2d1f2a4e-e4f8-4327-9230-7ee2cc10e352,Gasto sin comprobante,,ARS,f,"Falta: empresa, subrubro, centro_costo, tipo_egreso | Gasto operativo mensual.",20260303|ARGENGRAFT SRL|GASTO SIN COMPROBANTE|638.298
caebb070-e7e6-4111-a849-9ed42dd94726,2026-03-03,2026-03,Sueldo 02/2026 (Diferencial) - Bernardis Maximiliano,1227892.85,,Efectivo,Estimado,matriz_historica,revisar,3afe9fbe-11f8-43b3-b28e-a6ae0aff1093,2d1f2a4e-e4f8-4327-9230-7ee2cc10e352,Gasto sin comprobante,,ARS,f,"Falta: empresa, subrubro, centro_costo, tipo_egreso | Gasto operativo mensual.",20260303|ARGENGRAFT SRL|GASTO SIN COMPROBANTE|1.227.893
9adbf88d-cee1-4e4c-9a5b-0561d16e495a,2026-03-03,2026-03,Sueldo Enveco SRL - Piermartini Gabriel 02/2026,500000.0,,Efectivo,Estimado,matriz_historica,revisar,3afe9fbe-11f8-43b3-b28e-a6ae0aff1093,67fac871-99ff-4c10-8001-fe2a398c1763,Gasto sin comprobante,,ARS,f,"Falta: empresa, subrubro, centro_costo, tipo_egreso | Gasto operativo mensual.",20260303|ENVECO SRL|GASTO SIN COMPROBANTE|500.000
c9f2e532-aa04-4fbf-b183-522136d01ad4,2026-03-03,2026-03,Sueldo 02/2026 (Diferencial) - Sanchez Agustin,424920.32,,Efectivo,Estimado,matriz_historica,revisar,3afe9fbe-11f8-43b3-b28e-a6ae0aff1093,8160b26b-70a5-45df-b09f-98f2365f7b61,Gasto sin comprobante,,ARS,f,"Falta: empresa, subrubro, centro_costo, tipo_egreso | Gasto operativo mensual.",20260303|FIBER UP SA|GASTO SIN COMPROBANTE|424.920
58eaeef0-1ccf-402c-8c06-538770e502e7,2026-03-03,2026-03,Sueldo 02/2026 (Diferencial) - Acevedo Raul,1202620.32,,Efectivo,Estimado,matriz_historica,revisar,3afe9fbe-11f8-43b3-b28e-a6ae0aff1093,8160b26b-70a5-45df-b09f-98f2365f7b61,Gasto sin comprobante,,ARS,f,"Falta: empresa, subrubro, centro_costo, tipo_egreso | Gasto operativo mensual.",20260303|FIBER UP SA|GASTO SIN COMPROBANTE|1.202.620
43de96f6-7958-4799-8f85-c0654f008585,2026-03-03,2026-03,Sueldo 02/2026 - Rodriguez Ignacio,200000.0,,Efectivo,Estimado,matriz_historica,revisar,3afe9fbe-11f8-43b3-b28e-a6ae0aff1093,d8bc0e6a-dee3-49cc-ab4a-6841af77c205,Gasto sin comprobante,,ARS,f,"Falta: empresa, subrubro, centro_costo, tipo_egreso | Gasto operativo mensual.",20260303|LSJ SRL|GASTO SIN COMPROBANTE|200.000
ce662f61-6af0-482c-81d8-8ecaa7f00e22,2026-03-03,2026-03,Instalaciones - Antonio / Semana 23/02 - 28/02,720000.0,,Efectivo,Estimado,matriz_historica,revisar,8ac1dd5b-a9a7-4236-ae0d-85fa08133eaa,2c118e4e-3848-4b55-8b25-ac23a8846c7f,Gasto sin comprobante,,ARS,f,"Falta: empresa, subrubro, centro_costo, tipo_egreso | Requiere revisión manual para gestión.",20260303|NETSHARING SA|GASTO SIN COMPROBANTE|720.000
c40bccfe-6e5c-49f2-83c5-5bbe807b5309,2026-03-03,2026-03,Instalaciones - Gonzalo / Semana 23/02 - 28/02,648000.0,,Efectivo,Estimado,matriz_historica,revisar,8ac1dd5b-a9a7-4236-ae0d-85fa08133eaa,2c118e4e-3848-4b55-8b25-ac23a8846c7f,Gasto sin comprobante,,ARS,f,"Falta: empresa, subrubro, centro_costo, tipo_egreso | Requiere revisión manual para gestión.",20260303|NETSHARING SA|GASTO SIN COMPROBANTE|648.000
6df96640-da8e-48f7-98a7-31b14c462aa1,2026-03-03,2026-03,Instalaciones - José / Semana 23/02 - 28/02,872640.0,,Efectivo,Estimado,matriz_historica,revisar,8ac1dd5b-a9a7-4236-ae0d-85fa08133eaa,2c118e4e-3848-4b55-8b25-ac23a8846c7f,Gasto sin comprobante,,ARS,f,"Falta: empresa, subrubro, centro_costo, tipo_egreso | Requiere revisión manual para gestión.",20260303|NETSHARING SA|GASTO SIN COMPROBANTE|872.640
0c494f6e-7ee2-47c5-93da-110163c5eb74,2026-03-03,2026-03,Instalaciones - Maximiliano / Semana 23/02 - 28/02,720000.0,,Efectivo,Estimado,matriz_historica,revisar,8ac1dd5b-a9a7-4236-ae0d-85fa08133eaa,2c118e4e-3848-4b55-8b25-ac23a8846c7f,Gasto sin comprobante,,ARS,f,"Falta: empresa, subrubro, centro_costo, tipo_egreso | Requiere revisión manual para gestión.",20260303|NETSHARING SA|GASTO SIN COMPROBANTE|720.000
e62fb0c1-3319-4289-b20b-1b5b3647c59f,2026-03-03,2026-03,Retiro de ONU - Reconexión de ONU,42000.0,,Efectivo,Estimado,matriz_historica,revisar,8ac1dd5b-a9a7-4236-ae0d-85fa08133eaa,2c118e4e-3848-4b55-8b25-ac23a8846c7f,Gasto sin comprobante,,ARS,f,"Falta: empresa, subrubro, centro_costo, tipo_egreso | Regla definida: herramientas y materiales se clasifican como CAPEX.",20260303|NETSHARING SA|GASTO SIN COMPROBANTE|42.000
328f5caf-12ce-49c7-aa72-dad56e030866,2026-03-03,2026-03,Com. Ventas semanales Almirante Brown,50000.0,,Efectivo,Estimado,matriz_historica,revisar,6f678363-205a-4081-ae32-2d2a8999f5e2,2c118e4e-3848-4b55-8b25-ac23a8846c7f,Gasto sin comprobante,,ARS,f,"Falta: empresa, subrubro, centro_costo, tipo_egreso | Requiere revisión manual para gestión.",20260303|NETSHARING SA|GASTO SIN COMPROBANTE|50.000
ed83398e-aecc-4e5c-a23d-0c21e0d1c88a,2026-03-03,2026-03,Com. Ventas Mensuales Capitan Sarmiento 02/2026 ( estimado),150000.0,,Efectivo,Estimado,matriz_historica,revisar,6f678363-205a-4081-ae32-2d2a8999f5e2,2c118e4e-3848-4b55-8b25-ac23a8846c7f,Gasto sin comprobante,,ARS,f,"Falta: empresa, subrubro, centro_costo, tipo_egreso | Requiere revisión manual para gestión.",20260303|NETSHARING SA|GASTO SIN COMPROBANTE|150.000
ab210d30-872f-45ee-b8f3-583b2a7d9b7c,2026-03-03,2026-03,Com. Ventas quincenales Capitan Sarmiento 02/2026 - Marcelo / Gaspar (2da quincena),450000.0,,Efectivo,Estimado,matriz_historica,revisar,6f678363-205a-4081-ae32-2d2a8999f5e2,2c118e4e-3848-4b55-8b25-ac23a8846c7f,Gasto sin comprobante,,ARS,f,"Falta: empresa, subrubro, centro_costo, tipo_egreso | Requiere revisión manual para gestión.",20260303|NETSHARING SA|GASTO SIN COMPROBANTE|450.000
e227f90f-f8a5-4b2c-81c4-ab3ad9c6f1e1,2026-03-03,2026-03,Pago Mano de Obra - Etapa I,8000000.0,,Efectivo,Estimado,matriz_historica,revisar,e3df9d7b-9370-44e2-82e3-381be887ef77,2c118e4e-3848-4b55-8b25-ac23a8846c7f,Gasto sin comprobante,,ARS,f,"Falta: empresa, subrubro, centro_costo, tipo_egreso | Requiere revisión manual para gestión.",20260303|NETSHARING SA|GASTO SIN COMPROBANTE|8.000.000
eb879aaf-037f-4f66-97de-a02cb8f34848,2026-03-03,2026-03,Estudio SP FC - GDG,36183687.54,,Transferencia Bancaria,Estimado,matriz_historica,revisar,35b84597-b6c6-4da9-ba8c-d5cb02c5485f,2c118e4e-3848-4b55-8b25-ac23a8846c7f,Gasto sin comprobante,,ARS,f,"Falta: empresa, subrubro, centro_costo, tipo_egreso | Requiere revisión manual para gestión.",20260303|NETSHARING SA|GASTO SIN COMPROBANTE|36.183.688
62503c33-2e7e-4ead-b9df-cac4e65a9c2e,2026-03-03,2026-03,Honorarios - Marina Chabot Factura,500000.0,,Transferencia Bancaria,Estimado,matriz_historica,revisar,bee3671b-e640-4c7b-b015-5d2ace3a2cf4,2c118e4e-3848-4b55-8b25-ac23a8846c7f,Gasto sin comprobante,,ARS,f,"Falta: empresa, subrubro, centro_costo, tipo_egreso | Requiere revisión manual para gestión.",20260303|NETSHARING SA|GASTO SIN COMPROBANTE|500.000
455d91a9-69fc-4bdf-b33b-dda04168630f,2026-03-03,2026-03,Sueldo 02/2026 (Diferencial) - Benitez Alejandro (CS),446042.61,,Efectivo,Estimado,matriz_historica,revisar,3afe9fbe-11f8-43b3-b28e-a6ae0aff1093,2c118e4e-3848-4b55-8b25-ac23a8846c7f,Gasto sin comprobante,,ARS,f,"Falta: empresa, subrubro, centro_costo, tipo_egreso | Gasto operativo mensual.",20260303|NETSHARING SA|GASTO SIN COMPROBANTE|446.043
b4ae0984-a05f-4a87-b821-5b2948071a3b,2026-03-03,2026-03,Sueldo 02/2026 (Diferencial) - Gomez Camila Ayelen (CS),364607.56,,Efectivo,Estimado,matriz_historica,revisar,3afe9fbe-11f8-43b3-b28e-a6ae0aff1093,2c118e4e-3848-4b55-8b25-ac23a8846c7f,Gasto sin comprobante,,ARS,f,"Falta: empresa, subrubro, centro_costo, tipo_egreso | Gasto operativo mensual.",20260303|NETSHARING SA|GASTO SIN COMPROBANTE|364.608
d7e0e001-5362-4ffa-bfd9-4f7644345424,2026-03-03,2026-03,Sueldo 02/2026 - Rodriguez Ignacio,800000.0,,Efectivo,Estimado,matriz_historica,revisar,3afe9fbe-11f8-43b3-b28e-a6ae0aff1093,2c118e4e-3848-4b55-8b25-ac23a8846c7f,Gasto sin comprobante,,ARS,f,"Falta: empresa, subrubro, centro_costo, tipo_egreso | Gasto operativo mensual.",20260303|NETSHARING SA|GASTO SIN COMPROBANTE|800.000
dcec1042-c7e5-476d-b4d3-c6a836e5d826,2026-03-02,2026-03,Sueldo 02/2026 (Diferencial ) - Sacco Alexis,1339850.0,,Efectivo,Estimado,matriz_historica,revisar,3afe9fbe-11f8-43b3-b28e-a6ae0aff1093,2c118e4e-3848-4b55-8b25-ac23a8846c7f,Gasto sin comprobante,,ARS,f,"Falta: empresa, subrubro, centro_costo, tipo_egreso | Gasto operativo mensual.",20260302|NETSHARING SA|GASTO SIN COMPROBANTE|1.339.850
7d175606-1bdb-40ad-8bc4-dfff90b4ac4e,2026-03-02,2026-03,Sueldo 02/2026 (Diferencial) - Cavicchia Juan Jose,743972.19,,Efectivo,Estimado,matriz_historica,revisar,3afe9fbe-11f8-43b3-b28e-a6ae0aff1093,2c118e4e-3848-4b55-8b25-ac23a8846c7f,Gasto sin comprobante,,ARS,f,"Falta: empresa, subrubro, centro_costo, tipo_egreso | Gasto operativo mensual.",20260302|NETSHARING SA|GASTO SIN COMPROBANTE|743.972
0a783a5e-c3ed-43b8-ab5b-e2cf4a0832bb,2026-03-02,2026-03,Sueldo 02/2026 (Diferencial) - La Cruz Victor,578972.19,,Efectivo,Estimado,matriz_historica,revisar,3afe9fbe-11f8-43b3-b28e-a6ae0aff1093,2c118e4e-3848-4b55-8b25-ac23a8846c7f,Gasto sin comprobante,,ARS,f,"Falta: empresa, subrubro, centro_costo, tipo_egreso | Gasto operativo mensual.",20260302|NETSHARING SA|GASTO SIN COMPROBANTE|578.972
4c0298ad-9cca-4747-abf1-8eecc9ffdb83,2026-03-02,2026-03,Sueldo 02/2026 (Diferencial) - Quipildor Aylen,742157.56,,Efectivo,Estimado,matriz_historica,revisar,3afe9fbe-11f8-43b3-b28e-a6ae0aff1093,2c118e4e-3848-4b55-8b25-ac23a8846c7f,Gasto sin comprobante,,ARS,f,"Falta: empresa, subrubro, centro_costo, tipo_egreso | Gasto operativo mensual.",20260302|NETSHARING SA|GASTO SIN COMPROBANTE|742.158
dac1825d-7a4d-4079-ac21-d57c6dbc7f43,2026-03-02,2026-03,Sueldo 02/2026 (Proporcional) - Tamara,412500.0,,Efectivo,Estimado,matriz_historica,revisar,3afe9fbe-11f8-43b3-b28e-a6ae0aff1093,2c118e4e-3848-4b55-8b25-ac23a8846c7f,Gasto sin comprobante,,ARS,f,"Falta: empresa, subrubro, centro_costo, tipo_egreso | Gasto operativo mensual.",20260302|NETSHARING SA|GASTO SIN COMPROBANTE|412.500
d5fe103b-7469-40db-bebb-15f16fac37a1,2026-03-03,2026-03,Sueldo 02/2026 (diferencial) - Perez Lucas,627792.86,,Efectivo,Estimado,matriz_historica,revisar,3afe9fbe-11f8-43b3-b28e-a6ae0aff1093,412f3f61-3312-4bb0-ae19-e3b789145d6c,Gasto sin comprobante,,ARS,f,"Falta: empresa, subrubro, centro_costo, tipo_egreso | Gasto operativo mensual.",20260303|TOOLS SOLUTION SA|GASTO SIN COMPROBANTE|627.793
16a65d4d-6c00-495a-8981-5c7d83da52db,2026-03-04,2026-03,Pago Valentín - Proyecto Mora Cero - Varela,69777650.98,,Efectivo,Estimado,matriz_historica,revisar,5b9a35f7-866b-474c-bc5b-1ba642eb414c,a3831295-0538-40ff-b912-e8cc361d16fc,Gasto sin comprobante,,ARS,f,"Falta: empresa, subrubro, centro_costo, tipo_egreso | Requiere revisión manual para gestión.",20260304|MORA CERO SA|GASTO SIN COMPROBANTE|69.777.651
85ad4194-141b-4bf8-b0a6-89de1724aff6,2026-03-04,2026-03,Poliza Caución - Renovación,669738.99,,Transferencia Bancaria,Estimado,matriz_historica,revisar,f7d6d083-651b-4d01-99db-0ac4b8fe683d,a3831295-0538-40ff-b912-e8cc361d16fc,Gasto sin comprobante,,ARS,f,"Falta: empresa, subrubro, centro_costo, tipo_egreso | Requiere revisión manual para gestión.",20260304|MORA CERO SA|GASTO SIN COMPROBANTE|669.739
0219852f-e909-44c2-b69b-1d390afefae8,2026-03-04,2026-03,Facturas De las Misiones - Compra de Postes,124000000.0,,Transferencia Bancaria,Estimado,matriz_historica,revisar,7be2795b-7559-4c69-a6e2-dc28e638ffa1,2c118e4e-3848-4b55-8b25-ac23a8846c7f,Gasto sin comprobante,,ARS,f,"Falta: empresa, subrubro, centro_costo, tipo_egreso | Requiere revisión manual para gestión.",20260304|NETSHARING SA|GASTO SIN COMPROBANTE|124.000.000
bb39db3d-8b33-46b9-b6c2-24281799fa45,2026-03-04,2026-03,Gastos Cartuchos - Recarga,50000.0,,Transferencia Bancaria,Estimado,matriz_historica,revisar,5aa4a93a-17f8-444b-ac22-b536e094bc86,2c118e4e-3848-4b55-8b25-ac23a8846c7f,Gasto sin comprobante,,ARS,f,"Falta: empresa, subrubro, centro_costo, tipo_egreso | Requiere revisión manual para gestión.",20260304|NETSHARING SA|GASTO SIN COMPROBANTE|50000.00
e7248104-a38d-40d4-b0d4-959285fbd5b9,2026-03-04,2026-03,Combustible Autos - Capitan Sarmiento - 2 vehículos,80000.0,,Efectivo,Estimado,matriz_historica,revisar,f457200b-42b2-4dd7-8d1e-7912fd4592e3,2c118e4e-3848-4b55-8b25-ac23a8846c7f,Gasto sin comprobante,,ARS,f,"Falta: empresa, subrubro, centro_costo, tipo_egreso | Requiere revisión manual para gestión.",20260304|NETSHARING SA|GASTO SIN COMPROBANTE|80.000
adb9f57f-46b6-44c1-b84b-98a6d8b94e23,2026-03-04,2026-03,IPSERVICES Echeq - Echeq 03 de 05,3359552.04,,ECHEQ,Estimado,matriz_historica,revisar,802af493-2f23-4d62-becc-e13951069416,2c118e4e-3848-4b55-8b25-ac23a8846c7f,Gasto sin comprobante,,ARS,f,"Falta: empresa, subrubro, centro_costo, tipo_egreso | Compra de equipos; no impactar como gasto operativo mensual.",20260304|NETSHARING SA|GASTO SIN COMPROBANTE|3.359.552
03329af3-3436-4997-aecd-5eb348223022,2026-03-05,2026-03,Pago Autonomos - 02/2026,52939.47,,Transferencia Bancaria,Estimado,matriz_historica,revisar,57f782a8-a815-4e51-b69b-9a2f5d619ca0,5d1b320a-cfc6-491b-bccf-cb4ee397b256,Gasto sin comprobante,,ARS,f,"Falta: empresa, subrubro, centro_costo, tipo_egreso | Requiere revisión manual para gestión.",20260305|AKAI SA|GASTO SIN COMPROBANTE|52.939
156da122-eca0-4f59-9576-060023f5947c,2026-03-05,2026-03,Pago Autonomos - 02/2026,125485.06,,Transferencia Bancaria,Estimado,matriz_historica,revisar,57f782a8-a815-4e51-b69b-9a2f5d619ca0,d3df491b-f0f2-4b79-a73f-36fda5f2bba7,Gasto sin comprobante,,ARS,f,"Falta: empresa, subrubro, centro_costo, tipo_egreso | Requiere revisión manual para gestión.",20260305|LA EXPRESION SRL|GASTO SIN COMPROBANTE|125.485
533477e3-62c1-43d8-84af-4d0cf8ea99f4,2026-03-05,2026-03,Póliza Vida colectivo,1091.62,,Débito Automático,Estimado,matriz_historica,revisar,3afe9fbe-11f8-43b3-b28e-a6ae0aff1093,a3831295-0538-40ff-b912-e8cc361d16fc,Gasto sin comprobante,,ARS,f,"Falta: empresa, subrubro, centro_costo, tipo_egreso | Gasto operativo mensual.",20260305|MORA CERO SA|GASTO SIN COMPROBANTE|1.092
1e2610d2-9df6-4e76-b275-78618036088c,2026-03-05,2026-03,Honorarios Estudio Sagues Mariano 02/2026,2320000.0,,Efectivo,Estimado,matriz_historica,revisar,7d540775-8719-4ead-991c-9055dd764fef,2c118e4e-3848-4b55-8b25-ac23a8846c7f,Gasto sin comprobante,,ARS,f,"Falta: empresa, subrubro, centro_costo, tipo_egreso | Requiere revisión manual para gestión.",20260305|NETSHARING SA|GASTO SIN COMPROBANTE|2.320.000
bc4e32c8-9bb0-4372-925e-21c1f7cb54aa,2026-03-05,2026-03,Pago Factura ISPCube- Abono Mensual,403110.0,,Transferencia Bancaria,Estimado,matriz_historica,revisar,27353c3f-07e2-4710-981b-b84be3e1b115,2c118e4e-3848-4b55-8b25-ac23a8846c7f,Gasto sin comprobante,,ARS,f,"Falta: empresa, subrubro, centro_costo, tipo_egreso | Requiere revisión manual para gestión.",20260305|NETSHARING SA|GASTO SIN COMPROBANTE|403.110
fc03e44b-f5c0-47a9-ad8d-fe29064d4042,2026-03-05,2026-03,Pago a cuenta (préstamo),5800000.0,,Transferencia Bancaria,Estimado,matriz_historica,revisar,aa50751a-9a5d-4459-a94e-f93bebb1b797,2c118e4e-3848-4b55-8b25-ac23a8846c7f,Gasto sin comprobante,,ARS,f,"Falta: empresa, subrubro, centro_costo, tipo_egreso | Requiere revisión manual para gestión.",20260305|NETSHARING SA|GASTO SIN COMPROBANTE|5.800.000
508804fd-b316-4d66-8078-0c4499ebb3d0,2026-03-05,2026-03,Póliza Vida colectivo,51650.0,,Débito Automático,Estimado,matriz_historica,revisar,3afe9fbe-11f8-43b3-b28e-a6ae0aff1093,2c118e4e-3848-4b55-8b25-ac23a8846c7f,Gasto sin comprobante,,ARS,f,"Falta: empresa, subrubro, centro_costo, tipo_egreso | Gasto operativo mensual.",20260305|NETSHARING SA|GASTO SIN COMPROBANTE|51.650
ea0ae40b-c6c3-4d6c-92f1-0acba784fcf0,2026-03-05,2026-03,Bidones de Agua: Reggieri SA - CABA (estimado),84000.0,,Transferencia Bancaria,Estimado,matriz_historica,revisar,d7502a66-86b0-4d59-a5bd-96cf2e1ea382,2c118e4e-3848-4b55-8b25-ac23a8846c7f,Gasto sin comprobante,,ARS,f,"Falta: empresa, subrubro, centro_costo, tipo_egreso | Requiere revisión manual para gestión.",20260305|NETSHARING SA|GASTO SIN COMPROBANTE|84.000
afafe45f-6d07-4a34-82d1-75a1bb3e5ab8,2026-03-05,2026-03,Pago FC Telecom,246749.0,,Transferencia Bancaria,Estimado,matriz_historica,revisar,c79a1013-b175-4b93-ba18-e69908201cee,2c118e4e-3848-4b55-8b25-ac23a8846c7f,Gasto sin comprobante,,ARS,f,"Falta: empresa, subrubro, centro_costo, tipo_egreso | Requiere revisión manual para gestión.",20260305|NETSHARING SA|GASTO SIN COMPROBANTE|246.749
05df2932-4bab-4dbd-855c-69e60e863c87,2026-03-05,2026-03,Abono mensual SILICA,3048168.0,,Transferencia Bancaria,Estimado,matriz_historica,revisar,ccdb22f5-3d2d-4e0e-8451-4d7fc155862d,2c118e4e-3848-4b55-8b25-ac23a8846c7f,Gasto sin comprobante,,ARS,f,"Falta: empresa, subrubro, centro_costo, tipo_egreso | Proveedor mayorista recurrente.",20260305|NETSHARING SA|GASTO SIN COMPROBANTE|3.048.168
3cf816ec-48d1-4c94-9ff2-3b31b0d43798,2026-03-05,2026-03,Pago Autonomos - 02/2026,125485.06,,Transferencia Bancaria,Estimado,matriz_historica,revisar,57f782a8-a815-4e51-b69b-9a2f5d619ca0,0a184561-fd10-43ac-9fab-2d691a0ab10a,Gasto sin comprobante,,ARS,f,"Falta: empresa, subrubro, centro_costo, tipo_egreso | Requiere revisión manual para gestión.",20260305|PERMAWE SRL|GASTO SIN COMPROBANTE|125.485
25ef340d-fa46-487a-90e3-2877b1b02e61,2026-03-05,2026-03,Pago Autonomos - 02/2026,125485.06,,Transferencia Bancaria,Estimado,matriz_historica,revisar,57f782a8-a815-4e51-b69b-9a2f5d619ca0,169b39f8-5b5d-4ca9-8480-43acc4095b49,Gasto sin comprobante,,ARS,f,"Falta: empresa, subrubro, centro_costo, tipo_egreso | Requiere revisión manual para gestión.",20260305|SINDEL GROUP SRL|GASTO SIN COMPROBANTE|125.485
cd8d2568-34ea-4382-bc05-8f21fe4cedab,2026-03-06,2026-03,Materiales Previsión - Etapa I,2000000.0,,ECHEQ,Estimado,matriz_historica,revisar,b15301ef-1ff7-4a06-9463-6486f2c5fe57,00973821-e775-4164-8183-22f645d4aad6,Gasto sin comprobante,,ARS,f,"Falta: empresa, subrubro, centro_costo, tipo_egreso | Regla definida: herramientas y materiales se clasifican como CAPEX.",20260306|AI BLOCK TECHNOLOGIES SRL|GASTO SIN COMPROBANTE|2.000.000
03cf5031-58ab-4231-88c3-956825cf7004,2026-03-06,2026-03,Pago Autonomos - 02/2026,125485.06,,Transferencia Bancaria,Estimado,matriz_historica,revisar,57f782a8-a815-4e51-b69b-9a2f5d619ca0,2d1f2a4e-e4f8-4327-9230-7ee2cc10e352,Gasto sin comprobante,,ARS,f,"Falta: empresa, subrubro, centro_costo, tipo_egreso | Requiere revisión manual para gestión.",20260306|ARGENGRAFT SRL|GASTO SIN COMPROBANTE|125.485
c5baa41b-c51d-4127-a4ab-76f728006575,2026-03-06,2026-03,Pago Autonomos - 02/2026,125485.06,,Transferencia Bancaria,Estimado,matriz_historica,revisar,57f782a8-a815-4e51-b69b-9a2f5d619ca0,67fac871-99ff-4c10-8001-fe2a398c1763,Gasto sin comprobante,,ARS,f,"Falta: empresa, subrubro, centro_costo, tipo_egreso | Requiere revisión manual para gestión.",20260306|ENVECO SRL|GASTO SIN COMPROBANTE|125.485
08514dfc-4d19-41e8-b417-c7df4668acc8,2026-03-06,2026-03,Poliza vida colectivo,3728.0,,Débito Automático,Estimado,matriz_historica,revisar,3afe9fbe-11f8-43b3-b28e-a6ae0aff1093,8160b26b-70a5-45df-b09f-98f2365f7b61,Gasto sin comprobante,,ARS,f,"Falta: empresa, subrubro, centro_costo, tipo_egreso | Gasto operativo mensual.",20260306|FIBER UP SA|GASTO SIN COMPROBANTE|3.728
70ef2aa6-adfe-4527-b14a-3f519a23f8e4,2026-03-06,2026-03,Pago Autonomos - 02/2026,125485.06,,Transferencia Bancaria,Estimado,matriz_historica,revisar,57f782a8-a815-4e51-b69b-9a2f5d619ca0,a3831295-0538-40ff-b912-e8cc361d16fc,Gasto sin comprobante,,ARS,f,"Falta: empresa, subrubro, centro_costo, tipo_egreso | Requiere revisión manual para gestión.",20260306|MORA CERO SA|GASTO SIN COMPROBANTE|125.485
d1e038a4-b416-497e-a445-51355fabbf5e,2026-03-06,2026-03,Flota Seguros Vehículos,550000.0,,Débito Automático,Estimado,matriz_historica,revisar,f457200b-42b2-4dd7-8d1e-7912fd4592e3,2c118e4e-3848-4b55-8b25-ac23a8846c7f,Gasto sin comprobante,,ARS,f,"Falta: empresa, subrubro, centro_costo, tipo_egreso | Requiere revisión manual para gestión.",20260306|NETSHARING SA|GASTO SIN COMPROBANTE|550.000
b90ac6b0-5f57-4712-8a93-74fff5162faa,2026-03-06,2026-03,Pago Autonomos - 02/2026,125485.06,,Transferencia Bancaria,Estimado,matriz_historica,revisar,57f782a8-a815-4e51-b69b-9a2f5d619ca0,ca6aa897-f6de-4ef0-aaaf-03b48d6707b4,Gasto sin comprobante,,ARS,f,"Falta: empresa, subrubro, centro_costo, tipo_egreso | Requiere revisión manual para gestión.",20260306|SINAPSIS CONNECT SRL|GASTO SIN COMPROBANTE|125.485
94b9cb91-26cb-4f06-a578-217d532a07b5,2026-03-06,2026-03,Pago Autonomos - 02/2026,125485.06,,Transferencia Bancaria,Estimado,matriz_historica,revisar,57f782a8-a815-4e51-b69b-9a2f5d619ca0,412f3f61-3312-4bb0-ae19-e3b789145d6c,Gasto sin comprobante,,ARS,f,"Falta: empresa, subrubro, centro_costo, tipo_egreso | Requiere revisión manual para gestión.",20260306|TOOLS SOLUTION SA|GASTO SIN COMPROBANTE|125.485
364f8fc1-5df9-46bd-a5f0-8e50be8cb6f3,2026-03-06,2026-03,Pago Autonomos - 02/2026,125485.06,,Transferencia Bancaria,Estimado,matriz_historica,revisar,57f782a8-a815-4e51-b69b-9a2f5d619ca0,d5d2b619-687e-46f2-b516-f2b3ac4d0301,Gasto sin comprobante,,ARS,f,"Falta: empresa, subrubro, centro_costo, tipo_egreso | Requiere revisión manual para gestión.",20260306|ZELED SA|GASTO SIN COMPROBANTE|125.485
ac685bdf-6597-476b-9d9e-ee1cba2b87ec,2026-03-09,2026-03,Pago Alarma Varela,78041.33,,Transferencia Bancaria,Estimado,matriz_historica,revisar,d8c35c6e-a653-4c16-98c7-0bea59b63438,2c118e4e-3848-4b55-8b25-ac23a8846c7f,Gasto sin comprobante,,ARS,f,"Falta: empresa, subrubro, centro_costo, tipo_egreso | Requiere revisión manual para gestión.",20260309|NETSHARING SA|GASTO SIN COMPROBANTE|78.041
eef77c92-9b34-4b01-9e69-325dce25068e,2026-03-09,2026-03,Pago Autonomos - 02/2026,125485.06,,Transferencia Bancaria,Estimado,matriz_historica,revisar,57f782a8-a815-4e51-b69b-9a2f5d619ca0,00973821-e775-4164-8183-22f645d4aad6,Gasto sin comprobante,,ARS,f,"Falta: empresa, subrubro, centro_costo, tipo_egreso | Requiere revisión manual para gestión.",20260309|AI BLOCK TECHNOLOGIES SRL|GASTO SIN COMPROBANTE|125.485
7ef98cd6-1295-445f-915f-390dbadc8d73,2026-03-09,2026-03,Declaración Jurada Suss: 02/2026,675066.64,,Transferencia Bancaria,Estimado,matriz_historica,revisar,3afe9fbe-11f8-43b3-b28e-a6ae0aff1093,2d1f2a4e-e4f8-4327-9230-7ee2cc10e352,Gasto sin comprobante,,ARS,f,"Falta: empresa, subrubro, centro_costo, tipo_egreso | Gasto operativo mensual.",20260309|ARGENGRAFT SRL|GASTO SIN COMPROBANTE|675.067
7618a0fa-2776-4c15-9f12-bc5daed1f988,2026-03-09,2026-03,Pago Sindicato 02/2026,61951.99,,Transferencia Bancaria,Estimado,matriz_historica,revisar,3afe9fbe-11f8-43b3-b28e-a6ae0aff1093,2d1f2a4e-e4f8-4327-9230-7ee2cc10e352,Gasto sin comprobante,,ARS,f,"Falta: empresa, subrubro, centro_costo, tipo_egreso | Gasto operativo mensual.",20260309|ARGENGRAFT SRL|GASTO SIN COMPROBANTE|61.952
0c35a432-cb9d-4888-ade5-0e8c821f3fe6,2026-03-10,2026-03,Seguridad Burzaco 02/2026,1740000.0,,Efectivo,Estimado,matriz_historica,revisar,d8c35c6e-a653-4c16-98c7-0bea59b63438,ae87331f-e6ad-4dc6-ac13-8affd74e6018,Gasto sin comprobante,,ARS,f,"Falta: empresa, subrubro, centro_costo, tipo_egreso | Requiere revisión manual para gestión.",20260310|CAPITAL ASSISTANCE SA|GASTO SIN COMPROBANTE|1.740.000
26bb46f3-f411-4ea9-995d-eb4a76b22c9b,2026-03-09,2026-03,Declaración Jurada Suss: 02/2026,982309.76,,Transferencia Bancaria,Estimado,matriz_historica,revisar,3afe9fbe-11f8-43b3-b28e-a6ae0aff1093,8160b26b-70a5-45df-b09f-98f2365f7b61,Gasto sin comprobante,,ARS,f,"Falta: empresa, subrubro, centro_costo, tipo_egreso | Gasto operativo mensual.",20260309|FIBER UP SA|GASTO SIN COMPROBANTE|982.310
2396380a-f475-4c30-82ab-e782abe5af91,2026-03-09,2026-03,Pago Sindicato 02/2026,161200.32,,Transferencia Bancaria,Estimado,matriz_historica,revisar,3afe9fbe-11f8-43b3-b28e-a6ae0aff1093,8160b26b-70a5-45df-b09f-98f2365f7b61,Gasto sin comprobante,,ARS,f,"Falta: empresa, subrubro, centro_costo, tipo_egreso | Gasto operativo mensual.",20260309|FIBER UP SA|GASTO SIN COMPROBANTE|161.200
fdbf2cd2-d662-46a0-a189-45c02d1f1a21,2026-03-09,2026-03,Pago Autonomos - 02/2026,125485.06,,Transferencia Bancaria,Estimado,matriz_historica,revisar,57f782a8-a815-4e51-b69b-9a2f5d619ca0,d8bc0e6a-dee3-49cc-ab4a-6841af77c205,Gasto sin comprobante,,ARS,f,"Falta: empresa, subrubro, centro_costo, tipo_egreso | Requiere revisión manual para gestión.",20260309|LSJ SRL|GASTO SIN COMPROBANTE|125.485
77b1a091-dc71-4355-a0ec-da38ede18f11,2026-03-10,2026-03,Declaración Jurada Suss: 02/2026,5431283.4,,Transferencia Bancaria,Estimado,matriz_historica,revisar,3afe9fbe-11f8-43b3-b28e-a6ae0aff1093,00973821-e775-4164-8183-22f645d4aad6,Gasto sin comprobante,,ARS,f,"Falta: empresa, subrubro, centro_costo, tipo_egreso | Gasto operativo mensual.",20260310|AI BLOCK TECHNOLOGIES SRL|GASTO SIN COMPROBANTE|5.431.283
ad141ea4-7123-4809-b231-4a2d7d943b03,2026-03-10,2026-03,Fondo Cese Laboral 02/2026,750000.0,,Transferencia Bancaria,Estimado,matriz_historica,revisar,3afe9fbe-11f8-43b3-b28e-a6ae0aff1093,00973821-e775-4164-8183-22f645d4aad6,Gasto sin comprobante,,ARS,f,"Falta: empresa, subrubro, centro_costo, tipo_egreso | Gasto operativo mensual.",20260310|AI BLOCK TECHNOLOGIES SRL|GASTO SIN COMPROBANTE|750.000
7eb24bdf-975c-41b1-a558-05bdd604d7bd,2026-03-10,2026-03,Pago UOCRA - IERIC 02/2026,208806.37,,Transferencia Bancaria,Estimado,matriz_historica,revisar,3afe9fbe-11f8-43b3-b28e-a6ae0aff1093,00973821-e775-4164-8183-22f645d4aad6,Gasto sin comprobante,,ARS,f,"Falta: empresa, subrubro, centro_costo, tipo_egreso | Gasto operativo mensual.",20260310|AI BLOCK TECHNOLOGIES SRL|GASTO SIN COMPROBANTE|208.806
19ca5923-f485-402b-9f60-d5b4642b0721,2026-03-10,2026-03,Honorarios Contables - Francisco Lasagna - Factura 02/2026,100000.0,,Transferencia Bancaria,Estimado,matriz_historica,revisar,7d540775-8719-4ead-991c-9055dd764fef,5d1b320a-cfc6-491b-bccf-cb4ee397b256,Gasto sin comprobante,,ARS,f,"Falta: empresa, subrubro, centro_costo, tipo_egreso | Requiere revisión manual para gestión.",20260310|AKAI SA|GASTO SIN COMPROBANTE|100.000
3dfa0480-e64b-45fd-b058-30d27e49b064,2026-03-10,2026-03,Rep. FF Maximiliano Bernardis - (Estimado),350000.0,,Efectivo,Estimado,matriz_historica,revisar,bb1c15ed-e9c2-4d30-a2b8-851a5f97297b,2d1f2a4e-e4f8-4327-9230-7ee2cc10e352,Gasto sin comprobante,,ARS,f,"Falta: empresa, subrubro, centro_costo, tipo_egreso | Abrir por comprobantes: combustible/viáticos OPEX; herramientas/materiales CAPEX.",20260310|ARGENGRAFT SRL|GASTO SIN COMPROBANTE|350.000
0d78a13f-6818-41dc-a575-aa464af5a476,2026-03-10,2026-03,Rep. FF Sergio Araujo - (Estimado),250000.0,,Efectivo,Estimado,matriz_historica,revisar,bb1c15ed-e9c2-4d30-a2b8-851a5f97297b,2d1f2a4e-e4f8-4327-9230-7ee2cc10e352,Gasto sin comprobante,,ARS,f,"Falta: empresa, subrubro, centro_costo, tipo_egreso | Abrir por comprobantes: combustible/viáticos OPEX; herramientas/materiales CAPEX.",20260310|ARGENGRAFT SRL|GASTO SIN COMPROBANTE|250.000
fcdef2cf-48ae-4d8d-a87e-9578b0fa2dde,2026-03-10,2026-03,Alquiler Burzaco 03/2026 (Incluye Aysa y ABL),3018495.0,,Efectivo,Estimado,matriz_historica,revisar,8c386e63-369e-4890-bef9-2e4cae4f225e,ae87331f-e6ad-4dc6-ac13-8affd74e6018,Gasto sin comprobante,,ARS,f,"Falta: empresa, subrubro, centro_costo, tipo_egreso | Gasto operativo de inmueble.",20260310|CAPITAL ASSISTANCE SA|GASTO SIN COMPROBANTE|3.018.495
6e724e75-0605-46d4-952a-bbd467e913fd,2026-03-10,2026-03,Pago Alquiler Capital Sarmiento: Local 03/2026,499200.0,,Efectivo,Estimado,matriz_historica,revisar,8c386e63-369e-4890-bef9-2e4cae4f225e,ae87331f-e6ad-4dc6-ac13-8affd74e6018,Gasto sin comprobante,,ARS,f,"Falta: empresa, subrubro, centro_costo, tipo_egreso | Gasto operativo de inmueble.",20260310|CAPITAL ASSISTANCE SA|GASTO SIN COMPROBANTE|499.200
874bcd23-c6a8-494b-8c8a-2fe7bd633205,2026-03-10,2026-03,Pago FC Metrogas Burzaco,42100.0,,Transferencia Bancaria,Estimado,matriz_historica,revisar,c79a1013-b175-4b93-ba18-e69908201cee,ae87331f-e6ad-4dc6-ac13-8affd74e6018,Gasto sin comprobante,,ARS,f,"Falta: empresa, subrubro, centro_costo, tipo_egreso | Requiere revisión manual para gestión.",20260310|CAPITAL ASSISTANCE SA|GASTO SIN COMPROBANTE|42.100
926093de-4d83-452b-b2aa-dcf97d422dd1,2026-03-10,2026-03,Honorarios Contables - Francisco Lasagna - Factura 02/2026,100000.0,,Transferencia Bancaria,Estimado,matriz_historica,revisar,7d540775-8719-4ead-991c-9055dd764fef,67fac871-99ff-4c10-8001-fe2a398c1763,Gasto sin comprobante,,ARS,f,"Falta: empresa, subrubro, centro_costo, tipo_egreso | Requiere revisión manual para gestión.",20260310|ENVECO SRL|GASTO SIN COMPROBANTE|100.000
02e50868-8c01-4e58-b6b9-c4bfea891b3a,2026-03-10,2026-03,Rep. FF Raul Acevedo,250000.0,,Efectivo,Estimado,matriz_historica,revisar,bb1c15ed-e9c2-4d30-a2b8-851a5f97297b,8160b26b-70a5-45df-b09f-98f2365f7b61,Gasto sin comprobante,,ARS,f,"Falta: empresa, subrubro, centro_costo, tipo_egreso | Abrir por comprobantes: combustible/viáticos OPEX; herramientas/materiales CAPEX.",20260310|FIBER UP SA|GASTO SIN COMPROBANTE|250.000
97738f9d-44f2-4753-8c72-5395f468e391,2026-03-10,2026-03,Pago Seguro - Dominio MAH-201,125380.04,,Transferencia Bancaria,Estimado,matriz_historica,revisar,f457200b-42b2-4dd7-8d1e-7912fd4592e3,8160b26b-70a5-45df-b09f-98f2365f7b61,Gasto sin comprobante,,ARS,f,"Falta: empresa, subrubro, centro_costo, tipo_egreso | Requiere revisión manual para gestión.",20260310|FIBER UP SA|GASTO SIN COMPROBANTE|125.380
4dda91aa-f1ca-47bc-8ad3-689715ac9156,2026-03-10,2026-03,Honorarios Contables - Francisco Lasagna - Factura 02/2026,100000.0,,Transferencia Bancaria,Estimado,matriz_historica,revisar,7d540775-8719-4ead-991c-9055dd764fef,d3df491b-f0f2-4b79-a73f-36fda5f2bba7,Gasto sin comprobante,,ARS,f,"Falta: empresa, subrubro, centro_costo, tipo_egreso | Requiere revisión manual para gestión.",20260310|LA EXPRESION SRL|GASTO SIN COMPROBANTE|100.000
8660baa4-8603-4ae1-9c69-dd4548e4c661,2026-03-10,2026-03,Honorarios Contables - Francisco Lasagna - Factura 02/2026,100000.0,,Transferencia Bancaria,Estimado,matriz_historica,revisar,7d540775-8719-4ead-991c-9055dd764fef,d8bc0e6a-dee3-49cc-ab4a-6841af77c205,Gasto sin comprobante,,ARS,f,"Falta: empresa, subrubro, centro_costo, tipo_egreso | Requiere revisión manual para gestión.",20260310|LSJ SRL|GASTO SIN COMPROBANTE|100.000
b31c91e5-a147-4801-aa3e-98ad73a4f59f,2026-03-10,2026-03,Alquiler Casa Glew 03/2026,1400000.0,,Efectivo,Estimado,matriz_historica,revisar,8c386e63-369e-4890-bef9-2e4cae4f225e,a3831295-0538-40ff-b912-e8cc361d16fc,Gasto sin comprobante,,ARS,f,"Falta: empresa, subrubro, centro_costo, tipo_egreso | Gasto operativo de inmueble.",20260310|MORA CERO SA|GASTO SIN COMPROBANTE|1.400.000
d66715b1-14d3-4b99-9754-970e9de705e8,2026-03-10,2026-03,Alquiler Glew - Grimalde 03/2026,450000.0,,Efectivo,Estimado,matriz_historica,revisar,8c386e63-369e-4890-bef9-2e4cae4f225e,a3831295-0538-40ff-b912-e8cc361d16fc,Gasto sin comprobante,,ARS,f,"Falta: empresa, subrubro, centro_costo, tipo_egreso | Gasto operativo de inmueble.",20260310|MORA CERO SA|GASTO SIN COMPROBANTE|450.000
9865b9d3-c537-4db4-8a49-d1299aa6f4a0,2026-03-10,2026-03,Debito automático - Póliza Seguro Glew (Grimalde),450000.0,,Transferencia Bancaria,Estimado,matriz_historica,revisar,c79a1013-b175-4b93-ba18-e69908201cee,a3831295-0538-40ff-b912-e8cc361d16fc,Gasto sin comprobante,,ARS,f,"Falta: empresa, subrubro, centro_costo, tipo_egreso | Requiere revisión manual para gestión.",20260310|MORA CERO SA|GASTO SIN COMPROBANTE|450.000
1c5f5882-0486-4386-8302-25334a66f32b,2026-03-10,2026-03,Servicios Glew - Gastos Casa Grimalde,57000.0,,Efectivo,Estimado,matriz_historica,revisar,c79a1013-b175-4b93-ba18-e69908201cee,a3831295-0538-40ff-b912-e8cc361d16fc,Gasto sin comprobante,,ARS,f,"Falta: empresa, subrubro, centro_costo, tipo_egreso | Requiere revisión manual para gestión.",20260310|MORA CERO SA|GASTO SIN COMPROBANTE|57.000
6bc6755c-fbb1-4838-84d6-c2adb7e40c72,2026-03-10,2026-03,Alquiler Oficina Carlos Pellegrini 887 - 4to 03/2026,4342992.5,,Transferencia Bancaria,Estimado,matriz_historica,revisar,8c386e63-369e-4890-bef9-2e4cae4f225e,2c118e4e-3848-4b55-8b25-ac23a8846c7f,Gasto sin comprobante,,ARS,f,"Falta: empresa, subrubro, centro_costo, tipo_egreso | Gasto operativo de inmueble.",20260310|NETSHARING SA|GASTO SIN COMPROBANTE|4.342.993
2b99e3d1-c289-40e0-8a8f-4205d02a1b9d,2026-03-10,2026-03,Alquiler Oficina Carlos Pellegrini 887 - 4to 03/2026 (u$s 1050),1522500.0,,Efectivo,Estimado,matriz_historica,revisar,8c386e63-369e-4890-bef9-2e4cae4f225e,2c118e4e-3848-4b55-8b25-ac23a8846c7f,Gasto sin comprobante,,ARS,f,"Falta: empresa, subrubro, centro_costo, tipo_egreso | Gasto operativo de inmueble.",20260310|NETSHARING SA|GASTO SIN COMPROBANTE|1.522.500
ebee299a-9098-40ff-9b97-3f28712215fd,2026-03-10,2026-03,Alquiler San Vicente 2/2026,2175000.0,,Efectivo,Estimado,matriz_historica,revisar,8c386e63-369e-4890-bef9-2e4cae4f225e,2c118e4e-3848-4b55-8b25-ac23a8846c7f,Gasto sin comprobante,,ARS,f,"Falta: empresa, subrubro, centro_costo, tipo_egreso | Gasto operativo de inmueble.",20260310|NETSHARING SA|GASTO SIN COMPROBANTE|2.175.000
60741079-27b6-4d95-bd43-f74d9e98d459,2026-03-10,2026-03,Pago Alquiler Bernal 3/2026,727990.0,,Efectivo,Estimado,matriz_historica,revisar,8c386e63-369e-4890-bef9-2e4cae4f225e,2c118e4e-3848-4b55-8b25-ac23a8846c7f,Gasto sin comprobante,,ARS,f,"Falta: empresa, subrubro, centro_costo, tipo_egreso | Gasto operativo de inmueble.",20260310|NETSHARING SA|GASTO SIN COMPROBANTE|727.990
8ee98df3-b31d-4320-8c5c-9caaf1df3233,2026-03-10,2026-03,Pago Alquiler Varela 03/2026,332430.0,,Efectivo,Estimado,matriz_historica,revisar,8c386e63-369e-4890-bef9-2e4cae4f225e,2c118e4e-3848-4b55-8b25-ac23a8846c7f,Gasto sin comprobante,,ARS,f,"Falta: empresa, subrubro, centro_costo, tipo_egreso | Gasto operativo de inmueble.",20260310|NETSHARING SA|GASTO SIN COMPROBANTE|332.430
2d1c788a-8538-4618-8c2f-3322dc839d63,2026-03-10,2026-03,Trebol - FC Proveedor Arsat,1388600.0,,Transferencia Bancaria,Estimado,matriz_historica,revisar,e681d8f1-fe4a-46f7-b018-8c4bbb500903,2c118e4e-3848-4b55-8b25-ac23a8846c7f,Gasto sin comprobante,,ARS,f,"Falta: empresa, subrubro, centro_costo, tipo_egreso | Proveedor mayorista recurrente.",20260310|NETSHARING SA|GASTO SIN COMPROBANTE|1.388.600
5d385f99-a929-4303-89c1-460fc7637410,2026-03-10,2026-03,Diario - Canon,648000.0,,Efectivo,Estimado,matriz_historica,revisar,5b9a35f7-866b-474c-bc5b-1ba642eb414c,2c118e4e-3848-4b55-8b25-ac23a8846c7f,Gasto sin comprobante,,ARS,f,"Falta: empresa, subrubro, centro_costo, tipo_egreso | Requiere revisión manual para gestión.",20260310|NETSHARING SA|GASTO SIN COMPROBANTE|648.000
b9e4af19-f3c1-4b42-a055-db248db35124,2026-03-10,2026-03,Instalaciones - Antonio / Semana 02/03 - 07/03,720000.0,,Efectivo,Estimado,matriz_historica,revisar,8ac1dd5b-a9a7-4236-ae0d-85fa08133eaa,2c118e4e-3848-4b55-8b25-ac23a8846c7f,Gasto sin comprobante,,ARS,f,"Falta: empresa, subrubro, centro_costo, tipo_egreso | Requiere revisión manual para gestión.",20260310|NETSHARING SA|GASTO SIN COMPROBANTE|720.000
e74afb29-7d84-4d34-ad2c-115ef7bdcbb9,2026-03-10,2026-03,Instalaciones - Gonzalo / Semana 02/03 - 07/03,648000.0,,Efectivo,Estimado,matriz_historica,revisar,8ac1dd5b-a9a7-4236-ae0d-85fa08133eaa,2c118e4e-3848-4b55-8b25-ac23a8846c7f,Gasto sin comprobante,,ARS,f,"Falta: empresa, subrubro, centro_costo, tipo_egreso | Requiere revisión manual para gestión.",20260310|NETSHARING SA|GASTO SIN COMPROBANTE|648.000
cae62eb7-b4eb-4ffe-940b-067c6686b7ec,2026-03-10,2026-03,Instalaciones - José / Semana 02/03 - 07/03,872640.0,,Efectivo,Estimado,matriz_historica,revisar,8ac1dd5b-a9a7-4236-ae0d-85fa08133eaa,2c118e4e-3848-4b55-8b25-ac23a8846c7f,Gasto sin comprobante,,ARS,f,"Falta: empresa, subrubro, centro_costo, tipo_egreso | Requiere revisión manual para gestión.",20260310|NETSHARING SA|GASTO SIN COMPROBANTE|872.640
3c9fbefb-b414-4bb5-a0f6-ff6e7fcba046,2026-03-10,2026-03,Instalaciones - Maximiliano / Semana 02/03 - 07/03,720000.0,,Efectivo,Estimado,matriz_historica,revisar,8ac1dd5b-a9a7-4236-ae0d-85fa08133eaa,2c118e4e-3848-4b55-8b25-ac23a8846c7f,Gasto sin comprobante,,ARS,f,"Falta: empresa, subrubro, centro_costo, tipo_egreso | Requiere revisión manual para gestión.",20260310|NETSHARING SA|GASTO SIN COMPROBANTE|720.000
f7266545-ac66-4e79-b836-e26ce30d633c,2026-03-10,2026-03,Retiro de ONU - Reconexión de ONU,42000.0,,Efectivo,Estimado,matriz_historica,revisar,8ac1dd5b-a9a7-4236-ae0d-85fa08133eaa,2c118e4e-3848-4b55-8b25-ac23a8846c7f,Gasto sin comprobante,,ARS,f,"Falta: empresa, subrubro, centro_costo, tipo_egreso | Regla definida: herramientas y materiales se clasifican como CAPEX.",20260310|NETSHARING SA|GASTO SIN COMPROBANTE|42.000
e951c5e4-ebe0-4c8d-8627-0f110b42883a,2026-03-10,2026-03,Com. Ventas semanales Almirante Brown,50000.0,,Efectivo,Estimado,matriz_historica,revisar,6f678363-205a-4081-ae32-2d2a8999f5e2,2c118e4e-3848-4b55-8b25-ac23a8846c7f,Gasto sin comprobante,,ARS,f,"Falta: empresa, subrubro, centro_costo, tipo_egreso | Requiere revisión manual para gestión.",20260310|NETSHARING SA|GASTO SIN COMPROBANTE|50.000
b29350fb-a504-44f5-beef-0113d8347bc2,2026-03-10,2026-03,Honorarios Contables - Francisco Lasagna - Factura 02/2026,100000.0,,Transferencia Bancaria,Estimado,matriz_historica,revisar,7d540775-8719-4ead-991c-9055dd764fef,0a184561-fd10-43ac-9fab-2d691a0ab10a,Gasto sin comprobante,,ARS,f,"Falta: empresa, subrubro, centro_costo, tipo_egreso | Requiere revisión manual para gestión.",20260310|PERMAWE SRL|GASTO SIN COMPROBANTE|100.000
280088bf-04f1-4e82-aa7c-552e6e3248f8,2026-03-10,2026-03,Honorarios Contables - Francisco Lasagna - Factura 02/2026,100000.0,,Transferencia Bancaria,Estimado,matriz_historica,revisar,7d540775-8719-4ead-991c-9055dd764fef,ca6aa897-f6de-4ef0-aaaf-03b48d6707b4,Gasto sin comprobante,,ARS,f,"Falta: empresa, subrubro, centro_costo, tipo_egreso | Requiere revisión manual para gestión.",20260310|SINAPSIS CONNECT SRL|GASTO SIN COMPROBANTE|100000.00
d8e28277-e2c8-4874-8ae6-fc1ae5a66bb2,2026-03-11,2026-03,IPCalls - Echeq 02 - 03,582422.06,,ECHEQ,Estimado,matriz_historica,revisar,b15301ef-1ff7-4a06-9463-6486f2c5fe57,00973821-e775-4164-8183-22f645d4aad6,Gasto sin comprobante,,ARS,f,"Falta: empresa, subrubro, centro_costo, tipo_egreso | Requiere revisión manual para gestión.",20260311|AI BLOCK TECHNOLOGIES SRL|GASTO SIN COMPROBANTE|582.422
c53e6bc2-885c-4ee0-930f-e3287e35e0e7,2026-03-11,2026-03,Declaración Jurada Suss: 02/2026,1625334.4,,Transferencia Bancaria,Estimado,matriz_historica,revisar,3afe9fbe-11f8-43b3-b28e-a6ae0aff1093,5d1b320a-cfc6-491b-bccf-cb4ee397b256,Gasto sin comprobante,,ARS,f,"Falta: empresa, subrubro, centro_costo, tipo_egreso | Gasto operativo mensual.",20260311|AKAI SA|GASTO SIN COMPROBANTE|1.625.334
a738740a-fb71-4793-b1f5-20b3a3e3d8ef,2026-03-11,2026-03,Pago Seguro AH-163-LR,286050.0,,Transferencia Bancaria,Estimado,matriz_historica,revisar,f457200b-42b2-4dd7-8d1e-7912fd4592e3,ae87331f-e6ad-4dc6-ac13-8affd74e6018,Gasto sin comprobante,,ARS,f,"Falta: empresa, subrubro, centro_costo, tipo_egreso | Requiere revisión manual para gestión.",20260311|CAPITAL ASSISTANCE SA|GASTO SIN COMPROBANTE|286.050
2ca80e54-745a-4725-ae4e-4829695f5ad4,2026-03-11,2026-03,Plan Auto - Debito Automático,245504.88,,Débito Automático,Estimado,matriz_historica,revisar,0b9fe227-8d0e-4879-a6ae-142fe325b343,ae87331f-e6ad-4dc6-ac13-8affd74e6018,Gasto sin comprobante,,ARS,f,"Falta: empresa, subrubro, centro_costo, tipo_egreso | Requiere revisión manual para gestión.",20260311|CAPITAL ASSISTANCE SA|GASTO SIN COMPROBANTE|245.505
7d4409a6-684e-495e-bdfe-ee18e8eb1fd8,2026-03-11,2026-03,Declaración Jurada Suss: 02/2026,610974.64,,Transferencia Bancaria,Estimado,matriz_historica,revisar,3afe9fbe-11f8-43b3-b28e-a6ae0aff1093,a3831295-0538-40ff-b912-e8cc361d16fc,Gasto sin comprobante,,ARS,f,"Falta: empresa, subrubro, centro_costo, tipo_egreso | Gasto operativo mensual.",20260311|MORA CERO SA|GASTO SIN COMPROBANTE|610.975
fe6be1fb-8eac-48c2-bb4c-bb31dc998cc0,2026-03-11,2026-03,Pago Sindicato 02/2026,110348.92,,Transferencia Bancaria,Estimado,matriz_historica,revisar,3afe9fbe-11f8-43b3-b28e-a6ae0aff1093,a3831295-0538-40ff-b912-e8cc361d16fc,Gasto sin comprobante,,ARS,f,"Falta: empresa, subrubro, centro_costo, tipo_egreso | Gasto operativo mensual.",20260311|MORA CERO SA|GASTO SIN COMPROBANTE|110.349
dc6864ee-5458-4dad-a3c8-06894a6785ff,2026-03-18,2026-03,Facturas estimadas GDG,30000000.0,,ECHEQ,Estimado,matriz_historica,revisar,35b84597-b6c6-4da9-ba8c-d5cb02c5485f,2c118e4e-3848-4b55-8b25-ac23a8846c7f,Gasto sin comprobante,,ARS,f,"Falta: empresa, subrubro, centro_costo, tipo_egreso | Requiere revisión manual para gestión.",20260318|NETSHARING SA|GASTO SIN COMPROBANTE|30.000.000
d4cdd46a-3223-4977-8c76-12b21cdb889b,2026-03-11,2026-03,Gastos Libreria - Capitan Sarmiento,45000.0,,Efectivo,Estimado,matriz_historica,revisar,5aa4a93a-17f8-444b-ac22-b536e094bc86,2c118e4e-3848-4b55-8b25-ac23a8846c7f,Gasto sin comprobante,,ARS,f,"Falta: empresa, subrubro, centro_costo, tipo_egreso | Requiere revisión manual para gestión.",20260311|NETSHARING SA|GASTO SIN COMPROBANTE|45.000
163f71f6-3d2e-4ea5-812a-56e59a888f88,2026-03-11,2026-03,Pago Honorarios Ramiro (diseño Web),825000.0,,Transferencia Bancaria,Estimado,matriz_historica,revisar,bee3671b-e640-4c7b-b015-5d2ace3a2cf4,2c118e4e-3848-4b55-8b25-ac23a8846c7f,Gasto sin comprobante,,ARS,f,"Falta: empresa, subrubro, centro_costo, tipo_egreso | Requiere revisión manual para gestión.",20260311|NETSHARING SA|GASTO SIN COMPROBANTE|825.000
6260859b-778e-4b65-b6de-2496bb5676e2,2026-03-11,2026-03,Sopnet Servidor - Echeq 04 de 05,1401283.91,,ECHEQ,Estimado,matriz_historica,revisar,802af493-2f23-4d62-becc-e13951069416,2c118e4e-3848-4b55-8b25-ac23a8846c7f,Gasto sin comprobante,,ARS,f,"Falta: empresa, subrubro, centro_costo, tipo_egreso | Requiere revisión manual para gestión.",20260311|NETSHARING SA|GASTO SIN COMPROBANTE|1.401.284
1ead2a7e-b62e-4055-99ff-f46a84adefa0,2026-03-11,2026-03,Busqueda personal Burzaco - Almirante Brown (estimado),1800000.0,,Transferencia Bancaria,Estimado,matriz_historica,revisar,3afe9fbe-11f8-43b3-b28e-a6ae0aff1093,2c118e4e-3848-4b55-8b25-ac23a8846c7f,Gasto sin comprobante,,ARS,f,"Falta: empresa, subrubro, centro_costo, tipo_egreso | Gasto operativo mensual.",20260311|NETSHARING SA|GASTO SIN COMPROBANTE|1.800.000
81c3c368-cc4d-4e12-8c68-4074ca86e5e9,2026-03-11,2026-03,Declaración Jurada Suss: 02/2026,4383355.54,,Transferencia Bancaria,Estimado,matriz_historica,revisar,3afe9fbe-11f8-43b3-b28e-a6ae0aff1093,2c118e4e-3848-4b55-8b25-ac23a8846c7f,Gasto sin comprobante,,ARS,f,"Falta: empresa, subrubro, centro_costo, tipo_egreso | Gasto operativo mensual.",20260311|NETSHARING SA|GASTO SIN COMPROBANTE|4.383.356
79d66f4c-eb4d-4c7e-be58-e8af7e8082e1,2026-03-11,2026-03,Pago Sindicato 02/2026,416433.36,,Transferencia Bancaria,Estimado,matriz_historica,revisar,3afe9fbe-11f8-43b3-b28e-a6ae0aff1093,2c118e4e-3848-4b55-8b25-ac23a8846c7f,Gasto sin comprobante,,ARS,f,"Falta: empresa, subrubro, centro_costo, tipo_egreso | Gasto operativo mensual.",20260311|NETSHARING SA|GASTO SIN COMPROBANTE|416.433
966a08ce-315d-4a2e-ac6e-79844e60f682,2026-03-11,2026-03,Declaración Jurada Suss: 02/2026,340560.16,,Transferencia Bancaria,Estimado,matriz_historica,revisar,3afe9fbe-11f8-43b3-b28e-a6ae0aff1093,412f3f61-3312-4bb0-ae19-e3b789145d6c,Gasto sin comprobante,,ARS,f,"Falta: empresa, subrubro, centro_costo, tipo_egreso | Gasto operativo mensual.",20260311|TOOLS SOLUTION SA|GASTO SIN COMPROBANTE|340.560
c39552a4-042d-4a57-a9c6-19d477fb8894,2026-03-11,2026-03,Pago Sindicato 02/2026,59171.43,,Transferencia Bancaria,Estimado,matriz_historica,revisar,3afe9fbe-11f8-43b3-b28e-a6ae0aff1093,412f3f61-3312-4bb0-ae19-e3b789145d6c,Gasto sin comprobante,,ARS,f,"Falta: empresa, subrubro, centro_costo, tipo_egreso | Gasto operativo mensual.",20260311|TOOLS SOLUTION SA|GASTO SIN COMPROBANTE|59.171
6846a2a7-4f29-41cd-b254-7908f8055cca,2026-03-12,2026-03,Póliza Caución Galeno - Renovación,669738.99,,Transferencia Bancaria,Estimado,matriz_historica,revisar,f7d6d083-651b-4d01-99db-0ac4b8fe683d,a3831295-0538-40ff-b912-e8cc361d16fc,Gasto sin comprobante,,ARS,f,"Falta: empresa, subrubro, centro_costo, tipo_egreso | Requiere revisión manual para gestión.",20260312|MORA CERO SA|GASTO SIN COMPROBANTE|669.739
d42a50bf-63a3-4d5b-9799-889f8c7df3a5,2026-03-12,2026-03,Honorario Salvador - Publicidad Meta,352500.0,,Transferencia Bancaria,Estimado,matriz_historica,revisar,bee3671b-e640-4c7b-b015-5d2ace3a2cf4,2c118e4e-3848-4b55-8b25-ac23a8846c7f,Gasto sin comprobante,,ARS,f,"Falta: empresa, subrubro, centro_costo, tipo_egreso | Requiere revisión manual para gestión.",20260312|NETSHARING SA|GASTO SIN COMPROBANTE|352.500
efb0ba34-5511-4283-88e5-2a21b06db0f9,2026-03-12,2026-03,BM Tecnología - Hardware - Echeq 03 de 03,1423424.16,,ECHEQ,Estimado,matriz_historica,revisar,ec2dd757-a3c4-4924-ab86-ffd948ee8842,2c118e4e-3848-4b55-8b25-ac23a8846c7f,Gasto sin comprobante,,ARS,f,"Falta: empresa, subrubro, centro_costo, tipo_egreso | Requiere revisión manual para gestión.",20260312|NETSHARING SA|GASTO SIN COMPROBANTE|1.423.424
840677d7-a646-4d91-9667-adb51d4cba79,2026-03-12,2026-03,Gastos de Certificación Balances 2024 y 2025,720000.0,,Transferencia Bancaria,Estimado,matriz_historica,revisar,7d540775-8719-4ead-991c-9055dd764fef,412f3f61-3312-4bb0-ae19-e3b789145d6c,Gasto sin comprobante,,ARS,f,"Falta: empresa, subrubro, centro_costo, tipo_egreso | Requiere revisión manual para gestión.",20260312|TOOLS SOLUTION SA|GASTO SIN COMPROBANTE|720.000
542104db-4b39-4734-ba10-3db0029c5100,2026-03-13,2026-03,Destin SA - Echeq 02 - 02,1245609.8,,ECHEQ,Estimado,matriz_historica,revisar,b15301ef-1ff7-4a06-9463-6486f2c5fe57,00973821-e775-4164-8183-22f645d4aad6,Gasto sin comprobante,,ARS,f,"Falta: empresa, subrubro, centro_costo, tipo_egreso | Requiere revisión manual para gestión.",20260313|AI BLOCK TECHNOLOGIES SRL|GASTO SIN COMPROBANTE|1.245.610
910e201c-eb42-4f2a-8cdd-f93a6dcbb3f7,2026-03-13,2026-03,Alarmas Comahue AB,40000.0,,Débito Automático,Estimado,matriz_historica,revisar,d8c35c6e-a653-4c16-98c7-0bea59b63438,ae87331f-e6ad-4dc6-ac13-8affd74e6018,Gasto sin comprobante,,ARS,f,"Falta: empresa, subrubro, centro_costo, tipo_egreso | Requiere revisión manual para gestión.",20260313|CAPITAL ASSISTANCE SA|GASTO SIN COMPROBANTE|40.000
be668491-5b77-4578-b8ee-dae2345ba42e,2026-03-13,2026-03,Pago IIBB 01/2026 (estimado),380000.0,,Transferencia Bancaria,Estimado,matriz_historica,revisar,57f782a8-a815-4e51-b69b-9a2f5d619ca0,8160b26b-70a5-45df-b09f-98f2365f7b61,Gasto sin comprobante,,ARS,f,"Falta: empresa, subrubro, centro_costo, tipo_egreso | Requiere revisión manual para gestión.",20260313|FIBER UP SA|GASTO SIN COMPROBANTE|380.000
17c51dd3-433f-44c5-9139-c8934b3386c0,2026-03-13,2026-03,Declaración Jurada IIBB: 02/2026 - ( estimada ),5000.0,,Transferencia Bancaria,Estimado,matriz_historica,revisar,57f782a8-a815-4e51-b69b-9a2f5d619ca0,d3df491b-f0f2-4b79-a73f-36fda5f2bba7,Gasto sin comprobante,,ARS,f,"Falta: empresa, subrubro, centro_costo, tipo_egreso | Requiere revisión manual para gestión.",20260313|LA EXPRESION SRL|GASTO SIN COMPROBANTE|5.000
eec28b0f-90e7-4ac4-a300-cca5ab96daf9,2026-03-13,2026-03,Pago Servicio de Postes Mensual - Edea Capitan Sarmiento,1078026.92,,Transferencia Bancaria,Estimado,matriz_historica,revisar,2f73bc60-4eb7-48f6-a0da-57197bcf63bf,2c118e4e-3848-4b55-8b25-ac23a8846c7f,Gasto sin comprobante,,ARS,f,"Falta: empresa, subrubro, centro_costo, tipo_egreso | Requiere revisión manual para gestión.",20260313|NETSHARING SA|GASTO SIN COMPROBANTE|1.078.027
d99a1536-432e-44b9-acbe-9ea4a92da4e3,2026-03-16,2026-03,Pago FC Edesur - Deposito Burzaco,636088.12,,Transferencia Bancaria,Estimado,matriz_historica,revisar,c79a1013-b175-4b93-ba18-e69908201cee,ae87331f-e6ad-4dc6-ac13-8affd74e6018,Gasto sin comprobante,,ARS,f,"Falta: empresa, subrubro, centro_costo, tipo_egreso | Requiere revisión manual para gestión.",20260316|CAPITAL ASSISTANCE SA|GASTO SIN COMPROBANTE|636.088
0f59132e-557b-412f-b370-8cf48b2369ad,2026-03-16,2026-03,Pago FC Municipal - Capitan Sarmiento Local,16444.0,,Transferencia Bancaria,Estimado,matriz_historica,revisar,c79a1013-b175-4b93-ba18-e69908201cee,ae87331f-e6ad-4dc6-ac13-8affd74e6018,Gasto sin comprobante,,ARS,f,"Falta: empresa, subrubro, centro_costo, tipo_egreso | Requiere revisión manual para gestión.",20260316|CAPITAL ASSISTANCE SA|GASTO SIN COMPROBANTE|16.444
6fe91374-833e-43e8-a1f3-c9ae7009e088,2026-03-16,2026-03,Abono mensual BircleAI - Febrero 2026,1530352.13,,Transferencia Bancaria,Estimado,matriz_historica,revisar,bee3671b-e640-4c7b-b015-5d2ace3a2cf4,2c118e4e-3848-4b55-8b25-ac23a8846c7f,Gasto sin comprobante,,ARS,f,"Falta: empresa, subrubro, centro_costo, tipo_egreso | Requiere revisión manual para gestión.",20260316|NETSHARING SA|GASTO SIN COMPROBANTE|1.530.352
e12b29e4-2a11-4e74-b10a-23a193647459,2026-03-16,2026-03,Abono Metrotel Of. Carlos Pellegrini 887,105772.0,,Transferencia Bancaria,Estimado,matriz_historica,revisar,c79a1013-b175-4b93-ba18-e69908201cee,2c118e4e-3848-4b55-8b25-ac23a8846c7f,Gasto sin comprobante,,ARS,f,"Falta: empresa, subrubro, centro_costo, tipo_egreso | Requiere revisión manual para gestión.",20260316|NETSHARING SA|GASTO SIN COMPROBANTE|105.772
cdae0e7a-fcce-40ab-a427-4869912dc263,2026-03-16,2026-03,Sopnet Abono mensual - Almirante Brown - ( estimado ),1426590.0,,Transferencia Bancaria,Estimado,matriz_historica,revisar,401bd464-2d3e-4930-b6d4-b2ebe0063670,2c118e4e-3848-4b55-8b25-ac23a8846c7f,Gasto sin comprobante,,ARS,f,"Falta: empresa, subrubro, centro_costo, tipo_egreso | Requiere revisión manual para gestión.",20260316|NETSHARING SA|GASTO SIN COMPROBANTE|1.426.590
0e7c8e97-b714-4359-88bd-3a5dcaef950e,2026-03-16,2026-03,Sopnet Abono mensual - Capitan Sarmiento - ( estimado ),1141272.0,,Transferencia Bancaria,Estimado,matriz_historica,revisar,401bd464-2d3e-4930-b6d4-b2ebe0063670,2c118e4e-3848-4b55-8b25-ac23a8846c7f,Gasto sin comprobante,,ARS,f,"Falta: empresa, subrubro, centro_costo, tipo_egreso | Requiere revisión manual para gestión.",20260316|NETSHARING SA|GASTO SIN COMPROBANTE|1.141.272
6f1be891-4a17-4abd-adc3-35b605c90842,2026-03-16,2026-03,Sopnet Abono mensual - Varela - ( estimado ),240790.0,,Transferencia Bancaria,Estimado,matriz_historica,revisar,401bd464-2d3e-4930-b6d4-b2ebe0063670,2c118e4e-3848-4b55-8b25-ac23a8846c7f,Gasto sin comprobante,,ARS,f,"Falta: empresa, subrubro, centro_costo, tipo_egreso | Requiere revisión manual para gestión.",20260316|NETSHARING SA|GASTO SIN COMPROBANTE|240.790
105ea9fe-b97b-4532-b853-579263f12379,2026-03-16,2026-03,Plan Facilidades - ARCA Ct 04 de 12,312760.0,,Transferencia Bancaria,Estimado,matriz_historica,revisar,57f782a8-a815-4e51-b69b-9a2f5d619ca0,ae87331f-e6ad-4dc6-ac13-8affd74e6018,Gasto sin comprobante,,ARS,f,"Falta: empresa, subrubro, centro_costo, tipo_egreso | Requiere revisión manual para gestión.",20260316|CAPITAL ASSISTANCE SA|GASTO SIN COMPROBANTE|312.760
fa0be2ed-fed2-488c-9f6b-ddf0b7d339da,2026-03-16,2026-03,Com. Ventas Mensual CABA - Febrero 2026,750000.0,,Efectivo,Estimado,matriz_historica,revisar,6f678363-205a-4081-ae32-2d2a8999f5e2,2c118e4e-3848-4b55-8b25-ac23a8846c7f,Gasto sin comprobante,,ARS,f,"Falta: empresa, subrubro, centro_costo, tipo_egreso | Requiere revisión manual para gestión.",20260316|NETSHARING SA|GASTO SIN COMPROBANTE|750.000
75ee442e-b71a-4e95-8d78-483072c1736f,2026-03-16,2026-03,Gastos productos Limpieza - Capitan Sarmiento,30000.0,,Efectivo,Estimado,matriz_historica,revisar,c79a1013-b175-4b93-ba18-e69908201cee,2c118e4e-3848-4b55-8b25-ac23a8846c7f,Gasto sin comprobante,,ARS,f,"Falta: empresa, subrubro, centro_costo, tipo_egreso | Requiere revisión manual para gestión.",20260316|NETSHARING SA|GASTO SIN COMPROBANTE|30.000
1fff2cc7-9493-4a40-8f25-997201c247aa,2026-03-16,2026-03,Declaración Jurada IIBB: 02/2026 (estimado),5000.0,,Transferencia Bancaria,Estimado,matriz_historica,revisar,57f782a8-a815-4e51-b69b-9a2f5d619ca0,169b39f8-5b5d-4ca9-8480-43acc4095b49,Gasto sin comprobante,,ARS,f,"Falta: empresa, subrubro, centro_costo, tipo_egreso | Requiere revisión manual para gestión.",20260316|SINDEL GROUP SRL|GASTO SIN COMPROBANTE|5.000
13aa6a62-2ba4-4108-b491-661ee33e7e3d,2026-03-17,2026-03,Rep. FF Maximiliano Bernardis - (Estimado),350000.0,,Efectivo,Estimado,matriz_historica,revisar,bb1c15ed-e9c2-4d30-a2b8-851a5f97297b,2d1f2a4e-e4f8-4327-9230-7ee2cc10e352,Gasto sin comprobante,,ARS,f,"Falta: empresa, subrubro, centro_costo, tipo_egreso | Abrir por comprobantes: combustible/viáticos OPEX; herramientas/materiales CAPEX.",20260317|ARGENGRAFT SRL|GASTO SIN COMPROBANTE|350.000
21ba350f-31a6-4d37-93ba-6cc82ac394d2,2026-03-17,2026-03,Rep. FF Sergio Araujo - (Estimado),250000.0,,Efectivo,Estimado,matriz_historica,revisar,bb1c15ed-e9c2-4d30-a2b8-851a5f97297b,2d1f2a4e-e4f8-4327-9230-7ee2cc10e352,Gasto sin comprobante,,ARS,f,"Falta: empresa, subrubro, centro_costo, tipo_egreso | Abrir por comprobantes: combustible/viáticos OPEX; herramientas/materiales CAPEX.",20260317|ARGENGRAFT SRL|GASTO SIN COMPROBANTE|250.000
cf1bc97f-4611-4a37-a7ed-bf34c414109e,2026-03-17,2026-03,Instalaciones - Antonio / Semana 09/03 - 14/03,720000.0,,Efectivo,Estimado,matriz_historica,revisar,8ac1dd5b-a9a7-4236-ae0d-85fa08133eaa,2c118e4e-3848-4b55-8b25-ac23a8846c7f,Gasto sin comprobante,,ARS,f,"Falta: empresa, subrubro, centro_costo, tipo_egreso | Requiere revisión manual para gestión.",20260317|NETSHARING SA|GASTO SIN COMPROBANTE|720.000
b0fc007b-b14b-4115-ab7e-9f2d2d03a9a4,2026-03-17,2026-03,Instalaciones - Gonzalo / Semana 09/03 - 14/03,648000.0,,Efectivo,Estimado,matriz_historica,revisar,8ac1dd5b-a9a7-4236-ae0d-85fa08133eaa,2c118e4e-3848-4b55-8b25-ac23a8846c7f,Gasto sin comprobante,,ARS,f,"Falta: empresa, subrubro, centro_costo, tipo_egreso | Requiere revisión manual para gestión.",20260317|NETSHARING SA|GASTO SIN COMPROBANTE|648.000
27cd5d3e-c0b6-41a6-9c41-8212b78f5ba6,2026-03-17,2026-03,Instalaciones - José / Semana 09/03 - 14/03,872640.0,,Efectivo,Estimado,matriz_historica,revisar,8ac1dd5b-a9a7-4236-ae0d-85fa08133eaa,2c118e4e-3848-4b55-8b25-ac23a8846c7f,Gasto sin comprobante,,ARS,f,"Falta: empresa, subrubro, centro_costo, tipo_egreso | Requiere revisión manual para gestión.",20260317|NETSHARING SA|GASTO SIN COMPROBANTE|872.640
c7e9dc08-7db7-4577-9e21-d8b4ab458c44,2026-03-17,2026-03,Instalaciones - Maximiliano / Semana 09/03 - 14/03,720000.0,,Efectivo,Estimado,matriz_historica,revisar,8ac1dd5b-a9a7-4236-ae0d-85fa08133eaa,2c118e4e-3848-4b55-8b25-ac23a8846c7f,Gasto sin comprobante,,ARS,f,"Falta: empresa, subrubro, centro_costo, tipo_egreso | Requiere revisión manual para gestión.",20260317|NETSHARING SA|GASTO SIN COMPROBANTE|720.000
90da69e5-909e-40e0-b314-f2be4844ab22,2026-03-17,2026-03,Retiro de ONU - Reconexión de ONU,42000.0,,Efectivo,Estimado,matriz_historica,revisar,8ac1dd5b-a9a7-4236-ae0d-85fa08133eaa,2c118e4e-3848-4b55-8b25-ac23a8846c7f,Gasto sin comprobante,,ARS,f,"Falta: empresa, subrubro, centro_costo, tipo_egreso | Regla definida: herramientas y materiales se clasifican como CAPEX.",20260317|NETSHARING SA|GASTO SIN COMPROBANTE|42.000
b33a96ea-a068-4905-8225-fe88684fd211,2026-03-17,2026-03,Com. Ventas semanales Almirante Brown,50000.0,,Efectivo,Estimado,matriz_historica,revisar,6f678363-205a-4081-ae32-2d2a8999f5e2,2c118e4e-3848-4b55-8b25-ac23a8846c7f,Gasto sin comprobante,,ARS,f,"Falta: empresa, subrubro, centro_costo, tipo_egreso | Requiere revisión manual para gestión.",20260317|NETSHARING SA|GASTO SIN COMPROBANTE|50.000
e98e3db7-bba6-4336-9aa2-8e2d8e3c5763,2026-03-17,2026-03,Com. Ventas quincenales Capitan Sarmiento 02/2026 - Marcelo / Gaspar (1ª quincena),450000.0,,Efectivo,Estimado,matriz_historica,revisar,6f678363-205a-4081-ae32-2d2a8999f5e2,2c118e4e-3848-4b55-8b25-ac23a8846c7f,Gasto sin comprobante,,ARS,f,"Falta: empresa, subrubro, centro_costo, tipo_egreso | Requiere revisión manual para gestión.",20260317|NETSHARING SA|GASTO SIN COMPROBANTE|450.000
98bc5863-00c4-41f2-b103-6d30aa540b70,2026-03-17,2026-03,Pago Mano de Obra - Etapa I,8000000.0,,Efectivo,Estimado,matriz_historica,revisar,e3df9d7b-9370-44e2-82e3-381be887ef77,2c118e4e-3848-4b55-8b25-ac23a8846c7f,Gasto sin comprobante,,ARS,f,"Falta: empresa, subrubro, centro_costo, tipo_egreso | Requiere revisión manual para gestión.",20260317|NETSHARING SA|GASTO SIN COMPROBANTE|8.000.000
cefa8950-4f0c-4f85-8c44-835bd5fcfa67,2026-03-17,2026-03,Compra Supermercado Of. Carlos Pellegrini 887,50000.0,,Efectivo,Estimado,matriz_historica,revisar,c79a1013-b175-4b93-ba18-e69908201cee,2c118e4e-3848-4b55-8b25-ac23a8846c7f,Gasto sin comprobante,,ARS,f,"Falta: empresa, subrubro, centro_costo, tipo_egreso | Requiere revisión manual para gestión.",20260317|NETSHARING SA|GASTO SIN COMPROBANTE|50.000
3144fd5e-071f-4599-ae94-751783c2326f,2026-03-17,2026-03,Declaración Jurada IIBB: 02/2026 (estimado),10000.0,,Transferencia Bancaria,Estimado,matriz_historica,revisar,57f782a8-a815-4e51-b69b-9a2f5d619ca0,412f3f61-3312-4bb0-ae19-e3b789145d6c,Gasto sin comprobante,,ARS,f,"Falta: empresa, subrubro, centro_costo, tipo_egreso | Requiere revisión manual para gestión.",20260317|TOOLS SOLUTION SA|GASTO SIN COMPROBANTE|10.000
f2302955-bc3c-4142-92d7-400df41c9af4,2026-03-17,2026-03,Declaración Jurada IIBB: 02/2026 - ( estimado ),5000.0,,Transferencia Bancaria,Estimado,matriz_historica,revisar,57f782a8-a815-4e51-b69b-9a2f5d619ca0,d5d2b619-687e-46f2-b516-f2b3ac4d0301,Gasto sin comprobante,,ARS,f,"Falta: empresa, subrubro, centro_costo, tipo_egreso | Requiere revisión manual para gestión.",20260317|ZELED SA|GASTO SIN COMPROBANTE|5.000
c45acb0a-79d9-4717-aa2c-166034da4191,2026-03-18,2026-03,Facturas De las Misiones - Compra de Postes,124000000.0,,Transferencia Bancaria,Estimado,matriz_historica,revisar,7be2795b-7559-4c69-a6e2-dc28e638ffa1,00973821-e775-4164-8183-22f645d4aad6,Gasto sin comprobante,,ARS,f,"Falta: empresa, subrubro, centro_costo, tipo_egreso | Requiere revisión manual para gestión.",20260318|AI BLOCK TECHNOLOGIES SRL|GASTO SIN COMPROBANTE|124.000.000
f32d2899-c4ba-4cd7-a20f-c766562366b6,2026-03-18,2026-03,Sueldo 1ra Quincena 02/2026 (Recibo) - Nahuel Insaurralde (estimado),437035.45,,Transferencia Bancaria,Estimado,matriz_historica,revisar,3afe9fbe-11f8-43b3-b28e-a6ae0aff1093,00973821-e775-4164-8183-22f645d4aad6,Gasto sin comprobante,,ARS,f,"Falta: empresa, subrubro, centro_costo, tipo_egreso | Gasto operativo mensual.",20260318|AI BLOCK TECHNOLOGIES SRL|GASTO SIN COMPROBANTE|437.035
188cf3b7-c255-4c3b-becf-17b1ad216433,2026-03-18,2026-03,Sueldo 1ra Quincena 02/2026 (Recibo) - Sepulveda Manuel (estimado),408959.58,,Transferencia Bancaria,Estimado,matriz_historica,revisar,3afe9fbe-11f8-43b3-b28e-a6ae0aff1093,00973821-e775-4164-8183-22f645d4aad6,Gasto sin comprobante,,ARS,f,"Falta: empresa, subrubro, centro_costo, tipo_egreso | Gasto operativo mensual.",20260318|AI BLOCK TECHNOLOGIES SRL|GASTO SIN COMPROBANTE|408.960
8642e14c-9f06-4e1f-b187-5ebd9f3cfe07,2026-03-18,2026-03,Sueldo 1ra Quincena 02/2026 (Recibo)- Córdoba Mauro (estimado),460764.16,,Transferencia Bancaria,Estimado,matriz_historica,revisar,3afe9fbe-11f8-43b3-b28e-a6ae0aff1093,00973821-e775-4164-8183-22f645d4aad6,Gasto sin comprobante,,ARS,f,"Falta: empresa, subrubro, centro_costo, tipo_egreso | Gasto operativo mensual.",20260318|AI BLOCK TECHNOLOGIES SRL|GASTO SIN COMPROBANTE|460.764
025f4c7f-82dc-4ed2-b03d-ef2efd38a399,2026-03-18,2026-03,Sueldo 1ra Quincena 02/2026 (Recibo)- Gramajo Mauro (estimado),408959.58,,Transferencia Bancaria,Estimado,matriz_historica,revisar,3afe9fbe-11f8-43b3-b28e-a6ae0aff1093,00973821-e775-4164-8183-22f645d4aad6,Gasto sin comprobante,,ARS,f,"Falta: empresa, subrubro, centro_costo, tipo_egreso | Gasto operativo mensual.",20260318|AI BLOCK TECHNOLOGIES SRL|GASTO SIN COMPROBANTE|408.960
259d3248-3628-4868-b00f-9a45a83c715b,2026-03-18,2026-03,Sueldo 1ra Quincena 02/2026 (Recibo)- Gutierrez Marcelo (estimado),525000.0,,Transferencia Bancaria,Estimado,matriz_historica,revisar,3afe9fbe-11f8-43b3-b28e-a6ae0aff1093,00973821-e775-4164-8183-22f645d4aad6,Gasto sin comprobante,,ARS,f,"Falta: empresa, subrubro, centro_costo, tipo_egreso | Gasto operativo mensual.",20260318|AI BLOCK TECHNOLOGIES SRL|GASTO SIN COMPROBANTE|525.000
e8a579c2-cd8e-427c-bf30-88d760e8af2e,2026-03-18,2026-03,Sueldo 1ra Quincena 02/2026 (Recibo)- Oliva Matias (estimado),647075.3,,Transferencia Bancaria,Estimado,matriz_historica,revisar,3afe9fbe-11f8-43b3-b28e-a6ae0aff1093,00973821-e775-4164-8183-22f645d4aad6,Gasto sin comprobante,,ARS,f,"Falta: empresa, subrubro, centro_costo, tipo_egreso | Gasto operativo mensual.",20260318|AI BLOCK TECHNOLOGIES SRL|GASTO SIN COMPROBANTE|647.075
8452837b-5c60-4bc1-aaa6-5c03659c187f,2026-03-18,2026-03,Sueldo 1ra Quincena 03/2026 (Recibo) - Gallo Gonzalo (estimado),599841.0,,Transferencia Bancaria,Estimado,matriz_historica,revisar,3afe9fbe-11f8-43b3-b28e-a6ae0aff1093,00973821-e775-4164-8183-22f645d4aad6,Gasto sin comprobante,,ARS,f,"Falta: empresa, subrubro, centro_costo, tipo_egreso | Gasto operativo mensual.",20260318|AI BLOCK TECHNOLOGIES SRL|GASTO SIN COMPROBANTE|599.841
17f347c5-ddba-4d90-8289-0dea7a747422,2026-03-18,2026-03,Sueldo 1ra Quincena 03/2026 (Recibo) - Maidana Alexis Josias,525000.0,,Transferencia Bancaria,Estimado,matriz_historica,revisar,3afe9fbe-11f8-43b3-b28e-a6ae0aff1093,00973821-e775-4164-8183-22f645d4aad6,Gasto sin comprobante,,ARS,f,"Falta: empresa, subrubro, centro_costo, tipo_egreso | Gasto operativo mensual.",20260318|AI BLOCK TECHNOLOGIES SRL|GASTO SIN COMPROBANTE|525.000
0c0ce0c7-3691-499b-a459-affbc1df1d01,2026-03-18,2026-03,Sueldo 1ra Quincena 03/2026 (Recibo) - Maldonado Rodolfo (estimado),462062.66,,Transferencia Bancaria,Estimado,matriz_historica,revisar,3afe9fbe-11f8-43b3-b28e-a6ae0aff1093,00973821-e775-4164-8183-22f645d4aad6,Gasto sin comprobante,,ARS,f,"Falta: empresa, subrubro, centro_costo, tipo_egreso | Gasto operativo mensual.",20260318|AI BLOCK TECHNOLOGIES SRL|GASTO SIN COMPROBANTE|462.063
71b84a55-466a-41fa-8703-f36dcf4f1e50,2026-03-18,2026-03,Sueldo 1ra Quincena 03/2026 (Recibo) - Monzon Hugo (estimado),511923.47,,Transferencia Bancaria,Estimado,matriz_historica,revisar,3afe9fbe-11f8-43b3-b28e-a6ae0aff1093,00973821-e775-4164-8183-22f645d4aad6,Gasto sin comprobante,,ARS,f,"Falta: empresa, subrubro, centro_costo, tipo_egreso | Gasto operativo mensual.",20260318|AI BLOCK TECHNOLOGIES SRL|GASTO SIN COMPROBANTE|511.923
16fcffed-8f58-4742-88ed-74e3e7bf34e3,2026-03-18,2026-03,Tasa de Control y Servicio Universal (estimado),50000.0,,Transferencia Bancaria,Estimado,matriz_historica,revisar,79b49007-c36a-4120-af17-31d6e8776c0a,5d1b320a-cfc6-491b-bccf-cb4ee397b256,Gasto sin comprobante,,ARS,f,"Falta: empresa, subrubro, centro_costo, tipo_egreso | Requiere revisión manual para gestión.",20260318|AKAI SA|GASTO SIN COMPROBANTE|50.000
71ac1a4b-644c-4fe7-a494-ca314ff6e22c,2026-03-18,2026-03,Pago Valentín - Proyecto Argengraft SRL - Esteban Echeverria,50548184.17,,Efectivo,Estimado,matriz_historica,revisar,5b9a35f7-866b-474c-bc5b-1ba642eb414c,2d1f2a4e-e4f8-4327-9230-7ee2cc10e352,Gasto sin comprobante,,ARS,f,"Falta: empresa, subrubro, centro_costo, tipo_egreso | Requiere revisión manual para gestión.",20260318|ARGENGRAFT SRL|GASTO SIN COMPROBANTE|50.548.184
565cbe8f-b96b-446a-9d6c-833eba4e9bd7,2026-03-18,2026-03,Pago FC Agua - Capitan Sarmiento Local (estimado),34800.0,,Transferencia Bancaria,Estimado,matriz_historica,revisar,c79a1013-b175-4b93-ba18-e69908201cee,ae87331f-e6ad-4dc6-ac13-8affd74e6018,Gasto sin comprobante,,ARS,f,"Falta: empresa, subrubro, centro_costo, tipo_egreso | Requiere revisión manual para gestión.",20260318|CAPITAL ASSISTANCE SA|GASTO SIN COMPROBANTE|34.800
42cb7d38-fe8f-4302-aa1b-a6a40576300a,2026-03-18,2026-03,Lusso SRL -GDG -Echeq 04 de 05,21748101.24,,ECHEQ,Estimado,matriz_historica,revisar,35b84597-b6c6-4da9-ba8c-d5cb02c5485f,2c118e4e-3848-4b55-8b25-ac23a8846c7f,Gasto sin comprobante,,ARS,f,"Falta: empresa, subrubro, centro_costo, tipo_egreso | Requiere revisión manual para gestión.",20260318|NETSHARING SA|GASTO SIN COMPROBANTE|21.748.101
e750b0f2-a333-4951-8372-95cf3df7b2e4,2026-03-18,2026-03,IPSERVICES Echeq - Echeq 03 de 05,3269664.36,,ECHEQ,Estimado,matriz_historica,revisar,802af493-2f23-4d62-becc-e13951069416,2c118e4e-3848-4b55-8b25-ac23a8846c7f,Gasto sin comprobante,,ARS,f,"Falta: empresa, subrubro, centro_costo, tipo_egreso | Compra de equipos; no impactar como gasto operativo mensual.",20260318|NETSHARING SA|GASTO SIN COMPROBANTE|3269664.36
f1adebde-f2ae-4ceb-915f-70bf72bcb717,2026-03-18,2026-03,Gastos Certificación Balances Permawe 2024 y 2025,3667000.0,,Transferencia Bancaria,Estimado,matriz_historica,revisar,7d540775-8719-4ead-991c-9055dd764fef,0a184561-fd10-43ac-9fab-2d691a0ab10a,Gasto sin comprobante,,ARS,f,"Falta: empresa, subrubro, centro_costo, tipo_egreso | Requiere revisión manual para gestión.",20260318|PERMAWE SRL|GASTO SIN COMPROBANTE|3.667.000
f95bace1-715f-45a7-b07b-8449df00bb12,2026-03-19,2026-03,Pago FC Eden - Capitan Sarmiento Local (estimado),547363.76,,Transferencia Bancaria,Estimado,matriz_historica,revisar,c79a1013-b175-4b93-ba18-e69908201cee,ae87331f-e6ad-4dc6-ac13-8affd74e6018,Gasto sin comprobante,,ARS,f,"Falta: empresa, subrubro, centro_costo, tipo_egreso | Requiere revisión manual para gestión.",20260319|CAPITAL ASSISTANCE SA|GASTO SIN COMPROBANTE|547.364
4ed40775-b4ef-4081-b2a1-4caa8d905086,2026-03-19,2026-03,Tasa de Control y Servicio Universal (estimado),45000.0,,Transferencia Bancaria,Estimado,matriz_historica,revisar,79b49007-c36a-4120-af17-31d6e8776c0a,ae87331f-e6ad-4dc6-ac13-8affd74e6018,Gasto sin comprobante,,ARS,f,"Falta: empresa, subrubro, centro_costo, tipo_egreso | Requiere revisión manual para gestión.",20260319|CAPITAL ASSISTANCE SA|GASTO SIN COMPROBANTE|45.000
e2f3f78c-fee4-4714-b96d-d1b69e5a4cb3,2026-03-19,2026-03,Declaración Jurada IVA: 02/2026 - ( estimada ),40000.0,,Transferencia Bancaria,Estimado,matriz_historica,revisar,57f782a8-a815-4e51-b69b-9a2f5d619ca0,d3df491b-f0f2-4b79-a73f-36fda5f2bba7,Gasto sin comprobante,,ARS,f,"Falta: empresa, subrubro, centro_costo, tipo_egreso | Requiere revisión manual para gestión.",20260319|LA EXPRESION SRL|GASTO SIN COMPROBANTE|40.000
abfb338f-2121-4115-a682-7a67a13cfd92,2026-03-19,2026-03,Declaración Jurada IIBB: 02/2026 (estimado),25000.0,,Transferencia Bancaria,Estimado,matriz_historica,revisar,57f782a8-a815-4e51-b69b-9a2f5d619ca0,d8bc0e6a-dee3-49cc-ab4a-6841af77c205,Gasto sin comprobante,,ARS,f,"Falta: empresa, subrubro, centro_costo, tipo_egreso | Requiere revisión manual para gestión.",20260319|LSJ SRL|GASTO SIN COMPROBANTE|25.000
1a1c0406-16e8-4d10-9f4e-2266f684b751,2026-03-19,2026-03,Tasa de Control y Servicio Universal (estimado),40000.0,,Transferencia Bancaria,Estimado,matriz_historica,revisar,79b49007-c36a-4120-af17-31d6e8776c0a,a3831295-0538-40ff-b912-e8cc361d16fc,Gasto sin comprobante,,ARS,f,"Falta: empresa, subrubro, centro_costo, tipo_egreso | Requiere revisión manual para gestión.",20260319|MORA CERO SA|GASTO SIN COMPROBANTE|40.000
45162fd6-cb7b-4c8c-bf44-99a9afcd24a4,2026-03-19,2026-03,Gastos Papelera - CABA,80000.0,,Transferencia Bancaria,Estimado,matriz_historica,revisar,5aa4a93a-17f8-444b-ac22-b536e094bc86,2c118e4e-3848-4b55-8b25-ac23a8846c7f,Gasto sin comprobante,,ARS,f,"Falta: empresa, subrubro, centro_costo, tipo_egreso | Requiere revisión manual para gestión.",20260319|NETSHARING SA|GASTO SIN COMPROBANTE|80.000
9c374a16-ed21-4466-8d77-d75eb56e9e56,2026-03-19,2026-03,Bidones de Agua - Capitan Sarmiento,26000.0,,Efectivo,Estimado,matriz_historica,revisar,d7502a66-86b0-4d59-a5bd-96cf2e1ea382,2c118e4e-3848-4b55-8b25-ac23a8846c7f,Gasto sin comprobante,,ARS,f,"Falta: empresa, subrubro, centro_costo, tipo_egreso | Requiere revisión manual para gestión.",20260319|NETSHARING SA|GASTO SIN COMPROBANTE|26.000
5933c74c-8c34-49ee-9ff6-9e9e0760ff2e,2026-03-19,2026-03,Pago ABL Of. Pellegrini 03/2026,343554.08,,Transferencia Bancaria,Estimado,matriz_historica,revisar,c79a1013-b175-4b93-ba18-e69908201cee,2c118e4e-3848-4b55-8b25-ac23a8846c7f,Gasto sin comprobante,,ARS,f,"Falta: empresa, subrubro, centro_costo, tipo_egreso | Requiere revisión manual para gestión.",20260319|NETSHARING SA|GASTO SIN COMPROBANTE|343.554
18e29455-65a0-4ccc-ac2f-00686448585b,2026-03-19,2026-03,Tasa de Control y Servicio Universal (estimado),50000.0,,Transferencia Bancaria,Estimado,matriz_historica,revisar,79b49007-c36a-4120-af17-31d6e8776c0a,2c118e4e-3848-4b55-8b25-ac23a8846c7f,Gasto sin comprobante,,ARS,f,"Falta: empresa, subrubro, centro_costo, tipo_egreso | Requiere revisión manual para gestión.",20260319|NETSHARING SA|GASTO SIN COMPROBANTE|50.000
20a7b460-3ac5-4084-8d2f-0ebff1275702,2026-03-19,2026-03,Declaración Jurada IVA: 02/2026 (estimado),30000.0,,Transferencia Bancaria,Estimado,matriz_historica,revisar,57f782a8-a815-4e51-b69b-9a2f5d619ca0,169b39f8-5b5d-4ca9-8480-43acc4095b49,Gasto sin comprobante,,ARS,f,"Falta: empresa, subrubro, centro_costo, tipo_egreso | Requiere revisión manual para gestión.",20260319|SINDEL GROUP SRL|GASTO SIN COMPROBANTE|30.000
bf1cbc2f-8cf7-45b1-abce-2714be02a4a3,2026-03-20,2026-03,Innova Madera SA - Echeq 02 de 12,2451218.0,,ECHEQ,Estimado,matriz_historica,revisar,35b84597-b6c6-4da9-ba8c-d5cb02c5485f,8160b26b-70a5-45df-b09f-98f2365f7b61,Gasto sin comprobante,,ARS,f,"Falta: empresa, subrubro, centro_costo, tipo_egreso | Requiere revisión manual para gestión.",20260320|FIBER UP SA|GASTO SIN COMPROBANTE|2.451.218
55cd2718-be09-4abf-9611-84d2bdc18b60,2026-03-20,2026-03,Pago abono mensual Dodolink - 02/2026 - NOC Burzaco/Varela,5583847.0,,Transferencia Bancaria,Estimado,matriz_historica,revisar,74d83cac-df0b-4413-b160-92e262a61fcb,2c118e4e-3848-4b55-8b25-ac23a8846c7f,Gasto sin comprobante,,ARS,f,"Falta: empresa, subrubro, centro_costo, tipo_egreso | Proveedor mayorista recurrente.",20260320|NETSHARING SA|GASTO SIN COMPROBANTE|5.583.847
00974b56-63e8-4d26-a64e-fb2421a98775,2026-03-20,2026-03,Innova Madera SA - Echeq 02 de 12,8383333.55,,ECHEQ,Estimado,matriz_historica,revisar,35b84597-b6c6-4da9-ba8c-d5cb02c5485f,2c118e4e-3848-4b55-8b25-ac23a8846c7f,Gasto sin comprobante,,ARS,f,"Falta: empresa, subrubro, centro_costo, tipo_egreso | Requiere revisión manual para gestión.",20260320|NETSHARING SA|GASTO SIN COMPROBANTE|8.383.334
ab773fbc-a967-4551-8492-cd73c6824210,2026-03-20,2026-03,Combustible Autos - Capitan Sarmiento - 2 vehículos,80000.0,,Efectivo,Estimado,matriz_historica,revisar,f457200b-42b2-4dd7-8d1e-7912fd4592e3,2c118e4e-3848-4b55-8b25-ac23a8846c7f,Gasto sin comprobante,,ARS,f,"Falta: empresa, subrubro, centro_costo, tipo_egreso | Requiere revisión manual para gestión.",20260320|NETSHARING SA|GASTO SIN COMPROBANTE|80.000
9aac0692-ddeb-42b6-82cb-91c90d1837e3,2026-03-20,2026-03,Fozzatti - Stand Echeq - Echeq 02 de 03,1333333.33,,ECHEQ,Estimado,matriz_historica,revisar,bee3671b-e640-4c7b-b015-5d2ace3a2cf4,2c118e4e-3848-4b55-8b25-ac23a8846c7f,Gasto sin comprobante,,ARS,f,"Falta: empresa, subrubro, centro_costo, tipo_egreso | Requiere revisión manual para gestión.",20260320|NETSHARING SA|GASTO SIN COMPROBANTE|1.333.333
91aa1276-fd99-446d-b945-c56bf53528f8,2026-03-20,2026-03,Gastos Certificación Balances 2024 y 2025 (estimado),750000.0,,Transferencia Bancaria,Estimado,matriz_historica,revisar,7d540775-8719-4ead-991c-9055dd764fef,169b39f8-5b5d-4ca9-8480-43acc4095b49,Gasto sin comprobante,,ARS,f,"Falta: empresa, subrubro, centro_costo, tipo_egreso | Requiere revisión manual para gestión.",20260320|SINDEL GROUP SRL|GASTO SIN COMPROBANTE|750.000
07be2191-4c00-4b56-817a-e6e5d4244087,2026-03-25,2026-03,Pago Expensas C. Pellegrini 887 02/2026 (estimadas),1765000.0,,Transferencia Bancaria,Estimado,matriz_historica,revisar,c79a1013-b175-4b93-ba18-e69908201cee,2c118e4e-3848-4b55-8b25-ac23a8846c7f,Gasto sin comprobante,,ARS,f,"Falta: empresa, subrubro, centro_costo, tipo_egreso | Requiere revisión manual para gestión.",20260325|NETSHARING SA|GASTO SIN COMPROBANTE|1.765.000
2364bdd7-74a9-46fd-8531-f8ae97dfd389,2026-03-25,2026-03,Declaración Jurada IVA: 02/2026 (estimado),100000.0,,Transferencia Bancaria,Estimado,matriz_historica,revisar,57f782a8-a815-4e51-b69b-9a2f5d619ca0,d8bc0e6a-dee3-49cc-ab4a-6841af77c205,Gasto sin comprobante,,ARS,f,"Falta: empresa, subrubro, centro_costo, tipo_egreso | Requiere revisión manual para gestión.",20260325|LSJ SRL|GASTO SIN COMPROBANTE|100.000
911484ff-1193-42af-9661-d0143c6c738d,2026-03-25,2026-03,Pago FC Aysa C. Pellegrini 887,256659.0,,Transferencia Bancaria,Estimado,matriz_historica,revisar,c79a1013-b175-4b93-ba18-e69908201cee,2c118e4e-3848-4b55-8b25-ac23a8846c7f,Gasto sin comprobante,,ARS,f,"Falta: empresa, subrubro, centro_costo, tipo_egreso | Requiere revisión manual para gestión.",20260325|NETSHARING SA|GASTO SIN COMPROBANTE|256.659
1a892d20-af70-434d-a20c-5e1ad7b695b6,2026-03-25,2026-03,Pago FC Naturgy: Capitan Sarmiento - Local,13456.1,,Transferencia Bancaria,Estimado,matriz_historica,revisar,c79a1013-b175-4b93-ba18-e69908201cee,ae87331f-e6ad-4dc6-ac13-8affd74e6018,Gasto sin comprobante,,ARS,f,"Falta: empresa, subrubro, centro_costo, tipo_egreso | Requiere revisión manual para gestión.",20260325|CAPITAL ASSISTANCE SA|GASTO SIN COMPROBANTE|13.456
c958e264-9568-496a-9a4d-fec695b06c16,2026-03-25,2026-03,Rep. FF Raul Acevedo,150000.0,,Efectivo,Estimado,matriz_historica,revisar,bb1c15ed-e9c2-4d30-a2b8-851a5f97297b,8160b26b-70a5-45df-b09f-98f2365f7b61,Gasto sin comprobante,,ARS,f,"Falta: empresa, subrubro, centro_costo, tipo_egreso | Abrir por comprobantes: combustible/viáticos OPEX; herramientas/materiales CAPEX.",20260325|FIBER UP SA|GASTO SIN COMPROBANTE|150.000
6520cbb6-d789-4713-b417-54236167002d,2026-03-25,2026-03,Declaración Jurada IIBB: 02/2026 (estimado),31410.0,,Transferencia Bancaria,Estimado,matriz_historica,revisar,57f782a8-a815-4e51-b69b-9a2f5d619ca0,0a184561-fd10-43ac-9fab-2d691a0ab10a,Gasto sin comprobante,,ARS,f,"Falta: empresa, subrubro, centro_costo, tipo_egreso | Requiere revisión manual para gestión.",20260325|PERMAWE SRL|GASTO SIN COMPROBANTE|31.410
4157ce0b-d9d9-4ec6-aff0-e9e0cb6ca0c7,2026-03-25,2026-03,Destin SA - Echeq 03 - 04,1229775.93,,ECHEQ,Estimado,matriz_historica,revisar,b15301ef-1ff7-4a06-9463-6486f2c5fe57,00973821-e775-4164-8183-22f645d4aad6,Gasto sin comprobante,,ARS,f,"Falta: empresa, subrubro, centro_costo, tipo_egreso | Requiere revisión manual para gestión.",20260325|AI BLOCK TECHNOLOGIES SRL|GASTO SIN COMPROBANTE|1.229.776
8498efd6-25e0-4272-b3cd-c0b40b6fe606,2026-03-25,2026-03,Rep. FF Maximiliano Bernardis - (Estimado),350000.0,,Efectivo,Estimado,matriz_historica,revisar,bb1c15ed-e9c2-4d30-a2b8-851a5f97297b,2d1f2a4e-e4f8-4327-9230-7ee2cc10e352,Gasto sin comprobante,,ARS,f,"Falta: empresa, subrubro, centro_costo, tipo_egreso | Abrir por comprobantes: combustible/viáticos OPEX; herramientas/materiales CAPEX.",20260325|ARGENGRAFT SRL|GASTO SIN COMPROBANTE|350.000
dc0d9e1c-4985-40eb-be23-3c96936ee885,2026-03-25,2026-03,Rep. FF Sergio Araujo - (Estimado),250000.0,,Efectivo,Estimado,matriz_historica,revisar,bb1c15ed-e9c2-4d30-a2b8-851a5f97297b,2d1f2a4e-e4f8-4327-9230-7ee2cc10e352,Gasto sin comprobante,,ARS,f,"Falta: empresa, subrubro, centro_costo, tipo_egreso | Abrir por comprobantes: combustible/viáticos OPEX; herramientas/materiales CAPEX.",20260325|ARGENGRAFT SRL|GASTO SIN COMPROBANTE|250.000
21f7d73e-edf2-4c68-81b0-0bd652b59c25,2026-03-25,2026-03,Abono: Postes Edea,136763.1,,Transferencia Bancaria,Estimado,matriz_historica,revisar,2f73bc60-4eb7-48f6-a0da-57197bcf63bf,8160b26b-70a5-45df-b09f-98f2365f7b61,Gasto sin comprobante,,ARS,f,"Falta: empresa, subrubro, centro_costo, tipo_egreso | Requiere revisión manual para gestión.",20260325|FIBER UP SA|GASTO SIN COMPROBANTE|136.763
1ce20809-b507-49ad-98ef-1d2823a0d301,2026-03-25,2026-03,Pago Factura Cogent- Abono Mensual,325308.0,,Transferencia Bancaria,Estimado,matriz_historica,revisar,ae0132e4-b3ec-4a9c-be89-84129a7b55c6,2c118e4e-3848-4b55-8b25-ac23a8846c7f,Gasto sin comprobante,,ARS,f,"Falta: empresa, subrubro, centro_costo, tipo_egreso | Requiere revisión manual para gestión.",20260325|NETSHARING SA|GASTO SIN COMPROBANTE|325.308
96308b6c-cbfa-4718-a810-b661578120c4,2026-03-25,2026-03,Instalaciones - Antonio / Semana 16/03 - 21/03,720000.0,,Efectivo,Estimado,matriz_historica,revisar,8ac1dd5b-a9a7-4236-ae0d-85fa08133eaa,2c118e4e-3848-4b55-8b25-ac23a8846c7f,Gasto sin comprobante,,ARS,f,"Falta: empresa, subrubro, centro_costo, tipo_egreso | Requiere revisión manual para gestión.",20260325|NETSHARING SA|GASTO SIN COMPROBANTE|720.000
c653023e-81d6-488f-bf36-a7cc69d9f757,2026-03-25,2026-03,Instalaciones - Gonzalo / Semana 16/03 - 21/03,648000.0,,Efectivo,Estimado,matriz_historica,revisar,8ac1dd5b-a9a7-4236-ae0d-85fa08133eaa,2c118e4e-3848-4b55-8b25-ac23a8846c7f,Gasto sin comprobante,,ARS,f,"Falta: empresa, subrubro, centro_costo, tipo_egreso | Requiere revisión manual para gestión.",20260325|NETSHARING SA|GASTO SIN COMPROBANTE|648.000
79099024-9d2d-41da-aa53-74bb86d42012,2026-03-25,2026-03,Instalaciones - José / Semana 16/03 - 21/03,872640.0,,Efectivo,Estimado,matriz_historica,revisar,8ac1dd5b-a9a7-4236-ae0d-85fa08133eaa,2c118e4e-3848-4b55-8b25-ac23a8846c7f,Gasto sin comprobante,,ARS,f,"Falta: empresa, subrubro, centro_costo, tipo_egreso | Requiere revisión manual para gestión.",20260325|NETSHARING SA|GASTO SIN COMPROBANTE|872.640
a3b3c30b-7e18-45a1-b799-c57408a33a5e,2026-03-25,2026-03,Instalaciones - Maximiliano / Semana 16/03 - 21/03,720000.0,,Efectivo,Estimado,matriz_historica,revisar,8ac1dd5b-a9a7-4236-ae0d-85fa08133eaa,2c118e4e-3848-4b55-8b25-ac23a8846c7f,Gasto sin comprobante,,ARS,f,"Falta: empresa, subrubro, centro_costo, tipo_egreso | Requiere revisión manual para gestión.",20260325|NETSHARING SA|GASTO SIN COMPROBANTE|720.000
864ad787-5d83-493d-b3d4-bfdb9a50f628,2026-03-25,2026-03,Retiro de ONU - Reconexión de ONU,42000.0,,Efectivo,Estimado,matriz_historica,revisar,8ac1dd5b-a9a7-4236-ae0d-85fa08133eaa,2c118e4e-3848-4b55-8b25-ac23a8846c7f,Gasto sin comprobante,,ARS,f,"Falta: empresa, subrubro, centro_costo, tipo_egreso | Regla definida: herramientas y materiales se clasifican como CAPEX.",20260325|NETSHARING SA|GASTO SIN COMPROBANTE|42.000
10eb18aa-5150-4025-924c-f644da715c54,2026-03-25,2026-03,Com. Ventas 02/2026 - Ignacio Rodriguez,825000.0,,Efectivo,Estimado,matriz_historica,revisar,6f678363-205a-4081-ae32-2d2a8999f5e2,2c118e4e-3848-4b55-8b25-ac23a8846c7f,Gasto sin comprobante,,ARS,f,"Falta: empresa, subrubro, centro_costo, tipo_egreso | Requiere revisión manual para gestión.",20260325|NETSHARING SA|GASTO SIN COMPROBANTE|825.000
a5ad034a-36cb-43c2-a191-86ca9b27dd12,2026-03-25,2026-03,Com. Ventas semanales Almirante Brown,50000.0,,Efectivo,Estimado,matriz_historica,revisar,6f678363-205a-4081-ae32-2d2a8999f5e2,2c118e4e-3848-4b55-8b25-ac23a8846c7f,Gasto sin comprobante,,ARS,f,"Falta: empresa, subrubro, centro_costo, tipo_egreso | Requiere revisión manual para gestión.",20260325|NETSHARING SA|GASTO SIN COMPROBANTE|50.000
92c7dc6d-2046-46e5-9878-c65d03c04afa,2026-03-25,2026-03,Bidones de Agua: Reggieri SA - CABA (estimado),50000.0,,Transferencia Bancaria,Estimado,matriz_historica,revisar,d7502a66-86b0-4d59-a5bd-96cf2e1ea382,2c118e4e-3848-4b55-8b25-ac23a8846c7f,Gasto sin comprobante,,ARS,f,"Falta: empresa, subrubro, centro_costo, tipo_egreso | Requiere revisión manual para gestión.",20260325|NETSHARING SA|GASTO SIN COMPROBANTE|50.000
64d5c4b2-bf9f-484f-82a6-48c006311653,2026-03-25,2026-03,Declaración Jurada IVA: 02/2026 - ( estimado ),30000.0,,Transferencia Bancaria,Estimado,matriz_historica,revisar,57f782a8-a815-4e51-b69b-9a2f5d619ca0,d5d2b619-687e-46f2-b516-f2b3ac4d0301,Gasto sin comprobante,,ARS,f,"Falta: empresa, subrubro, centro_costo, tipo_egreso | Requiere revisión manual para gestión.",20260325|ZELED SA|GASTO SIN COMPROBANTE|30.000
85495c94-4ab6-4be5-a1e5-ca0fe532c356,2026-03-26,2026-03,IPCalls - Echeq 03 - 04,1040549.98,,ECHEQ,Estimado,matriz_historica,revisar,b15301ef-1ff7-4a06-9463-6486f2c5fe57,00973821-e775-4164-8183-22f645d4aad6,Gasto sin comprobante,,ARS,f,"Falta: empresa, subrubro, centro_costo, tipo_egreso | Requiere revisión manual para gestión.",20260326|AI BLOCK TECHNOLOGIES SRL|GASTO SIN COMPROBANTE|1.040.550
d6fef32d-c908-437a-b1b4-e14e7de193db,2026-03-26,2026-03,Pago Factura DGO - 02/2026,336832.0,,Transferencia Bancaria,Estimado,matriz_historica,revisar,8fab1038-e87a-4a71-8403-cea5ade439a2,2c118e4e-3848-4b55-8b25-ac23a8846c7f,Gasto sin comprobante,,ARS,f,"Falta: empresa, subrubro, centro_costo, tipo_egreso | Requiere revisión manual para gestión.",20260326|NETSHARING SA|GASTO SIN COMPROBANTE|336.832
1d82a937-df02-446e-84ad-1724ee5e6c9c,2026-03-26,2026-03,Pago Factura abono: Movistar,159754.43,,Transferencia Bancaria,Estimado,matriz_historica,revisar,c79a1013-b175-4b93-ba18-e69908201cee,2c118e4e-3848-4b55-8b25-ac23a8846c7f,Gasto sin comprobante,,ARS,f,"Falta: empresa, subrubro, centro_costo, tipo_egreso | Requiere revisión manual para gestión.",20260326|NETSHARING SA|GASTO SIN COMPROBANTE|159.754
9718fcfc-5d30-4aec-8965-39c138a4343d,2026-03-26,2026-03,Declaración Jurada IVA: 02/2026 (estimado),101341.64,,Transferencia Bancaria,Estimado,matriz_historica,revisar,57f782a8-a815-4e51-b69b-9a2f5d619ca0,0a184561-fd10-43ac-9fab-2d691a0ab10a,Gasto sin comprobante,,ARS,f,"Falta: empresa, subrubro, centro_costo, tipo_egreso | Requiere revisión manual para gestión.",20260326|PERMAWE SRL|GASTO SIN COMPROBANTE|101.342
5cdc4525-1e4e-4a71-be6d-c9a75bcd20cf,2026-03-26,2026-03,Declaración Jurada IVA: 02/2026 (estimado),180000.0,,Transferencia Bancaria,Estimado,matriz_historica,revisar,57f782a8-a815-4e51-b69b-9a2f5d619ca0,412f3f61-3312-4bb0-ae19-e3b789145d6c,Gasto sin comprobante,,ARS,f,"Falta: empresa, subrubro, centro_costo, tipo_egreso | Requiere revisión manual para gestión.",20260326|TOOLS SOLUTION SA|GASTO SIN COMPROBANTE|180.000
21becdac-102a-46f0-9c2e-1f82be8f553d,2026-03-26,2026-03,Gastos Certificación Balances 2024 y 2025,750000.0,,Transferencia Bancaria,Estimado,matriz_historica,revisar,7d540775-8719-4ead-991c-9055dd764fef,d5d2b619-687e-46f2-b516-f2b3ac4d0301,Gasto sin comprobante,,ARS,f,"Falta: empresa, subrubro, centro_costo, tipo_egreso | Requiere revisión manual para gestión.",20260326|ZELED SA|GASTO SIN COMPROBANTE|750.000
d95330ec-9814-44fb-b446-a9a1cdb3ca2f,2026-03-27,2026-03,Facturas De las Misiones - Compra de Postes,62000000.0,,Transferencia Bancaria,Estimado,matriz_historica,revisar,7be2795b-7559-4c69-a6e2-dc28e638ffa1,00973821-e775-4164-8183-22f645d4aad6,Gasto sin comprobante,,ARS,f,"Falta: empresa, subrubro, centro_costo, tipo_egreso | Requiere revisión manual para gestión.",20260327|AI BLOCK TECHNOLOGIES SRL|GASTO SIN COMPROBANTE|62.000.000
26918d67-122f-4043-9a77-7326dc0c2f14,2026-03-27,2026-03,Pago Patente AH-163-LR,93645.0,,Transferencia Bancaria,Estimado,matriz_historica,revisar,f457200b-42b2-4dd7-8d1e-7912fd4592e3,ae87331f-e6ad-4dc6-ac13-8affd74e6018,Gasto sin comprobante,,ARS,f,"Falta: empresa, subrubro, centro_costo, tipo_egreso | Requiere revisión manual para gestión.",20260327|CAPITAL ASSISTANCE SA|GASTO SIN COMPROBANTE|93.645
76507a09-5f2d-4da3-b88c-00b113185cbd,2026-03-30,2026-03,Pago FC Edesur Varela,283307.31,,Transferencia Bancaria,Estimado,matriz_historica,revisar,c79a1013-b175-4b93-ba18-e69908201cee,2c118e4e-3848-4b55-8b25-ac23a8846c7f,Gasto sin comprobante,,ARS,f,"Falta: empresa, subrubro, centro_costo, tipo_egreso | Requiere revisión manual para gestión.",20260330|NETSHARING SA|GASTO SIN COMPROBANTE|283.307
fd094836-8a24-4e0e-b4e6-c5a30748ad42,2026-03-30,2026-03,Lavadero de Autos - Capitan Sarmiento,22000.0,,Efectivo,Estimado,matriz_historica,revisar,f457200b-42b2-4dd7-8d1e-7912fd4592e3,2c118e4e-3848-4b55-8b25-ac23a8846c7f,Gasto sin comprobante,,ARS,f,"Falta: empresa, subrubro, centro_costo, tipo_egreso | Requiere revisión manual para gestión.",20260330|NETSHARING SA|GASTO SIN COMPROBANTE|22.000
d210190a-6de2-4a34-a6d5-92dcf596aac3,2026-03-31,2026-03,Honorarios Estudio Contable - Ai Block Technologies 01/2026,112500.0,,Efectivo,Estimado,matriz_historica,revisar,7d540775-8719-4ead-991c-9055dd764fef,00973821-e775-4164-8183-22f645d4aad6,Gasto sin comprobante,,ARS,f,"Falta: empresa, subrubro, centro_costo, tipo_egreso | Requiere revisión manual para gestión.",20260331|AI BLOCK TECHNOLOGIES SRL|GASTO SIN COMPROBANTE|112.500
3f300963-d9bd-44ed-aa9b-3a1fadc6e5ba,2026-03-31,2026-03,Honorarios Estudio Contable - Akai SA 01/2026,112500.0,,Efectivo,Estimado,matriz_historica,revisar,7d540775-8719-4ead-991c-9055dd764fef,5d1b320a-cfc6-491b-bccf-cb4ee397b256,Gasto sin comprobante,,ARS,f,"Falta: empresa, subrubro, centro_costo, tipo_egreso | Requiere revisión manual para gestión.",20260331|AKAI SA|GASTO SIN COMPROBANTE|112.500
f85cf609-00f6-488d-9cce-6ff33967cc00,2026-03-31,2026-03,Rep. FF Maximiliano Bernardis - (Estimado),250000.0,,Efectivo,Estimado,matriz_historica,revisar,bb1c15ed-e9c2-4d30-a2b8-851a5f97297b,2d1f2a4e-e4f8-4327-9230-7ee2cc10e352,Gasto sin comprobante,,ARS,f,"Falta: empresa, subrubro, centro_costo, tipo_egreso | Abrir por comprobantes: combustible/viáticos OPEX; herramientas/materiales CAPEX.",20260331|ARGENGRAFT SRL|GASTO SIN COMPROBANTE|250.000
a48d3ae7-4caf-4c30-9100-731f37e57a68,2026-03-31,2026-03,Rep. FF Sergio Araujo - (Estimado),150000.0,,Efectivo,Estimado,matriz_historica,revisar,bb1c15ed-e9c2-4d30-a2b8-851a5f97297b,2d1f2a4e-e4f8-4327-9230-7ee2cc10e352,Gasto sin comprobante,,ARS,f,"Falta: empresa, subrubro, centro_costo, tipo_egreso | Abrir por comprobantes: combustible/viáticos OPEX; herramientas/materiales CAPEX.",20260331|ARGENGRAFT SRL|GASTO SIN COMPROBANTE|150.000
17631439-a128-4f1d-8082-d44098a7e67c,2026-03-31,2026-03,Honorarios Estudio Contable - Argengraft SRL 02/2026,468700.0,,Efectivo,Estimado,matriz_historica,revisar,7d540775-8719-4ead-991c-9055dd764fef,2d1f2a4e-e4f8-4327-9230-7ee2cc10e352,Gasto sin comprobante,,ARS,f,"Falta: empresa, subrubro, centro_costo, tipo_egreso | Requiere revisión manual para gestión.",20260331|ARGENGRAFT SRL|GASTO SIN COMPROBANTE|468.700
c40d806f-8ab7-4af5-b9c4-691f59d0161c,2026-03-31,2026-03,Honorarios Estudio Contable - Capital Assistance SA 02/2026,468700.0,,Efectivo,Estimado,matriz_historica,revisar,7d540775-8719-4ead-991c-9055dd764fef,ae87331f-e6ad-4dc6-ac13-8affd74e6018,Gasto sin comprobante,,ARS,f,"Falta: empresa, subrubro, centro_costo, tipo_egreso | Requiere revisión manual para gestión.",20260331|CAPITAL ASSISTANCE SA|GASTO SIN COMPROBANTE|468.700
ff6ada95-d64d-4a86-8dab-a7e1953c9ee6,2026-03-31,2026-03,Honorarios Estudio Contable - Enveco SRL 02/2026,225000.0,,Efectivo,Estimado,matriz_historica,revisar,7d540775-8719-4ead-991c-9055dd764fef,67fac871-99ff-4c10-8001-fe2a398c1763,Gasto sin comprobante,,ARS,f,"Falta: empresa, subrubro, centro_costo, tipo_egreso | Requiere revisión manual para gestión.",20260331|ENVECO SRL|GASTO SIN COMPROBANTE|225.000
c1afb040-baaf-4ff1-b0da-2a03de2e9a22,2026-03-31,2026-03,Honorarios Estudio Contable - Fiber Up SA 01/2026,117000.0,,Efectivo,Estimado,matriz_historica,revisar,7d540775-8719-4ead-991c-9055dd764fef,8160b26b-70a5-45df-b09f-98f2365f7b61,Gasto sin comprobante,,ARS,f,"Falta: empresa, subrubro, centro_costo, tipo_egreso | Requiere revisión manual para gestión.",20260331|FIBER UP SA|GASTO SIN COMPROBANTE|117.000
cecc0e82-c2d8-4aec-90a3-8a114fa546d9,2026-03-31,2026-03,Honorarios Estudio Contable - La Expresión SRL 02/2026,112500.0,,Efectivo,Estimado,matriz_historica,revisar,7d540775-8719-4ead-991c-9055dd764fef,d3df491b-f0f2-4b79-a73f-36fda5f2bba7,Gasto sin comprobante,,ARS,f,"Falta: empresa, subrubro, centro_costo, tipo_egreso | Requiere revisión manual para gestión.",20260331|LA EXPRESION SRL|GASTO SIN COMPROBANTE|112.500
7a7e4290-49ef-4a09-9f2d-0eb59b7c5d09,2026-03-31,2026-03,Honorarios Estudio Contable - LSJ SRL 02/2026,112500.0,,Efectivo,Estimado,matriz_historica,revisar,7d540775-8719-4ead-991c-9055dd764fef,d8bc0e6a-dee3-49cc-ab4a-6841af77c205,Gasto sin comprobante,,ARS,f,"Falta: empresa, subrubro, centro_costo, tipo_egreso | Requiere revisión manual para gestión.",20260331|LSJ SRL|GASTO SIN COMPROBANTE|112.500
19e1d06c-1b12-4374-954f-84b5be33e4c8,2026-03-31,2026-03,Honorarios Estudio Contable - Mora Cero SA 02/2026,281200.0,,Efectivo,Estimado,matriz_historica,revisar,7d540775-8719-4ead-991c-9055dd764fef,a3831295-0538-40ff-b912-e8cc361d16fc,Gasto sin comprobante,,ARS,f,"Falta: empresa, subrubro, centro_costo, tipo_egreso | Requiere revisión manual para gestión.",20260331|MORA CERO SA|GASTO SIN COMPROBANTE|281.200
1f2a224f-9704-4f66-83ce-3748ff0b0e1c,2026-03-31,2026-03,Comisión Mercado Pago - Cobranzas ID - Marzo 2026 (estimado),4000000.0,,Débito Automático,Estimado,matriz_historica,revisar,ae2a7b81-b5a3-408d-9f55-126c962deeab,2c118e4e-3848-4b55-8b25-ac23a8846c7f,Gasto sin comprobante,,ARS,f,"Falta: empresa, subrubro, centro_costo, tipo_egreso | Requiere revisión manual para gestión.",20260331|NETSHARING SA|GASTO SIN COMPROBANTE|4.000.000
4e0d0495-99aa-4716-8988-c8bebd8452f5,2026-03-31,2026-03,Comisión Pago Fácil - Cobranzas ID - Marzo 2026 (estimado),300000.0,,Débito Automático,Estimado,matriz_historica,revisar,e993d972-cd5a-448c-b9a5-92781f62186c,2c118e4e-3848-4b55-8b25-ac23a8846c7f,Gasto sin comprobante,,ARS,f,"Falta: empresa, subrubro, centro_costo, tipo_egreso | Requiere revisión manual para gestión.",20260331|NETSHARING SA|GASTO SIN COMPROBANTE|300.000
34543031-a874-4806-bcec-6db5c3571363,2026-03-31,2026-03,Comisión Mercado Pago - Cobranzas ID - Marzo 2026 (estimado),4000.0,,Débito Automático,Estimado,matriz_historica,revisar,45e7954d-60f2-4a28-95d7-e93dbaa300e2,2c118e4e-3848-4b55-8b25-ac23a8846c7f,Gasto sin comprobante,,ARS,f,"Falta: empresa, subrubro, centro_costo, tipo_egreso | Requiere revisión manual para gestión.",20260331|NETSHARING SA|GASTO SIN COMPROBANTE|4.000
264268ca-43c7-416d-967f-79aad0812fc5,2026-03-31,2026-03,Instalaciones - Antonio / Semana 23/03 - 27/03,720000.0,,Efectivo,Estimado,matriz_historica,revisar,8ac1dd5b-a9a7-4236-ae0d-85fa08133eaa,2c118e4e-3848-4b55-8b25-ac23a8846c7f,Gasto sin comprobante,,ARS,f,"Falta: empresa, subrubro, centro_costo, tipo_egreso | Requiere revisión manual para gestión.",20260331|NETSHARING SA|GASTO SIN COMPROBANTE|720.000
3db66f76-9c63-4abb-a308-e2c1703ab13d,2026-03-31,2026-03,Instalaciones - Gonzalo / Semana 23/03 - 27/03,648000.0,,Efectivo,Estimado,matriz_historica,revisar,8ac1dd5b-a9a7-4236-ae0d-85fa08133eaa,2c118e4e-3848-4b55-8b25-ac23a8846c7f,Gasto sin comprobante,,ARS,f,"Falta: empresa, subrubro, centro_costo, tipo_egreso | Requiere revisión manual para gestión.",20260331|NETSHARING SA|GASTO SIN COMPROBANTE|648.000
7493dd23-48eb-46dc-8889-4619cb8d0321,2026-03-31,2026-03,Instalaciones - José / Semana 23/03 - 27/03,872640.0,,Efectivo,Estimado,matriz_historica,revisar,8ac1dd5b-a9a7-4236-ae0d-85fa08133eaa,2c118e4e-3848-4b55-8b25-ac23a8846c7f,Gasto sin comprobante,,ARS,f,"Falta: empresa, subrubro, centro_costo, tipo_egreso | Requiere revisión manual para gestión.",20260331|NETSHARING SA|GASTO SIN COMPROBANTE|872640.00
9766f891-5034-422d-b697-7affa1dfe56e,2026-03-31,2026-03,Instalaciones - Maximiliano / Semana 23/03 - 27/03,720000.0,,Efectivo,Estimado,matriz_historica,revisar,8ac1dd5b-a9a7-4236-ae0d-85fa08133eaa,2c118e4e-3848-4b55-8b25-ac23a8846c7f,Gasto sin comprobante,,ARS,f,"Falta: empresa, subrubro, centro_costo, tipo_egreso | Requiere revisión manual para gestión.",20260331|NETSHARING SA|GASTO SIN COMPROBANTE|720.000
2d2bf719-f204-4b00-bd1c-5601f24b885e,2026-03-31,2026-03,Com. Ventas semanales Almirante Brown,50000.0,,Efectivo,Estimado,matriz_historica,revisar,6f678363-205a-4081-ae32-2d2a8999f5e2,2c118e4e-3848-4b55-8b25-ac23a8846c7f,Gasto sin comprobante,,ARS,f,"Falta: empresa, subrubro, centro_costo, tipo_egreso | Requiere revisión manual para gestión.",20260331|NETSHARING SA|GASTO SIN COMPROBANTE|50.000
f433963b-f821-47b3-8c8a-023805a77ac7,2026-03-31,2026-03,Pago Mano de Obra - Etapa I,8000000.0,,Efectivo,Estimado,matriz_historica,revisar,e3df9d7b-9370-44e2-82e3-381be887ef77,2c118e4e-3848-4b55-8b25-ac23a8846c7f,Gasto sin comprobante,,ARS,f,"Falta: empresa, subrubro, centro_costo, tipo_egreso | Requiere revisión manual para gestión.",20260331|NETSHARING SA|GASTO SIN COMPROBANTE|8.000.000
f5a1c193-fd71-4474-86ca-7d95bec01d58,2026-03-31,2026-03,Honorarios Estudio Contable - Netsharing SA 03/2026,281200.0,,Efectivo,Estimado,matriz_historica,revisar,7d540775-8719-4ead-991c-9055dd764fef,2c118e4e-3848-4b55-8b25-ac23a8846c7f,Gasto sin comprobante,,ARS,f,"Falta: empresa, subrubro, centro_costo, tipo_egreso | Requiere revisión manual para gestión.",20260331|NETSHARING SA|GASTO SIN COMPROBANTE|281.200
c72c620c-76c8-45e6-b4a7-e3e4b94b88be,2026-03-31,2026-03,Honorarios Estudio Contable - Permawe SRL 02/2026,112500.0,,Efectivo,Estimado,matriz_historica,revisar,7d540775-8719-4ead-991c-9055dd764fef,0a184561-fd10-43ac-9fab-2d691a0ab10a,Gasto sin comprobante,,ARS,f,"Falta: empresa, subrubro, centro_costo, tipo_egreso | Requiere revisión manual para gestión.",20260331|PERMAWE SRL|GASTO SIN COMPROBANTE|112.500
d2ef0400-80c1-43fa-b283-3ccb0d3a273d,2026-03-31,2026-03,Honorarios Estudio Contable - Sinapsis Connect SRL 02/2026,112500.0,,Efectivo,Estimado,matriz_historica,revisar,7d540775-8719-4ead-991c-9055dd764fef,ca6aa897-f6de-4ef0-aaaf-03b48d6707b4,Gasto sin comprobante,,ARS,f,"Falta: empresa, subrubro, centro_costo, tipo_egreso | Requiere revisión manual para gestión.",20260331|SINAPSIS CONNECT SRL|GASTO SIN COMPROBANTE|112.500
1c4c5591-b532-4d2d-8b9b-e2601d8201d4,2026-03-31,2026-03,Honorarios Estudio Contable - Sindel Group SRL 02/2026,112500.0,,Efectivo,Estimado,matriz_historica,revisar,7d540775-8719-4ead-991c-9055dd764fef,169b39f8-5b5d-4ca9-8480-43acc4095b49,Gasto sin comprobante,,ARS,f,"Falta: empresa, subrubro, centro_costo, tipo_egreso | Requiere revisión manual para gestión.",20260331|SINDEL GROUP SRL|GASTO SIN COMPROBANTE|112.500
946357a0-514f-485a-ac1e-66d001dfda73,2026-03-31,2026-03,Honorarios Estudio Contable - Tools Solution SA 01/2026,281200.0,,Efectivo,Estimado,matriz_historica,revisar,7d540775-8719-4ead-991c-9055dd764fef,412f3f61-3312-4bb0-ae19-e3b789145d6c,Gasto sin comprobante,,ARS,f,"Falta: empresa, subrubro, centro_costo, tipo_egreso | Requiere revisión manual para gestión.",20260331|TOOLS SOLUTION SA|GASTO SIN COMPROBANTE|281.200
3971ecef-d9a6-465b-a7d7-00cd2e5cb232,2026-03-31,2026-03,Honorarios Estudio Contable -Zeled SA 02/2026,150000.0,,Efectivo,Estimado,matriz_historica,revisar,7d540775-8719-4ead-991c-9055dd764fef,d5d2b619-687e-46f2-b516-f2b3ac4d0301,Gasto sin comprobante,,ARS,f,"Falta: empresa, subrubro, centro_costo, tipo_egreso | Requiere revisión manual para gestión.",20260331|ZELED SA|GASTO SIN COMPROBANTE|150.000
